date, pm10, o3, no2, so2
2025/11/1, 11, 28, 6, 
2025/11/2, 12, 31, 6, 1
2025/11/3, 13, 32, 7, 1
2025/11/4, 11, 26, 6, 
2025/11/5, 8, 31, 4, 1
2025/11/6, 14, 31, 8, 1
2025/11/7, 14, 23, 7, 1
2025/11/8, 6, 27, 6, 1
2025/11/9, 9, 33, 8, 1
2025/11/10, 10, 34, 8, 1
2025/11/11, 13, 28, 10, 1
2025/11/12, 14, 20, 9, 1
2025/11/13, 23, , , 
2025/10/1, 13, 38, 7, 1
2025/10/2, 14, 38, 8, 1
2025/10/3, 15, 41, 8, 1
2025/10/4, 13, 28, 5, 
2025/10/5, 19, 32, 5, 1
2025/10/6, 15, 33, 7, 1
2025/10/7, 15, 31, 8, 1
2025/10/8, 12, 29, 7, 1
2025/10/9, 15, 27, 4, 1
2025/10/10, 14, 26, 8, 1
2025/10/11, 9, 29, 5, 1
2025/10/12, 10, 24, 8, 1
2025/10/13, 13, 27, 7, 1
2025/10/14, 15, 23, 7, 1
2025/10/15, 19, 33, 7, 1
2025/10/16, 15, 35, 8, 1
2025/10/17, 14, 34, 7, 1
2025/10/18, 10, 36, 5, 1
2025/10/19, 8, 40, 2, 1
2025/10/20, 16, 33, 5, 1
2025/10/21, 16, 23, 4, 1
2025/10/22, 18, 28, 2, 
2025/10/23, 25, 38, 7, 1
2025/10/24, 18, 29, 8, 1
2025/10/25, 15, 21, 5, 
2025/10/26, 7, 31, 7, 1
2025/10/27, 8, 27, 9, 1
2025/10/28, 8, 31, 9, 1
2025/10/29, 11, 23, 9, 
2025/10/30, 17, 34, 6, 
2025/10/31, 12, 33, 5, 
2025/7/1, 23, , 7, 1
2025/7/2, 13, , 12, 1
2025/7/3, 15, , , 
2025/7/7, 15, , 3, 1
2025/7/8, 18, , 2, 1
2025/7/9, 11, , 5, 1
2025/7/10, 11, , , 
2025/7/30, 11, 36, 5, 1
2025/7/31, 13, 32, 5, 1
2025/8/1, 10, , , 
2025/8/4, 12, 38, , 1
2025/8/5, 7, 45, 8, 1
2025/8/6, 25, 39, 8, 1
2025/8/7, 21, 42, 9, 1
2025/8/8, 25, 35, 6, 1
2025/8/9, 16, 40, 4, 
2025/8/10, 12, 37, 4, 
2025/8/11, 15, 38, 6, 
2025/8/12, 17, 38, 7, 
2025/8/13, 21, 41, 8, 
2025/8/14, 27, 43, 6, 
2025/8/15, 22, 44, 9, 
2025/8/16, 23, 41, 8, 
2025/8/17, 24, 37, 7, 
2025/8/18, 24, 37, 7, 
2025/8/19, 23, 34, 6, 
2025/8/20, 26, 37, 4, 
2025/8/21, 16, 38, 8, 
2025/8/22, 18, , , 
2025/8/25, 20, 39, 11, 
2025/8/26, 26, 40, 3, 
2025/8/27, 48, 36, 1, 
2025/8/28, 39, 33, 2, 
2025/8/29, 22, 41, 6, 
2025/8/30, 20, 35, 7, 
2025/8/31, 18, 24, 9, 
2025/9/1, 23, 35, 3, 1
2025/9/2, 15, 32, 10, 1
2025/9/3, 14, 12, 13, 1
2025/9/4, 24, , , 
2025/9/8, 22, 16, 6, 
2025/9/9, 14, 32, 6, 
2025/9/10, 13, 17, 8, 
2025/9/11, 14, 17, 7, 1
2025/9/12, 9, 11, 11, 
2025/9/13, 11, 9, 7, 
2025/9/14, 10, 13, 10, 
2025/9/15, 9, 25, 9, 
2025/9/16, 12, 14, 9, 
2025/9/17, 12, 29, 4, 
2025/9/18, 11, 20, 6, 
2025/9/19, 12, 19, 6, 
2025/9/20, 13, 28, 4, 
2025/9/21, 13, 30, 3, 
2025/9/22, 11, 22, 5, 
2025/9/23, 9, 19, 8, 
2025/9/24, 9, 17, 7, 1
2025/9/25, 9, 16, 3, 1
2025/9/26, 7, , , 
2025/9/29, 14, 26, 5, 
2025/9/30, 9, 8, 11, 1
2025/4/1, 15, , 6, 2
2025/4/2, 13, , 5, 2
2025/4/3, 15, , 1, 
2025/4/4, 26, , 2, 
2025/4/5, 22, , 9, 1
2025/4/6, 16, , 8, 1
2025/4/7, 13, , 11, 1
2025/4/8, 18, , 6, 1
2025/4/9, 18, , 5, 1
2025/4/10, 14, , 7, 1
2025/4/11, 15, , 5, 1
2025/4/12, 15, , 11, 1
2025/4/13, 20, , 4, 1
2025/4/14, 10, , 1, 1
2025/4/15, 23, , 3, 2
2025/4/16, 16, , 4, 3
2025/4/17, 14, , 11, 3
2025/4/18, 11, , , 
2025/4/20, 19, , 9, 1
2025/4/21, 14, , 9, 
2025/4/22, 12, , 1, 
2025/4/23, 8, , 8, 1
2025/4/24, 17, , 7, 1
2025/4/25, 14, , 4, 1
2025/4/26, 11, , 3, 1
2025/4/27, 6, , 8, 2
2025/4/28, 13, , 6, 1
2025/4/29, 11, , 4, 1
2025/4/30, 13, , 3, 1
2025/5/1, 20, , 5, 2
2025/5/2, 20, , , 
2025/5/5, 15, , 3, 2
2025/5/6, 10, , 5, 2
2025/5/7, 11, , 6, 2
2025/5/8, 10, , 6, 2
2025/5/9, 8, , 5, 2
2025/5/10, 11, , 1, 2
2025/5/11, 14, , 1, 3
2025/5/12, 12, , 3, 3
2025/5/13, 13, , 5, 1
2025/5/14, 9, , 6, 1
2025/5/15, 8, , 5, 1
2025/5/16, 12, , 7, 4
2025/5/17, 15, , 5, 1
2025/5/18, 11, , 9, 1
2025/5/19, 17, , 2, 
2025/5/20, 11, , 5, 
2025/5/21, 14, , 6, 
2025/5/22, 14, , 4, 
2025/5/23, 11, , 1, 
2025/5/24, 7, , , 
2025/5/28, 10, , 6, 
2025/5/29, 14, , 8, 1
2025/5/30, 14, , 6, 
2025/5/31, 14, , 7, 
2025/6/1, 10, , 7, 
2025/6/2, 21, , 3, 
2025/6/3, 17, , , 1
2025/6/4, 25, , 4, 
2025/6/5, 23, , 7, 
2025/6/6, 22, , 5, 
2025/6/7, 22, , , 
2025/6/9, 17, , 4, 1
2025/6/10, 20, , 10, 1
2025/6/11, 28, , 4, 1
2025/6/12, 33, , 9, 1
2025/6/13, 32, , 6, 1
2025/6/14, 31, , 7, 1
2025/6/15, 26, , 3, 
2025/6/16, 22, , , 
2025/6/17, 13, , , 
2025/6/20, 21, , 18, 1
2025/6/21, 24, , , 
2025/6/24, 40, , 6, 
2025/6/25, 26, , 3, 
2025/6/26, 21, , , 
2025/1/1, 16, 22, 9, 1
2025/1/2, 16, 26, 7, 1
2025/1/3, 19, 26, 8, 1
2025/1/4, 19, 35, 4, 
2025/1/5, 21, 32, 1, 
2025/1/6, 35, 31, 4, 1
2025/1/7, 10, 35, , 
2025/1/8, 21, 28, 2, 
2025/1/9, 21, 25, 4, 
2025/1/10, 17, 25, 5, 1
2025/1/11, 13, 26, 4, 1
2025/1/12, 20, 19, 11, 2
2025/1/13, 21, 22, 9, 2
2025/1/14, 17, 26, 11, 2
2025/1/15, 22, 22, 8, 2
2025/1/16, 13, 25, 6, 1
2025/1/17, 10, 24, 7, 2
2025/1/18, 17, 28, 5, 1
2025/1/19, 12, 35, 6, 1
2025/1/20, 14, 34, , 1
2025/1/21, 13, 26, 6, 1
2025/1/22, 44, 25, 7, 1
2025/1/23, 28, 23, 8, 
2025/1/24, 19, 29, 5, 
2025/1/25, 22, 31, 3, 
2025/1/26, 12, 29, 1, 
2025/1/27, 43, 32, 1, 1
2025/1/28, 17, 34, , 2
2025/1/29, 19, 30, 5, 1
2025/1/30, 29, 23, 9, 2
2025/1/31, 13, 21, 6, 2
2025/2/1, 9, 27, 4, 2
2025/2/2, 6, 12, 7, 2
2025/2/3, 12, 25, 11, 2
2025/2/4, 21, 33, 8, 2
2025/2/5, 16, 20, 11, 2
2025/2/6, 21, 37, 6, 2
2025/2/7, 13, 37, 5, 2
2025/2/8, 12, 31, 5, 3
2025/2/9, 12, 30, 8, 3
2025/2/10, 11, 33, 8, 3
2025/2/11, 15, 33, 8, 2
2025/2/12, 17, 25, 8, 1
2025/2/13, 15, 28, 7, 1
2025/2/14, 16, 28, 7, 1
2025/2/15, 14, 32, 6, 1
2025/2/16, 14, 34, 7, 1
2025/2/17, 18, 31, 9, 
2025/2/18, 17, 27, 8, 1
2025/2/19, 17, 30, 6, 
2025/2/20, 22, 32, 6, 1
2025/2/21, 19, 31, 6, 1
2025/2/22, 20, 25, 4, 1
2025/2/23, 20, 34, 6, 1
2025/2/24, 16, , , 
2025/2/26, 7, , , 
2025/2/28, 11, , , 
2025/3/4, 25, 30, 3, 1
2025/3/5, 20, 27, 4, 1
2025/3/6, 21, 27, 6, 1
2025/3/7, 12, 34, 5, 1
2025/3/8, 26, 39, , 1
2025/3/9, 23, 37, 2, 1
2025/3/10, 18, 39, 2, 1
2025/3/11, 18, , 3, 1
2025/3/12, 13, , 2, 2
2025/3/13, 13, , 5, 2
2025/3/14, 16, , 4, 2
2025/3/15, 6, , 4, 2
2025/3/16, 11, , 5, 2
2025/3/17, 10, , 3, 2
2025/3/18, 9, , 4, 1
2025/3/19, 21, , 3, 1
2025/3/20, 61, , 2, 1
2025/3/21, 116, , 2, 1
2025/3/22, 40, , , 
2025/3/25, 10, , 7, 1
2025/3/26, 11, , 13, 2
2025/3/27, 22, , 8, 2
2025/3/28, 16, , 3, 2
2025/3/29, 15, , 11, 3
2025/3/30, 16, , 6, 3
2025/3/31, 17, , 5, 2
2024/10/1, 10, 40, 1, 3
2024/10/2, 15, 33, 2, 4
2024/10/3, 14, 32, 7, 2
2024/10/4, 11, 34, 1, 1
2024/10/5, 10, 29, , 1
2024/10/6, 24, 35, 8, 1
2024/10/7, 20, 32, 2, 1
2024/10/8, 16, 33, , 
2024/10/9, 29, 29, 5, 1
2024/10/10, 11, 33, 8, 1
2024/10/11, 11, 32, 7, 1
2024/10/12, 9, 21, 5, 1
2024/10/13, 10, 30, 9, 1
2024/10/14, 21, 29, 8, 1
2024/10/15, 32, 28, 6, 1
2024/10/16, 46, 34, , 1
2024/10/17, 24, 29, 1, 1
2024/10/18, 10, 29, 9, 1
2024/10/19, 11, 30, 10, 2
2024/10/20, 12, 28, 9, 1
2024/10/21, 10, 23, 6, 1
2024/10/22, 7, 25, 7, 1
2024/10/23, 11, 29, 7, 1
2024/10/24, 14, 28, 7, 1
2024/10/25, 19, 30, 7, 1
2024/10/26, 15, 28, 5, 2
2024/10/27, 11, 27, 5, 1
2024/10/28, 10, 28, 2, 1
2024/10/29, 22, 25, 4, 1
2024/10/30, 71, 22, 4, 1
2024/10/31, 24, 24, 3, 1
2024/11/1, 15, 31, 7, 2
2024/11/2, 12, 26, 4, 2
2024/11/3, 27, 26, 4, 1
2024/11/4, 26, 30, 4, 1
2024/11/5, 28, 22, 6, 1
2024/11/6, 29, 22, 7, 1
2024/11/7, 16, 25, 6, 1
2024/11/8, 14, 28, 5, 1
2024/11/9, 13, 21, 5, 1
2024/11/10, 8, 14, 9, 2
2024/11/11, 8, 22, 4, 2
2024/11/12, 10, 22, 5, 2
2024/11/13, 9, 24, 6, 1
2024/11/14, 12, 24, 10, 1
2024/11/15, 18, 24, 7, 1
2024/11/16, 15, 28, 5, 1
2024/11/17, 24, 28, 6, 1
2024/11/18, 28, 29, 4, 2
2024/11/19, 27, 27, 2, 1
2024/11/20, 21, 26, , 1
2024/11/21, 16, 28, 1, 
2024/11/22, 21, , , 
2024/11/25, 45, 20, 6, 
2024/11/26, 32, 27, 6, 1
2024/11/27, 25, 26, 7, 1
2024/11/28, 18, 8, 11, 1
2024/11/29, 28, 29, , 
2024/11/30, 8, , , 
2024/12/2, 30, 9, 8, 
2024/12/3, 29, , , 
2024/12/5, 12, 22, 5, 
2024/12/6, 13, 31, 3, 
2024/12/7, 14, 31, , 1
2024/12/8, 12, 20, 4, 1
2024/12/9, 12, 13, 7, 1
2024/12/10, 9, 15, 8, 1
2024/12/11, 11, 22, 7, 1
2024/12/12, 10, 25, 10, 1
2024/12/13, 15, 25, 5, 1
2024/12/14, 13, 22, 4, 2
2024/12/15, 10, 25, 7, 2
2024/12/16, 20, 32, 7, 1
2024/12/17, 13, 30, 7, 1
2024/12/18, 15, 29, 3, 1
2024/12/19, 39, 27, 3, 1
2024/12/20, 14, 30, 6, 2
2024/12/21, 12, 30, , 1
2024/12/22, 9, 27, 7, 2
2024/12/23, 11, 27, 7, 3
2024/12/24, 14, , 7, 3
2024/12/25, 19, 22, 8, 2
2024/12/26, 13, 21, 11, 2
2024/12/27, 19, 27, 9, 
2024/12/28, 18, 30, 7, 
2024/12/29, 14, , , 
2024/7/1, 13, 22, 5, 1
2024/7/2, 11, 28, 5, 2
2024/7/3, 10, 25, 6, 2
2024/7/4, 11, 23, 6, 2
2024/7/5, 12, 23, 5, 2
2024/7/6, 10, 20, 1, 2
2024/7/7, 12, 22, 5, 2
2024/7/8, 11, 17, 8, 2
2024/7/9, 16, 17, 7, 2
2024/7/10, 19, 12, 4, 2
2024/7/11, 24, 14, 3, 1
2024/7/12, 32, 19, 3, 2
2024/7/13, 15, 19, 5, 1
2024/7/14, 12, 20, , 2
2024/7/15, 14, 9, 10, 2
2024/7/16, 20, , , 
2024/7/18, 16, , , 
2024/7/23, 25, , , 
2024/7/26, 19, , , 
2024/7/30, 20, 42, 10, 2
2024/7/31, 22, 36, 11, 2
2024/8/1, 20, 33, 11, 1
2024/8/2, 30, , , 
2024/8/5, 17, 9, 7, 1
2024/8/6, 18, 12, 10, 1
2024/8/7, 17, 35, 9, 1
2024/8/8, 24, 43, 9, 1
2024/8/9, 21, 44, 10, 
2024/8/10, 21, 37, 5, 
2024/8/11, 14, 31, 4, 1
2024/8/12, 20, 32, 6, 1
2024/8/13, 19, 37, 7, 
2024/8/14, 22, , , 
2024/8/19, 11, , , 
2024/8/23, 22, 32, 4, 2
2024/8/24, 19, 29, 4, 2
2024/8/25, 20, 28, 3, 1
2024/8/26, 15, , , 
2024/8/30, 15, 35, 8, 2
2024/8/31, 19, 38, 4, 2
2024/9/1, 18, 44, 1, 1
2024/9/2, 22, 36, 8, 1
2024/9/3, 17, 37, 6, 1
2024/9/4, 10, 33, 2, 1
2024/9/5, 7, 32, 9, 1
2024/9/6, 25, 38, 4, 1
2024/9/7, 30, 28, 3, 1
2024/9/8, 30, 33, 4, 1
2024/9/9, 12, 39, 3, 1
2024/9/10, 12, 38, 5, 1
2024/9/11, 18, 25, 1, 1
2024/9/12, 7, 23, 7, 1
2024/9/13, 16, 33, 6, 2
2024/9/14, 15, 36, 4, 2
2024/9/15, 8, 34, 11, 2
2024/9/16, 18, 27, 5, 2
2024/9/17, 18, 27, 6, 2
2024/9/18, 12, 31, 8, 2
2024/9/19, 9, 34, 8, 2
2024/9/20, 10, 29, 8, 2
2024/9/21, 9, 33, 2, 2
2024/9/22, 9, 35, 6, 2
2024/9/23, 13, 45, 9, 3
2024/9/24, 28, 43, 4, 3
2024/9/25, 20, 30, , 3
2024/9/26, 31, 29, 2, 3
2024/9/27, 19, 31, 4, 3
2024/9/28, 10, 29, 3, 3
2024/9/29, 9, 31, 5, 3
2024/9/30, 9, 32, 7, 3
2024/4/1, 17, 51, 9, 1
2024/4/2, 15, 51, 11, 
2024/4/3, 15, 54, 11, 
2024/4/4, 15, 60, 11, 
2024/4/5, 16, 62, 14, 
2024/4/6, 36, 54, 13, 
2024/4/7, 39, 52, 7, 
2024/4/8, 49, 47, 3, 
2024/4/9, 19, 46, 4, 
2024/4/10, 12, 46, 9, 1
2024/4/11, 21, 48, 13, 1
2024/4/12, 18, 52, 13, 1
2024/4/13, 17, 53, 14, 1
2024/4/14, 21, 58, 13, 1
2024/4/15, 25, 51, 9, 
2024/4/16, 23, 42, 10, 
2024/4/17, 21, 39, , 1
2024/4/18, 13, 47, , 1
2024/4/19, 12, 47, , 1
2024/4/20, 13, 45, , 1
2024/4/21, 12, 35, 8, 1
2024/4/22, 10, 41, 9, 1
2024/4/23, 7, 48, 7, 1
2024/4/24, 8, 47, 7, 1
2024/4/25, 10, 53, 10, 1
2024/4/26, 9, 46, 8, 1
2024/4/27, 18, 35, 7, 1
2024/4/28, 14, 35, 8, 
2024/4/29, 13, 42, 5, 1
2024/4/30, 6, 45, 4, 1
2024/5/1, 22, 43, 3, 1
2024/5/2, 31, 46, 7, 1
2024/5/3, 13, 49, 6, 1
2024/5/4, 10, 62, 8, 1
2024/5/5, 10, 43, 14, 1
2024/5/6, 15, 43, 4, 1
2024/5/7, 9, 42, 5, 1
2024/5/8, 8, 44, 8, 1
2024/5/9, 9, 48, 10, 1
2024/5/10, 11, 47, 8, 1
2024/5/11, 9, 49, 8, 1
2024/5/12, 10, 43, 8, 2
2024/5/13, 12, 40, 3, 1
2024/5/14, 14, 38, 4, 1
2024/5/15, 16, 38, 7, 1
2024/5/16, 12, 44, 5, 2
2024/5/17, 15, 38, 9, 1
2024/5/18, 15, 37, 5, 1
2024/5/19, 12, 31, 8, 1
2024/5/20, 16, 39, 5, 1
2024/5/21, 17, 42, 4, 2
2024/5/22, 10, 33, 7, 2
2024/5/23, 13, 37, 6, 2
2024/5/24, 11, 35, 5, 2
2024/5/25, 12, 33, 5, 2
2024/5/26, 17, 37, 6, 2
2024/5/27, 22, 27, 2, 2
2024/5/28, 15, 30, 5, 2
2024/5/29, 14, 28, 7, 2
2024/5/30, 10, 27, 5, 2
2024/5/31, 14, 31, 7, 2
2024/6/1, 12, 30, 3, 2
2024/6/2, 7, 32, 6, 2
2024/6/3, 9, 30, 9, 2
2024/6/4, 9, 28, 8, 2
2024/6/5, 10, 33, 7, 2
2024/6/6, 13, 34, 9, 3
2024/6/7, 16, 30, 3, 3
2024/6/8, 34, 33, 1, 2
2024/6/9, 22, 20, 7, 2
2024/6/10, 17, 14, 6, 
2024/6/11, 15, 14, 6, 
2024/6/12, 7, 22, 6, 1
2024/6/13, 7, 25, 7, 1
2024/6/14, 11, 26, 9, 1
2024/6/15, 13, 22, 2, 1
2024/6/16, 13, 25, 6, 1
2024/6/17, 21, 21, 6, 1
2024/6/18, 33, 18, 1, 1
2024/6/19, 24, 24, 3, 1
2024/6/20, 25, 27, 8, 1
2024/6/21, 18, 28, 7, 1
2024/6/22, 13, 17, 5, 1
2024/6/23, 9, 21, 8, 1
2024/6/24, 15, 23, 6, 1
2024/6/25, 13, 27, 8, 1
2024/6/26, 11, 30, 7, 1
2024/6/27, 17, 28, 4, 1
2024/6/28, 27, 32, , 2
2024/6/29, 29, 26, 2, 1
2024/6/30, 16, 23, 6, 1
2024/1/3, 19, 33, 10, 2
2024/1/4, 17, 37, 2, 2
2024/1/5, 9, 36, , 2
2024/1/6, 11, 34, , 3
2024/1/7, 12, 37, 5, 3
2024/1/8, 11, 29, 15, 3
2024/1/9, 16, 39, 8, 3
2024/1/10, 7, 19, 12, 3
2024/1/11, 6, 25, 14, 3
2024/1/12, 14, 41, 8, 3
2024/1/13, 15, 28, 2, 3
2024/1/14, 23, 24, 10, 3
2024/1/15, 29, 28, 5, 2
2024/1/16, 15, 41, 2, 
2024/1/17, 43, 36, 2, 
2024/1/18, 40, 39, 6, 
2024/1/19, 14, 32, 10, 1
2024/1/20, 17, 37, 11, 1
2024/1/21, 22, 41, 9, 1
2024/1/22, 16, 26, 12, 1
2024/1/23, 18, 22, 13, 1
2024/1/24, 19, 26, 14, 1
2024/1/25, 19, 26, 18, 1
2024/1/26, 28, 24, 17, 1
2024/1/27, 27, 31, 8, 1
2024/1/28, 18, 34, 12, 1
2024/1/29, 19, 40, 10, 1
2024/1/30, 19, 41, 10, 1
2024/1/31, 16, 36, 14, 2
2024/2/1, 23, 33, 15, 2
2024/2/2, 25, 39, 10, 2
2024/2/3, 19, 38, 10, 1
2024/2/4, 17, 48, 12, 2
2024/2/5, 18, 45, 12, 2
2024/2/6, 24, 30, 7, 1
2024/2/7, 32, 37, 6, 
2024/2/8, 35, 36, 3, 
2024/2/9, 93, 41, , 
2024/2/10, 30, 42, , 1
2024/2/11, 27, 36, , 1
2024/2/12, 16, 27, 9, 1
2024/2/13, 22, 26, 9, 1
2024/2/14, 15, 28, 11, 1
2024/2/15, 13, 27, 10, 1
2024/2/16, 17, 35, 2, 1
2024/2/17, 9, 37, 5, 1
2024/2/18, 11, 29, 9, 1
2024/2/19, 17, 31, 10, 1
2024/2/20, 15, 43, 10, 1
2024/2/21, 13, 42, 1, 1
2024/2/22, 22, 43, 1, 1
2024/2/23, 16, 39, 2, 1
2024/2/24, 13, 45, 4, 1
2024/2/25, 26, 35, 1, 1
2024/2/26, 47, 30, 5, 1
2024/2/27, 9, 32, 8, 1
2024/2/28, 6, 37, 6, 1
2024/2/29, 12, 44, 2, 1
2024/3/1, 10, 56, 2, 1
2024/3/2, 22, 54, , 1
2024/3/3, 23, 45, 1, 2
2024/3/4, 11, 37, 8, 2
2024/3/5, 11, 44, 12, 2
2024/3/6, 13, 40, 10, 2
2024/3/7, 11, 51, , 1
2024/3/8, 19, 47, , 1
2024/3/9, 28, , , 
2024/3/19, 18, 30, 10, 1
2024/3/20, 12, 33, 7, 1
2024/3/21, 16, 38, 13, 1
2024/3/22, 22, 37, 11, 1
2024/3/23, 23, 36, 5, 1
2024/3/24, 16, 30, 10, 1
2024/3/25, 18, 43, 1, 
2024/3/26, 22, 50, 2, 
2024/3/27, 37, 47, 2, 
2024/3/28, 56, 42, 1, 
2024/3/29, 90, 54, 1, 
2024/3/30, 23, 55, , 
2024/3/31, 30, 53, 1, 1
2023/10/1, 12, 22, 9, 
2023/10/2, 18, 25, 8, 
2023/10/3, 18, 25, 9, 
2023/10/4, 19, 34, 8, 
2023/10/5, 17, 35, 12, 
2023/10/6, 18, 39, 11, 
2023/10/7, 18, 41, 8, 
2023/10/8, 15, 40, 10, 
2023/10/9, 16, 42, 9, 
2023/10/10, 18, 42, 12, 
2023/10/11, 17, 34, 9, 
2023/10/12, 16, 42, 10, 
2023/10/13, 23, 42, 11, 
2023/10/14, 24, 25, 8, 
2023/10/15, 14, 35, 7, 
2023/10/16, 25, 37, 10, 
2023/10/17, 26, 37, 8, 
2023/10/18, 34, 38, 1, 
2023/10/19, 34, 44, , 
2023/10/20, 26, 32, 7, 
2023/10/21, 15, 31, 6, 1
2023/10/22, 10, 41, 4, 
2023/10/23, 43, 42, 1, 
2023/10/24, 20, 36, 1, 
2023/10/25, 32, 33, 2, 
2023/10/26, 30, 36, 8, 
2023/10/27, 33, 44, 4, 1
2023/10/28, 14, 42, 7, 1
2023/10/29, 14, 40, 4, 
2023/10/30, 16, 30, 13, 1
2023/10/31, 15, 38, 3, 1
2023/11/1, 12, 38, 1, 
2023/11/2, 37, 37, , 1
2023/11/3, 21, 40, , 1
2023/11/4, 31, 36, 3, 1
2023/11/5, 29, 30, 10, 1
2023/11/6, 20, 35, 12, 2
2023/11/7, 18, 31, 11, 2
2023/11/8, 13, 37, 6, 1
2023/11/9, 14, 34, 8, 2
2023/11/10, 11, 30, 3, 1
2023/11/11, 14, 27, 6, 1
2023/11/12, 21, 24, 9, 1
2023/11/13, 13, 30, 10, 1
2023/11/14, 16, 26, 12, 1
2023/11/15, 17, 33, 10, 1
2023/11/16, 18, 13, 15, 1
2023/11/17, 22, 33, 8, 1
2023/11/18, 15, 33, 12, 1
2023/11/19, 14, 26, 18, 2
2023/11/20, 22, 31, 6, 2
2023/11/21, 17, 24, 9, 2
2023/11/22, 13, 31, 15, 2
2023/11/23, 19, 34, 7, 2
2023/11/24, 11, 24, 9, 2
2023/11/25, 25, 39, 6, 2
2023/11/26, 20, 38, 3, 2
2023/11/27, 28, 31, 1, 2
2023/11/28, 24, 35, 6, 2
2023/11/29, 23, 38, 1, 1
2023/11/30, 37, 39, , 1
2023/12/1, 37, 35, 2, 2
2023/12/2, 10, 34, 11, 3
2023/12/3, 11, 41, 6, 2
2023/12/4, 11, 32, 9, 3
2023/12/5, 15, 31, 11, 3
2023/12/6, 16, 43, 4, 2
2023/12/7, 16, 33, , 2
2023/12/8, 14, , , 
2023/12/14, 13, 27, 15, 2
2023/12/15, 25, 31, 9, 2
2023/12/16, 14, 31, 10, 2
2023/12/17, 15, 26, 17, 2
2023/12/18, 22, 25, 19, 2
2023/12/19, 24, 31, 14, 2
2023/12/20, 21, 37, 5, 2
2023/12/21, 12, 35, 5, 2
2023/12/22, 13, 31, 12, 2
2023/12/23, 16, 41, 10, 2
2023/12/24, 14, 41, 10, 2
2023/12/25, 17, 36, 13, 3
2023/12/26, 22, 36, 13, 2
2023/12/27, 23, 49, 13, 2
2023/12/28, 20, , , 
2023/7/3, 12, 19, 5, 2
2023/7/4, 10, 19, 5, 2
2023/7/5, 12, 22, 5, 2
2023/7/6, 9, 26, 7, 2
2023/7/7, 13, 29, 5, 2
2023/7/8, 21, 21, 3, 2
2023/7/9, 19, 19, 4, 1
2023/7/10, 28, 31, 6, 1
2023/7/11, 37, 27, 10, 1
2023/7/12, 48, 19, 6, 1
2023/7/13, 16, 22, 11, 1
2023/7/14, 14, 25, 10, 1
2023/7/15, 12, 23, 3, 1
2023/7/16, 18, 22, 3, 1
2023/7/17, 25, 24, 11, 1
2023/7/18, 32, 30, 9, 1
2023/7/19, 36, 24, 6, 1
2023/7/20, 23, 21, 6, 1
2023/7/21, 31, 22, 5, 1
2023/7/22, 14, 25, 3, 1
2023/7/23, 17, 24, 14, 1
2023/7/24, 32, 19, 4, 1
2023/7/25, 13, 19, 9, 1
2023/7/26, 12, 23, 8, 1
2023/7/27, 18, 21, 9, 1
2023/7/28, 11, 24, 9, 1
2023/7/29, 6, 24, 4, 1
2023/7/30, 9, 22, 3, 1
2023/7/31, 12, 20, 5, 1
2023/8/1, 17, 26, 4, 1
2023/8/2, 17, 22, 7, 1
2023/8/3, 23, 24, 8, 1
2023/8/4, 14, 29, 9, 1
2023/8/5, 12, 24, 9, 1
2023/8/6, 12, 26, 5, 1
2023/8/7, 19, 26, 9, 1
2023/8/8, 19, 26, 9, 1
2023/8/9, 16, 24, 6, 1
2023/8/10, 18, 28, 8, 1
2023/8/11, 25, 34, 11, 1
2023/8/12, 19, 23, 7, 1
2023/8/13, 14, 29, 10, 1
2023/8/14, 14, 30, 12, 2
2023/8/15, 15, 28, 11, 1
2023/8/16, 21, 28, 11, 1
2023/8/17, 27, 22, 8, 1
2023/8/18, 33, 25, 10, 1
2023/8/19, 24, 22, 5, 1
2023/8/20, 25, 4, 14, 1
2023/8/24, 26, 20, 11, 1
2023/8/25, 24, 19, 6, 1
2023/8/26, 21, 19, 6, 1
2023/8/27, 13, 21, 3, 1
2023/8/28, 11, 20, 8, 1
2023/8/29, 14, 22, 8, 1
2023/8/30, 14, 21, 8, 1
2023/8/31, 12, 21, 8, 1
2023/9/1, 13, 15, 13, 1
2023/9/2, 15, 21, 4, 1
2023/9/3, 21, 18, 6, 1
2023/9/4, 32, 19, 9, 1
2023/9/5, 14, 27, 10, 1
2023/9/6, 18, 27, 11, 2
2023/9/7, 17, 28, 12, 2
2023/9/8, 19, 23, 9, 2
2023/9/9, 10, 24, 6, 2
2023/9/10, 10, 17, 12, 1
2023/9/11, 18, 26, 11, 1
2023/9/12, 21, 22, 9, 1
2023/9/13, 21, 20, 9, 1
2023/9/14, 12, 18, 11, 1
2023/9/15, 15, 21, 11, 2
2023/9/16, 42, 21, 5, 2
2023/9/17, 88, 18, , 2
2023/9/18, 79, 12, 15, 2
2023/9/19, 15, 25, 6, 2
2023/9/20, 13, 29, 1, 2
2023/9/21, 32, 21, 9, 2
2023/9/22, 17, 21, 10, 2
2023/9/23, 7, 23, 8, 3
2023/9/24, 6, 25, 10, 1
2023/9/25, 9, 24, 9, 1
2023/9/26, 10, 28, 10, 2
2023/9/27, 11, 23, 14, 2
2023/9/28, 17, 25, 11, 1
2023/9/29, 12, 23, 13, 
2023/9/30, 13, 23, 11, 
2023/4/1, 21, 33, 1, 1
2023/4/2, 7, 29, 6, 1
2023/4/3, 10, 28, 9, 1
2023/4/4, 10, 36, 10, 1
2023/4/5, 10, 39, 11, 1
2023/4/6, 9, 40, 4, 1
2023/4/7, 6, 41, 9, 1
2023/4/8, 8, 38, 7, 1
2023/4/9, 7, 39, 6, 1
2023/4/10, 6, 39, 11, 1
2023/4/11, 9, , , 
2023/4/12, 28, , , 
2023/4/13, 11, , , 
2023/4/14, 13, , , 
2023/4/15, 16, , , 
2023/4/16, 12, , , 
2023/4/17, 17, , , 
2023/4/18, 13, , , 
2023/4/20, 13, , , 
2023/4/21, 11, , , 
2023/4/22, 15, , , 
2023/4/23, 16, , , 
2023/4/24, 17, 34, , 
2023/4/25, 12, 24, , 
2023/4/26, 10, 17, , 1
2023/4/27, 11, 28, , 1
2023/4/28, 13, 32, , 1
2023/4/29, 14, 27, , 1
2023/4/30, 7, 28, , 1
2023/5/1, 9, 29, , 1
2023/5/2, 12, 34, 7, 1
2023/5/3, 15, 38, 13, 1
2023/5/4, 10, 31, 11, 1
2023/5/5, 8, 33, 10, 1
2023/5/6, 8, 34, 4, 1
2023/5/7, 8, 33, 7, 1
2023/5/8, 9, 29, 8, 1
2023/5/9, 10, 28, 6, 1
2023/5/10, 9, 31, 7, 1
2023/5/11, 11, 32, 7, 1
2023/5/12, 11, 26, 8, 1
2023/5/13, 5, 35, 5, 1
2023/5/14, 4, 37, 4, 1
2023/5/15, 7, 36, 7, 1
2023/5/16, 10, 34, 7, 1
2023/5/17, 16, 30, 7, 1
2023/5/18, 13, 30, 7, 1
2023/5/19, 9, 37, 4, 1
2023/5/20, 7, 38, 6, 1
2023/5/21, 7, 29, 6, 1
2023/5/22, 10, 29, 6, 1
2023/5/23, 10, 35, 6, 1
2023/5/24, 12, 32, 9, 1
2023/5/25, 16, 30, 5, 2
2023/5/26, 18, 28, 9, 3
2023/5/27, 21, 31, 6, 3
2023/5/28, 18, 13, 11, 1
2023/5/29, 16, 6, 10, 
2023/5/30, 17, 7, 14, 
2023/5/31, 18, 7, 11, 1
2023/6/1, 17, 32, 9, 1
2023/6/2, 13, 28, 4, 1
2023/6/3, 7, 33, 4, 1
2023/6/4, 8, 31, 6, 1
2023/6/5, 10, 27, 6, 1
2023/6/6, 10, 23, 9, 1
2023/6/7, 9, 27, 6, 1
2023/6/8, 16, 30, 4, 1
2023/6/9, 16, 28, 4, 1
2023/6/10, 12, 30, 5, 1
2023/6/11, 11, 28, 7, 1
2023/6/12, 12, 26, 5, 1
2023/6/13, 12, 35, 6, 1
2023/6/14, 7, 35, 10, 1
2023/6/15, 9, 37, 7, 1
2023/6/16, 13, 42, 10, 1
2023/6/17, 14, 43, 8, 1
2023/6/18, 13, 43, 4, 1
2023/6/19, 29, 34, 3, 1
2023/6/20, 33, 31, 4, 1
2023/6/21, 34, 34, 7, 1
2023/6/22, 23, 33, 6, 1
2023/6/23, 14, 34, 7, 
2023/6/24, 11, 33, 3, 1
2023/6/25, 9, 31, 8, 1
2023/6/26, 15, 32, 9, 1
2023/6/27, 16, 32, 8, 1
2023/6/28, 19, 12, 10, 1
2023/6/29, 13, , , 
2023/1/2, 36, 15, 19, 
2023/1/3, 32, 19, 14, 
2023/1/4, 21, 21, 19, 
2023/1/5, 20, 32, 10, 
2023/1/6, 14, 33, 5, 
2023/1/7, 15, 27, 3, 
2023/1/8, 41, 18, 7, 
2023/1/9, 32, , , 
2023/1/14, 12, 25, 6, 
2023/1/15, 18, 27, 3, 
2023/1/16, 15, 28, 5, 1
2023/1/17, 31, , , 
2023/2/6, 17, 24, , 1
2023/2/7, 10, 22, , 1
2023/2/8, 13, , , 
2023/2/10, 19, , , 
2023/2/22, 19, 8, 9, 1
2023/2/23, 30, , , 
2023/2/27, 3, , , 
2023/3/2, 12, 25, 16, 2
2023/3/3, 20, 33, 4, 2
2023/3/4, 19, , , 
2023/3/7, 15, 20, 2, 1
2023/3/9, 18, 19, 4, 1
2023/3/10, 22, 25, 2, 1
2023/3/11, 22, 12, 3, 1
2023/3/12, 7, 24, 11, 2
2023/3/13, 12, 26, 5, 1
2023/3/14, 9, 24, 5, 2
2023/3/15, 9, 25, 10, 2
2023/3/16, 14, 27, 10, 1
2023/3/17, 26, 32, 6, 1
2023/3/18, 14, 27, 8, 2
2023/3/19, 14, 3, 17, 2
2023/3/20, 9, 30, 3, 1
2023/3/21, 6, 35, 4, 1
2023/3/22, 7, 35, 11, 1
2023/3/23, 9, 41, 10, 1
2023/3/24, 11, 32, 6, 1
2023/3/25, 12, 32, 2, 1
2023/3/26, 12, 34, 4, 1
2023/3/27, 18, 34, 10, 1
2023/3/28, 14, 24, 7, 1
2023/3/29, 10, 39, 8, 1
2023/3/30, 14, 42, 5, 1
2023/3/31, 20, 35, 3, 1
2022/10/1, 9, 30, 10, 1
2022/10/2, 6, 28, 14, 1
2022/10/3, 10, 29, 10, 2
2022/10/4, 10, 30, 10, 1
2022/10/5, 9, 21, 13, 1
2022/10/6, 14, 25, 12, 1
2022/10/7, 22, 28, 11, 1
2022/10/8, 22, 32, 6, 1
2022/10/9, 13, 31, 10, 2
2022/10/10, 20, 22, 14, 1
2022/10/11, 19, 28, 7, 1
2022/10/12, 13, 34, 11, 2
2022/10/13, 18, 38, 11, 2
2022/10/14, 20, 32, 11, 2
2022/10/15, 15, 30, 9, 2
2022/10/16, 14, 26, 13, 2
2022/10/17, 41, 27, 10, 1
2022/10/18, 63, 25, 12, 1
2022/10/24, 88, 31, 13, 1
2022/10/25, 42, 32, 19, 2
2022/10/26, 35, 34, 20, 2
2022/10/27, 28, 31, 14, 2
2022/10/28, 29, 31, 11, 1
2022/10/29, 33, 31, 9, 1
2022/10/30, 35, 30, 13, 1
2022/10/31, 35, 33, 11, 1
2022/11/1, 30, 24, 11, 1
2022/11/2, 30, 30, 8, 
2022/11/3, 30, 27, 3, 
2022/11/4, 19, 26, 6, 1
2022/11/5, 13, 34, 7, 1
2022/11/6, 11, 34, 10, 1
2022/11/7, 15, 34, 7, 1
2022/11/8, 11, 26, 5, 
2022/11/9, 16, 22, 9, 1
2022/11/10, 8, 23, 5, 1
2022/11/11, 17, 13, 3, 1
2022/11/12, 22, , , 
2022/11/14, 19, 28, , 2
2022/11/15, 24, 24, 1, 2
2022/11/16, 19, 24, , 1
2022/11/17, 22, 23, 3, 1
2022/11/18, 13, 24, 4, 1
2022/11/19, 6, 28, 2, 1
2022/11/20, 7, 30, 3, 1
2022/11/21, 19, 29, , 1
2022/11/22, 17, 22, 1, 1
2022/11/23, 29, 26, 6, 1
2022/11/24, 26, 23, 6, 1
2022/11/25, 14, 26, 5, 1
2022/11/26, 10, 32, 3, 1
2022/11/27, 6, 22, 5, 
2022/11/28, 9, 22, 9, 
2022/11/29, 13, 20, 8, 1
2022/11/30, 14, 13, 8, 1
2022/12/1, 17, 16, 8, 
2022/12/2, 10, 20, 8, 1
2022/12/3, 12, 31, 5, 1
2022/12/4, 13, 21, 8, 
2022/12/5, 15, 25, 6, 
2022/12/6, 31, 20, 8, 
2022/12/7, 27, 23, 7, 
2022/12/8, 16, 28, 3, 
2022/12/9, 19, 24, 4, 
2022/12/10, 23, 11, 9, 1
2022/12/11, 14, 24, 3, 
2022/12/12, 15, 22, 4, 
2022/12/13, 32, 23, 5, 
2022/12/14, 28, 28, 2, 
2022/12/15, 30, 24, 11, 
2022/12/16, 26, 27, 13, 
2022/12/17, 11, 26, 12, 
2022/12/18, 13, 25, 18, 
2022/12/19, 15, 30, 11, 
2022/12/20, 17, 25, 11, 
2022/12/21, 22, 17, 16, 1
2022/12/22, 14, 21, 11, 
2022/12/23, 15, 22, 9, 
2022/12/24, 19, 22, 10, 
2022/12/25, 21, 18, 17, 1
2022/12/26, 17, 22, 15, 1
2022/12/27, 24, 22, 16, 1
2022/12/28, 22, 23, 9, 
2022/12/29, 21, 24, 5, 
2022/12/30, 30, 22, 15, 
2022/12/31, 33, 21, 15, 
2023/1/1, 37, 13, 18, 
2022/7/1, 16, 39, 9, 7
2022/7/2, 13, 42, 8, 
2022/7/3, 15, 33, 9, 
2022/7/4, 24, 42, 6, 
2022/7/5, 28, 35, 6, 
2022/7/6, 25, 50, 9, 
2022/7/7, 18, 47, 9, 
2022/7/8, 18, 56, 7, 
2022/7/9, 14, 51, 12, 
2022/7/10, 15, 45, 12, 
2022/7/11, 14, 48, 12, 
2022/7/12, 16, 39, 12, 
2022/7/13, 14, 33, 10, 
2022/7/14, 12, 34, 9, 
2022/7/15, 13, 38, 13, 
2022/7/16, 14, 42, 12, 
2022/7/17, 18, 47, 13, 
2022/7/18, 19, 32, 11, 
2022/7/19, 20, 28, 10, 
2022/7/20, 18, 38, 9, 
2022/7/21, 23, 34, 14, 
2022/7/22, 26, 29, 13, 1
2022/7/23, 19, 31, 21, 1
2022/7/24, 20, 33, 17, 1
2022/7/25, 24, 25, 7, 
2022/7/26, 26, 32, 9, 
2022/7/27, 19, 32, 11, 
2022/7/28, 18, 28, 10, 
2022/7/29, 20, 36, 11, 1
2022/7/30, 19, 40, 10, 1
2022/7/31, 19, 41, 14, 1
2022/8/1, 15, 44, 16, 1
2022/8/2, 19, 36, 14, 1
2022/8/3, 17, 33, 11, 1
2022/8/4, 15, 33, 15, 
2022/8/5, 16, 41, 14, 1
2022/8/6, 16, 38, 13, 
2022/8/7, 18, 43, 15, 1
2022/8/8, 18, 41, 12, 1
2022/8/9, 22, 41, 12, 
2022/8/10, 18, 44, 8, 
2022/8/11, 18, 36, 10, 1
2022/8/12, 21, 41, 9, 
2022/8/13, 35, 36, 5, 1
2022/8/14, 32, 35, 9, 1
2022/8/15, 38, 34, 5, 1
2022/8/16, 35, 35, 13, 
2022/8/17, 39, 35, 8, 
2022/8/18, 17, 14, 14, 1
2022/8/19, 16, , , 
2022/8/22, 12, 28, 6, 1
2022/8/23, 14, 25, 8, 1
2022/8/24, 12, 29, 9, 1
2022/8/25, 13, 33, 13, 1
2022/8/26, 17, 38, 12, 1
2022/8/27, 16, 40, 11, 1
2022/8/28, 11, 34, 13, 1
2022/8/29, 13, 35, 7, 1
2022/8/30, 18, 30, 8, 1
2022/8/31, 34, 33, 8, 1
2022/9/1, 37, 36, 8, 1
2022/9/2, 49, 37, 8, 1
2022/9/3, 28, 30, 6, 1
2022/9/4, 33, 29, 11, 1
2022/9/5, 47, 32, 6, 1
2022/9/6, 24, 33, 12, 1
2022/9/7, 29, 37, 12, 1
2022/9/8, 19, 39, 11, 1
2022/9/9, 17, 31, 8, 1
2022/9/10, 13, 25, 7, 1
2022/9/11, 15, 26, 11, 1
2022/9/12, 18, 24, 10, 1
2022/9/13, 26, 23, 8, 1
2022/9/14, 35, 32, 9, 1
2022/9/15, 22, 30, 15, 1
2022/9/16, 18, 30, 8, 1
2022/9/17, 20, 31, 7, 1
2022/9/18, 16, 13, 18, 1
2022/9/19, 23, 39, 10, 1
2022/9/20, 15, 37, 12, 1
2022/9/21, 15, 37, 13, 1
2022/9/22, 16, 37, 4, 1
2022/9/23, 10, 36, 3, 1
2022/9/24, 12, 26, 6, 1
2022/9/25, 12, 27, 9, 1
2022/9/26, 10, 30, 8, 1
2022/9/27, 12, 36, 3, 1
2022/9/28, 10, 26, 12, 1
2022/9/29, 12, 22, 9, 1
2022/9/30, 8, 34, 8, 2
2022/4/1, 16, 44, 2, 2
2022/4/2, 13, 38, 6, 2
2022/4/3, 15, 38, 5, 2
2022/4/4, 14, 41, 6, 1
2022/4/5, 14, 44, 5, 1
2022/4/6, 10, 44, 7, 1
2022/4/7, 23, 26, 11, 1
2022/4/8, 37, 38, 4, 1
2022/4/9, 15, 38, 5, 1
2022/4/10, 14, 40, 9, 1
2022/4/11, 23, 39, 8, 1
2022/4/12, 44, 35, 9, 1
2022/4/13, 15, 43, 5, 1
2022/4/14, 17, 53, 8, 1
2022/4/15, 21, 43, 14, 1
2022/4/16, 25, 49, 11, 1
2022/4/17, 21, 42, 10, 1
2022/4/18, 17, 43, 14, 1
2022/4/19, 27, 40, 7, 
2022/4/20, 21, 39, 6, 1
2022/4/21, 8, 40, 4, 
2022/4/22, 20, 40, , 
2022/4/23, 32, 38, 1, 
2022/4/24, 24, 37, 8, 
2022/4/25, 12, 40, 11, 1
2022/4/26, 14, 39, 12, 1
2022/4/27, 15, 38, 11, 1
2022/4/28, 16, 46, 9, 1
2022/4/29, 17, 53, 12, 1
2022/4/30, 17, 51, 7, 1
2022/5/1, 21, 55, 9, 1
2022/5/2, 20, 41, 11, 1
2022/5/3, 21, 47, 8, 1
2022/5/4, 15, 41, 6, 1
2022/5/5, 17, 40, 10, 1
2022/5/6, 18, 41, 9, 1
2022/5/7, 16, 40, 14, 1
2022/5/8, 17, 43, 15, 1
2022/5/9, 16, 45, 10, 1
2022/5/10, 13, 39, 13, 1
2022/5/11, 18, 38, 10, 1
2022/5/12, 24, 39, 10, 1
2022/5/13, 22, 39, 14, 1
2022/5/14, 26, 46, 9, 1
2022/5/15, 26, 46, 11, 1
2022/5/16, 30, 38, 5, 1
2022/5/17, 30, 28, 9, 1
2022/5/18, 30, 34, 12, 1
2022/5/19, 29, 39, 13, 1
2022/5/20, 19, 40, 9, 1
2022/5/21, 19, 46, 12, 1
2022/5/22, 18, 12, 32, 1
2022/5/23, 33, 31, 6, 1
2022/5/24, 21, 30, 6, 1
2022/5/25, 9, 37, 6, 1
2022/5/26, 8, 31, 7, 1
2022/5/27, 10, 46, 7, 1
2022/5/28, 11, 44, 7, 1
2022/5/29, 13, 41, 6, 1
2022/5/30, 25, 30, 6, 1
2022/5/31, 23, 24, 7, 1
2022/6/1, 21, 34, 13, 1
2022/6/2, 25, 34, 5, 1
2022/6/3, 24, 35, 5, 1
2022/6/4, 24, 37, 2, 1
2022/6/5, 28, 38, 5, 1
2022/6/6, 19, 35, 6, 1
2022/6/7, 17, 37, 9, 1
2022/6/8, 20, 28, 7, 1
2022/6/9, 16, 29, 8, 1
2022/6/10, 20, 32, 7, 1
2022/6/11, 17, 39, 8, 1
2022/6/12, 14, 36, 13, 1
2022/6/13, 14, 42, 16, 1
2022/6/14, 14, 44, 14, 
2022/6/15, 18, 42, 16, 
2022/6/16, 20, 40, 21, 
2022/6/17, 25, 42, 15, 
2022/6/18, 29, 48, 10, 
2022/6/19, 27, 43, 7, 
2022/6/20, 37, 33, 11, 
2022/6/21, 37, 41, 3, 
2022/6/22, 35, 40, 1, 
2022/6/23, 30, 43, 2, 
2022/6/24, 23, 36, 7, 
2022/6/25, 18, 41, 6, 
2022/6/26, 20, 31, 9, 
2022/6/27, 25, 44, 4, 
2022/6/28, 17, 36, 7, 
2022/6/29, 17, 36, 11, 
2022/6/30, 18, 32, 6, 6
2022/1/3, 11, 25, 5, 1
2022/1/4, 23, 21, 7, 1
2022/1/5, 18, 20, 9, 1
2022/1/6, 12, 18, 13, 1
2022/1/7, 16, 25, 6, 1
2022/1/8, 13, 21, 5, 1
2022/1/9, 19, 19, 9, 1
2022/1/10, 13, 21, 17, 1
2022/1/11, 21, 19, 17, 1
2022/1/12, 21, 17, 19, 2
2022/1/13, 27, 26, 17, 1
2022/1/14, 19, 29, 17, 2
2022/1/17, 31, 29, 23, 2
2022/1/18, 37, 30, 18, 2
2022/1/19, 28, 27, 17, 2
2022/1/20, 37, 17, 19, 2
2022/1/21, 35, 26, 15, 2
2022/1/22, 39, 20, 16, 2
2022/1/23, 35, 13, 21, 1
2022/1/24, 21, 21, 19, 
2022/1/25, 15, 26, 18, 
2022/1/26, 18, 23, 19, 1
2022/1/27, 20, 23, 18, 1
2022/1/28, 14, , 28, 2
2022/1/29, 34, 30, 12, 1
2022/1/30, 19, 22, 21, 1
2022/1/31, 25, 23, 16, 1
2022/2/1, 26, 25, 15, 1
2022/2/2, 21, 26, 19, 1
2022/2/3, 25, 22, 18, 1
2022/2/4, 20, 7, 20, 1
2022/2/5, 25, 25, 13, 1
2022/2/6, 20, 23, 19, 1
2022/2/7, 24, 22, 16, 1
2022/2/8, 28, 8, 20, 1
2022/2/9, 26, 30, 19, 1
2022/2/10, 21, 27, 20, 1
2022/2/11, 23, 25, 16, 1
2022/2/12, 23, 36, 11, 1
2022/2/13, 18, 36, 7, 
2022/2/14, 22, 26, 10, 1
2022/2/15, 19, 29, 12, 1
2022/2/16, 21, 21, 16, 1
2022/2/17, 35, 31, 23, 1
2022/2/18, 30, 26, 9, 1
2022/2/19, 33, 28, 12, 1
2022/2/20, 33, 26, 14, 1
2022/2/21, 33, 31, 16, 1
2022/2/22, 38, 30, 17, 1
2022/2/23, 34, 30, 19, 1
2022/2/24, 45, 26, 19, 1
2022/2/25, 58, 31, 11, 1
2022/2/26, 47, 33, 18, 1
2022/2/27, 42, 36, 21, 1
2022/2/28, 54, 38, 15, 1
2022/3/1, 45, 47, 12, 1
2022/3/2, 24, 38, 12, 1
2022/3/3, 15, 33, 9, 1
2022/3/4, 16, 28, 6, 1
2022/3/5, 15, 30, 6, 1
2022/3/6, 17, 37, 12, 1
2022/3/7, 17, 42, 9, 1
2022/3/8, 18, 43, 8, 1
2022/3/9, 17, 40, 13, 1
2022/3/10, 19, 48, 7, 1
2022/3/11, 17, 40, 3, 1
2022/3/12, 13, 40, 7, 1
2022/3/13, 21, 40, 4, 1
2022/3/14, 27, 37, 5, 1
2022/3/15, 42, 38, 4, 1
2022/3/16, 42, 37, 4, 1
2022/3/17, 22, 39, 5, 1
2022/3/18, 25, 35, 5, 1
2022/3/19, 30, 40, 3, 1
2022/3/20, 20, 38, 5, 1
2022/3/21, 20, 43, 5, 1
2022/3/22, 21, 39, 5, 1
2022/3/23, 19, 41, 6, 1
2022/3/24, 25, 45, 5, 1
2022/3/25, 29, 44, 4, 1
2022/3/26, 24, 44, 4, 1
2022/3/27, 34, 49, 8, 1
2022/3/28, 34, 32, 9, 1
2022/3/29, 54, 39, 6, 1
2022/3/30, 39, 41, 5, 1
2022/3/31, 18, 41, 3, 2
2021/10/1, 17, 31, 15, 1
2021/10/2, 20, 40, 12, 1
2021/10/3, 23, 28, 12, 1
2021/10/4, 11, 38, 12, 1
2021/10/5, 16, 27, 14, 1
2021/10/6, 19, 34, 12, 1
2021/10/7, 19, 30, 14, 2
2021/10/8, 15, 38, 14, 2
2021/10/9, 15, 33, 12, 1
2021/10/10, 13, 40, 13, 2
2021/10/11, 12, 40, 15, 2
2021/10/12, 13, 27, 18, 2
2021/10/13, 21, 13, 13, 2
2021/10/14, 10, 38, 13, 2
2021/10/15, 16, 36, 16, 2
2021/10/16, 18, 38, 12, 2
2021/10/17, 12, 39, 12, 2
2021/10/18, 11, 37, 13, 2
2021/10/19, 11, 39, 15, 2
2021/10/20, 14, 33, 16, 2
2021/10/21, 23, 24, 10, 1
2021/10/22, 13, 26, 7, 1
2021/10/23, 5, , , 
2021/10/25, 23, 29, 17, 1
2021/10/26, 16, 25, 22, 1
2021/10/27, 19, 31, 20, 1
2021/10/28, 18, 40, 15, 1
2021/10/29, 15, 39, 4, 1
2021/10/30, 23, 20, 6, 2
2021/10/31, 43, 28, 10, 3
2021/11/1, 21, 35, 9, 3
2021/11/2, 13, 29, 6, 2
2021/11/3, 13, 26, 15, 
2021/11/4, 12, 21, 13, 
2021/11/5, 13, 26, 6, 
2021/11/6, 18, 28, 7, 
2021/11/7, 18, 17, 19, 1
2021/11/8, 20, 23, 12, 1
2021/11/9, 16, 26, 14, 1
2021/11/10, 10, 26, 8, 1
2021/11/11, 9, 19, 16, 
2021/11/12, 10, 23, 13, 1
2021/11/13, 14, 10, 17, 1
2021/11/14, 14, 16, 12, 1
2021/11/15, 7, 12, 17, 1
2021/11/17, 24, 15, 15, 1
2021/11/18, 20, 18, 18, 1
2021/11/19, 22, 15, 21, 1
2021/11/20, 23, 17, 16, 1
2021/11/21, 16, 20, 17, 1
2021/11/22, 20, 19, 15, 1
2021/11/23, 12, 30, 7, 1
2021/11/24, 15, 27, 8, 1
2021/11/25, 13, 23, 14, 1
2021/11/26, 11, 26, 7, 1
2021/11/27, 12, 28, 5, 1
2021/11/28, 14, 28, 11, 1
2021/11/29, 21, 14, 17, 1
2021/11/30, 28, 31, 11, 2
2021/12/1, 26, 26, 14, 1
2021/12/2, 18, 27, 13, 2
2021/12/3, 14, 24, 7, 2
2021/12/4, 25, 28, 5, 1
2021/12/5, 15, 26, 6, 1
2021/12/6, 17, 26, 9, 1
2021/12/7, 20, 29, 4, 1
2021/12/8, 26, 30, 5, 2
2021/12/9, 18, 31, 4, 1
2021/12/10, 26, 26, 13, 2
2021/12/11, 21, 21, 16, 2
2021/12/12, 19, 24, 18, 1
2021/12/13, 22, 20, 21, 1
2021/12/14, 19, 19, , 1
2021/12/15, 21, 24, 22, 1
2021/12/16, 18, 12, 19, 1
2021/12/17, 18, 5, 12, 1
2021/12/18, 10, 23, 12, 1
2021/12/19, 13, 24, 14, 1
2021/12/20, 21, 14, 15, 1
2021/12/21, 31, 7, 14, 1
2021/12/22, 25, 24, 10, 1
2021/12/23, 27, 25, 8, 1
2021/12/24, 28, 23, 5, 
2021/12/25, 20, 19, 8, 1
2021/12/26, 16, 23, 6, 1
2021/12/27, 21, 24, 7, 1
2021/12/28, 25, 21, 9, 1
2021/12/29, 20, 9, 14, 1
2021/12/30, 23, 15, 9, 1
2021/12/31, 17, , , 
2021/7/1, 16, 29, 7, 1
2021/7/2, 20, 35, 3, 
2021/7/3, 19, 37, 3, 1
2021/7/4, 22, 32, 6, 1
2021/7/5, 23, , , 
2021/7/7, 20, 18, 3, 1
2021/7/8, 11, 31, 3, 1
2021/7/9, 24, 32, 5, 1
2021/7/10, 16, 34, 7, 1
2021/7/11, 17, 31, 6, 1
2021/7/12, 35, 24, 3, 1
2021/7/13, 18, 31, 3, 1
2021/7/14, 18, 29, 4, 1
2021/7/15, 16, 31, 5, 1
2021/7/16, 16, 32, 5, 1
2021/7/17, 15, 39, 5, 1
2021/7/18, 14, 42, 8, 1
2021/7/19, 18, 38, 7, 1
2021/7/20, 18, 11, 14, 1
2021/7/21, 22, 40, 6, 1
2021/7/22, 26, 39, 4, 1
2021/7/23, 28, 42, 7, 1
2021/7/24, 30, 32, 1, 1
2021/7/25, 22, 32, 4, 1
2021/7/26, 21, 39, 4, 1
2021/7/27, 19, 38, 3, 1
2021/7/28, 21, 40, 3, 1
2021/7/29, 22, 32, 9, 1
2021/7/30, 35, 30, 2, 1
2021/7/31, 44, 33, 3, 1
2021/8/1, 14, 32, 6, 1
2021/8/2, 21, 35, 6, 1
2021/8/3, 14, 31, 7, 1
2021/8/4, 20, 30, 5, 1
2021/8/5, 19, 30, 5, 1
2021/8/6, 26, 36, 7, 1
2021/8/7, 24, 25, 3, 1
2021/8/8, 20, 26, 10, 
2021/8/9, 16, 32, 14, 1
2021/8/10, 32, 26, 16, 1
2021/8/11, 30, 28, 10, 
2021/8/12, 46, 33, 8, 1
2021/8/13, 46, 30, 11, 1
2021/8/14, 47, 26, 11, 1
2021/8/15, 56, 30, 7, 1
2021/8/16, 45, 37, 5, 1
2021/8/17, 25, 35, 8, 1
2021/8/18, 22, 31, 7, 1
2021/8/19, 19, 32, 8, 1
2021/8/20, 17, 33, 7, 1
2021/8/21, 17, 40, 7, 1
2021/8/22, 18, 28, 5, 1
2021/8/23, 23, 33, 6, 1
2021/8/24, 16, 39, 8, 1
2021/8/25, 15, 38, 7, 1
2021/8/26, 14, 35, 7, 1
2021/8/27, 18, 38, 6, 1
2021/8/28, 22, 37, 7, 1
2021/8/29, 14, , , 
2021/9/1, 14, 38, 7, 1
2021/9/2, 22, 38, 9, 1
2021/9/3, 23, 42, 7, 1
2021/9/4, 18, 36, 5, 1
2021/9/5, 14, 40, 9, 1
2021/9/6, 13, 37, 10, 1
2021/9/7, 13, 42, 6, 1
2021/9/8, 19, 39, 1, 1
2021/9/9, 22, 38, 1, 1
2021/9/10, 20, 38, 2, 1
2021/9/11, 16, 35, 3, 1
2021/9/12, 12, 35, 4, 1
2021/9/13, 14, 29, 6, 1
2021/9/14, 21, 31, 2, 1
2021/9/15, 40, 37, 2, 1
2021/9/16, 20, 35, 5, 1
2021/9/17, 19, 30, 4, 1
2021/9/18, 24, 31, 4, 1
2021/9/19, 18, 32, 6, 1
2021/9/20, 13, 26, 6, 1
2021/9/21, 11, 29, 9, 1
2021/9/22, 12, 27, 9, 1
2021/9/23, 17, 26, 9, 1
2021/9/24, 35, 26, 9, 1
2021/9/25, 56, 31, 11, 1
2021/9/26, 53, 40, 15, 1
2021/9/27, 22, 35, 16, 1
2021/9/28, 14, 28, 17, 1
2021/9/29, 17, 26, 16, 1
2021/9/30, 15, 14, 22, 1
2021/4/1, 20, 41, 9, 1
2021/4/2, 21, 43, 3, 1
2021/4/3, 23, 41, 5, 1
2021/4/4, 23, 37, 2, 1
2021/4/5, 21, 41, 2, 1
2021/4/6, 30, 35, 2, 1
2021/4/7, 26, 41, 2, 1
2021/4/8, 20, 35, 6, 1
2021/4/9, 22, 34, 18, 1
2021/4/10, 22, 40, 8, 1
2021/4/11, 15, 36, 3, 1
2021/4/12, 16, 35, 4, 1
2021/4/13, 16, 42, 5, 1
2021/4/14, 17, 42, 6, 1
2021/4/15, 16, 23, 14, 1
2021/4/16, 15, 32, 6, 1
2021/4/17, 9, 43, 4, 1
2021/4/18, 16, 48, 4, 1
2021/4/19, 18, 46, 8, 1
2021/4/20, 14, 42, 7, 1
2021/4/21, 17, 41, 8, 1
2021/4/22, 15, 46, 8, 1
2021/4/23, 13, 41, 6, 1
2021/4/24, 16, 45, 2, 1
2021/4/25, 15, 41, 4, 1
2021/4/26, 20, 45, 4, 1
2021/4/27, 25, 41, 4, 1
2021/4/28, 18, 38, 1, 1
2021/4/29, 17, 43, 6, 1
2021/4/30, 25, 35, 2, 1
2021/5/1, 22, 40, 4, 1
2021/5/2, 16, 40, 5, 1
2021/5/3, 14, 42, , 1
2021/5/4, 14, 37, 5, 
2021/5/5, 13, 35, 4, 1
2021/5/6, 12, 40, 3, 1
2021/5/7, 18, 33, 8, 1
2021/5/8, 14, 44, 4, 1
2021/5/9, 27, 37, 2, 1
2021/5/10, 21, 38, , 1
2021/5/11, 22, 43, 5, 1
2021/5/12, 25, 37, 3, 1
2021/5/13, 15, 17, 6, 1
2021/5/14, 11, 44, 2, 1
2021/5/15, 24, 33, 2, 1
2021/5/16, 20, 34, 1, 1
2021/5/17, 20, 35, 4, 1
2021/5/18, 19, 36, 1, 
2021/5/19, 18, 38, 3, 
2021/5/20, 18, 40, 5, 
2021/5/21, 19, 38, , 
2021/5/22, 17, 34, 1, 
2021/5/23, 20, 39, 4, 
2021/5/24, 11, 35, 4, 1
2021/5/25, 19, 39, 3, 
2021/5/26, 17, 39, 5, 
2021/5/27, 18, 41, 7, 1
2021/5/28, 17, 39, 3, 1
2021/5/29, 17, 39, 4, 
2021/5/30, 13, 43, 6, 1
2021/5/31, 20, 22, 14, 1
2021/6/1, 25, 9, , 
2021/6/3, 3, 38, 5, 
2021/6/4, 1, , , 
2021/6/7, 3, 15, 16, 1
2021/6/13, 21, 49, 14, 1
2021/6/14, 21, 42, , 
2021/6/16, 16, 36, 4, 
2021/6/17, 30, 34, 1, 
2021/6/18, 26, 26, 8, 
2021/6/19, 39, 37, 2, 
2021/6/20, 37, 36, , 
2021/6/21, 29, 38, 1, 
2021/6/22, 23, 36, 4, 
2021/6/23, 17, 39, 3, 1
2021/6/24, 12, 36, 2, 1
2021/6/25, 14, 38, 4, 
2021/6/26, 14, 37, 4, 1
2021/6/27, 14, 36, 5, 
2021/6/28, 21, 32, 4, 1
2021/6/29, 18, 35, 3, 1
2021/6/30, 17, 33, 6, 1
2021/2/24, 20, 16, 4, 1
2021/2/25, 17, 18, 3, 2
2021/2/26, 33, 15, 2, 2
2021/2/27, 37, 19, 2, 2
2021/2/28, 30, 17, 2, 3
2021/3/1, 40, 24, 2, 3
2021/3/2, 44, 20, 2, 3
2021/3/3, 39, 22, 2, 3
2021/3/4, 32, 21, 2, 3
2021/3/5, 28, 23, 2, 3
2021/3/6, 27, 22, 2, 3
2021/3/7, 27, 19, 2, 3
2021/3/8, 16, 14, 2, 3
2021/3/9, 19, 17, 2, 3
2021/3/10, 16, 24, 2, 4
2021/3/11, 28, 30, 4, 4
2021/3/12, 24, 31, 3, 4
2021/3/13, 14, 36, , 5
2021/3/14, 16, 34, , 5
2021/3/15, 19, 37, 9, 5
2021/3/16, 19, 39, 12, 5
2021/3/17, 17, 38, 12, 5
2021/3/18, 20, 32, 12, 5
2021/3/19, 8, 27, 18, 5
2021/3/20, 10, 35, 13, 5
2021/3/21, 16, 34, 12, 5
2021/3/22, 18, 35, 18, 5
2021/3/23, 20, 40, 13, 5
2021/3/24, 18, 44, 9, 1
2021/3/25, 17, 55, 9, 1
2021/3/26, 19, 48, 11, 1
2021/3/27, 16, 32, 11, 1
2021/3/28, 14, 38, 7, 1
2021/3/29, 17, 34, 14, 1
2021/3/30, 26, 39, 10, 1
2021/3/31, 28, 40, 11, 1
2020/10/1, 29, 41, , 2
2020/10/2, 43, 16, 7, 2
2020/10/3, 24, 37, , 2
2020/10/4, 32, 23, 9, 2
2020/10/5, 17, 39, 6, 2
2020/10/6, 18, 26, 6, 2
2020/10/7, 22, 30, 5, 2
2020/10/8, 23, 30, 5, 2
2020/10/9, 18, 30, 5, 2
2020/10/10, 17, 26, 3, 2
2020/10/11, 11, 33, 3, 2
2020/10/12, 9, 33, 9, 2
2020/10/13, 18, 29, 7, 2
2020/10/14, 14, 29, 2, 2
2020/10/15, 13, 31, 11, 1
2020/10/16, 17, 37, 10, 1
2020/10/17, 18, 40, 7, 1
2020/10/18, 15, 38, 9, 1
2020/10/19, 15, 37, 9, 1
2020/10/20, 26, 33, 2, 1
2020/10/21, 75, 32, 7, 1
2020/10/22, 78, 35, 1, 1
2020/10/23, 31, 35, 4, 1
2020/10/24, 13, 38, , 1
2020/10/25, 29, 31, 2, 1
2020/10/26, 30, 32, 3, 1
2020/10/27, 14, 34, 9, 1
2020/10/28, 19, 34, 9, 1
2020/10/29, 16, 3, 9, 1
2020/10/30, 14, 33, 6, 1
2020/10/31, 12, 33, 4, 1
2020/11/1, 11, 38, 9, 1
2020/11/2, 22, 35, 6, 1
2020/11/3, 17, 28, 2, 
2020/11/4, 27, 26, 3, 
2020/11/5, 26, 27, 4, 
2020/11/6, 37, 23, 5, 
2020/11/7, 38, 29, 7, 
2020/11/8, 19, 25, 11, 
2020/11/9, 20, 29, 11, 1
2020/11/10, 28, 30, 10, 
2020/11/11, 22, 30, 10, 1
2020/11/12, 24, 26, 11, 1
2020/11/13, 29, 29, 7, 
2020/11/14, 27, 27, 4, 1
2020/11/15, 22, 25, 9, 
2020/11/16, 31, 26, 10, 1
2020/11/17, 23, 31, 10, 1
2020/11/18, 20, 30, 10, 1
2020/11/19, 20, 22, 9, 1
2020/11/20, 28, 28, 9, 1
2020/11/21, 23, 29, 7, 1
2020/11/22, 19, 30, 12, 1
2020/11/23, 25, 36, 8, 1
2020/11/24, 22, 30, 14, 1
2020/11/25, 23, 30, 10, 1
2020/11/26, 25, 23, 7, 1
2020/11/27, 23, 25, 8, 1
2020/11/28, 13, 24, 8, 1
2020/11/29, 17, 34, 11, 1
2020/11/30, 16, 25, 12, 1
2020/7/1, 22, 27, 2, 2
2020/7/2, 23, 28, 2, 2
2020/7/3, 25, 26, , 2
2020/7/4, 17, 33, 5, 2
2020/7/5, 13, 35, 6, 2
2020/7/6, 19, 25, 3, 2
2020/7/7, 13, 30, 6, 2
2020/7/8, 19, , , 
2020/7/10, 21, 32, 4, 2
2020/7/11, 24, 39, 3, 2
2020/7/12, 13, 42, 5, 2
2020/7/13, 18, 44, 6, 2
2020/7/14, 18, 47, 4, 2
2020/7/15, 14, 32, 3, 2
2020/7/16, 17, 30, 3, 2
2020/7/17, 18, 29, 3, 2
2020/7/18, 14, 28, 2, 1
2020/7/19, 12, 26, 5, 2
2020/7/20, 16, 33, 5, 1
2020/7/21, 15, 36, 9, 1
2020/7/22, 20, 40, 6, 1
2020/7/23, 17, 38, 6, 1
2020/7/24, 15, 44, 5, 1
2020/7/25, 19, 40, 5, 1
2020/7/26, 19, 42, 9, 1
2020/7/27, 23, 38, 8, 1
2020/7/28, 27, 33, 7, 1
2020/7/29, 22, 36, 8, 1
2020/7/30, 27, 30, 6, 1
2020/7/31, 24, 25, 4, 1
2020/8/1, 19, 28, 2, 1
2020/8/2, 23, 24, 5, 1
2020/8/3, 22, 26, 4, 1
2020/8/4, 20, 21, 9, 1
2020/8/5, 19, 30, 4, 1
2020/8/6, 16, 36, 7, 1
2020/8/7, 16, 33, 2, 1
2020/8/8, 11, 33, 4, 1
2020/8/9, 12, 33, 8, 1
2020/8/10, 18, 35, 8, 1
2020/8/11, 23, 32, 5, 1
2020/8/12, 30, 31, 6, 1
2020/8/13, 33, 31, 3, 1
2020/8/14, 27, 29, 3, 1
2020/8/15, 21, 37, , 1
2020/8/16, 22, 34, 4, 1
2020/8/17, 20, 33, 4, 1
2020/8/18, 18, 30, 5, 1
2020/8/19, 19, 29, 7, 1
2020/8/20, 21, 31, 3, 1
2020/8/21, 26, 26, 3, 1
2020/8/22, 23, 31, 1, 1
2020/8/23, 17, 32, 3, 1
2020/8/24, 18, 28, 5, 1
2020/8/25, 17, 29, 5, 1
2020/8/26, 14, 24, 6, 1
2020/8/27, 15, 27, 5, 1
2020/8/28, 16, 21, 4, 1
2020/8/29, 14, , , 
2020/8/31, 10, 33, 5, 1
2020/9/1, 10, 38, 5, 1
2020/9/2, 11, 40, 6, 1
2020/9/3, 14, 42, 3, 1
2020/9/4, 11, 39, 5, 1
2020/9/5, 11, 41, 3, 1
2020/9/6, 11, 27, 5, 1
2020/9/7, 11, 33, 9, 1
2020/9/8, 14, 38, 5, 1
2020/9/9, 12, 37, 7, 1
2020/9/10, 13, 41, 6, 1
2020/9/11, 12, 38, 9, 1
2020/9/12, 16, 45, 6, 1
2020/9/13, 13, 40, 7, 1
2020/9/14, 17, 43, 6, 1
2020/9/15, 19, 39, 8, 2
2020/9/16, 21, 36, 8, 2
2020/9/17, 21, 31, 11, 2
2020/9/18, 25, 35, 1, 1
2020/9/19, 18, 34, 1, 1
2020/9/20, 13, 39, 5, 2
2020/9/21, 13, 37, 6, 2
2020/9/22, 14, 33, 3, 2
2020/9/23, 13, 35, 3, 2
2020/9/24, 30, 30, 1, 2
2020/9/25, 31, 34, , 2
2020/9/26, 16, 32, , 2
2020/9/27, 18, 31, 4, 2
2020/9/28, 15, 33, 7, 2
2020/9/29, 17, 13, 5, 2
2020/9/30, 15, 38, 6, 2
2020/4/1, 21, 37, 1, 2
2020/4/2, 9, 39, 3, 2
2020/4/3, 15, 42, 4, 3
2020/4/4, 18, 46, 2, 3
2020/4/5, 13, 51, 4, 2
2020/4/6, 16, 48, 6, 2
2020/4/7, 15, 42, 6, 2
2020/4/8, 17, 47, 4, 2
2020/4/9, 17, 47, 2, 2
2020/4/10, 17, 19, 7, 2
2020/4/11, 16, 46, 1, 2
2020/4/12, 19, 40, 1, 2
2020/4/13, 9, 37, 3, 2
2020/4/14, 15, 38, 3, 2
2020/4/15, 17, 36, 1, 2
2020/4/16, 19, 33, 3, 2
2020/4/17, 24, 33, 2, 2
2020/4/18, 21, 29, , 2
2020/4/19, 20, 29, 3, 2
2020/4/20, 5, 39, 1, 2
2020/4/21, 17, 35, 4, 2
2020/4/22, 12, 43, 4, 2
2020/4/23, 17, 47, 5, 2
2020/4/24, 15, 32, 3, 2
2020/4/25, 12, 32, 1, 2
2020/4/26, 11, 42, 2, 2
2020/4/27, 24, 38, 1, 2
2020/4/28, 23, 41, 2, 2
2020/4/29, 16, 39, , 2
2020/4/30, 30, 37, 1, 2
2020/5/1, 22, 28, 2, 2
2020/5/2, 16, 33, 1, 2
2020/5/3, 10, 26, 3, 2
2020/5/4, 12, 28, 4, 2
2020/5/5, 14, 31, 1, 2
2020/5/6, 13, 36, 4, 2
2020/5/7, 16, 39, 2, 2
2020/5/8, 21, 36, 1, 2
2020/5/9, 33, 38, , 2
2020/5/10, 25, , , 
2020/5/13, 23, 42, 2, 2
2020/5/14, 21, 36, 3, 1
2020/5/15, 31, 34, 1, 1
2020/5/16, 14, 34, 3, 2
2020/5/17, 12, 37, 1, 1
2020/5/18, 19, 42, 4, 1
2020/5/19, 22, 45, 4, 1
2020/5/20, 21, 41, 4, 1
2020/5/21, 17, 37, 5, 1
2020/5/22, 18, 44, 5, 1
2020/5/23, 16, 32, , 1
2020/5/24, 20, 36, 2, 1
2020/5/25, 17, 44, 4, 1
2020/5/26, 16, 43, 5, 1
2020/5/27, 18, 38, 3, 1
2020/5/28, 16, 38, 3, 1
2020/5/29, 14, 40, 3, 1
2020/5/30, 11, 42, 3, 1
2020/5/31, 13, 44, 2, 1
2020/6/1, 14, 40, 5, 1
2020/6/2, 15, 41, 4, 1
2020/6/3, 17, 40, 2, 1
2020/6/4, 19, 40, 1, 1
2020/6/5, 18, 32, 7, 1
2020/6/6, 15, , , 
2020/6/8, 13, 34, 3, 1
2020/6/9, 11, 36, 3, 1
2020/6/10, 11, 45, , 1
2020/6/11, 22, 42, , 1
2020/6/12, 44, 42, , 1
2020/6/13, 23, 34, 1, 1
2020/6/14, 13, 35, 3, 1
2020/6/15, 19, 34, 3, 1
2020/6/16, 24, 32, 2, 1
2020/6/17, 17, 32, 1, 2
2020/6/18, 19, 35, 2, 1
2020/6/19, 12, 27, 2, 2
2020/6/20, 12, 29, 1, 2
2020/6/21, 10, 28, 3, 1
2020/6/22, 14, 29, 5, 2
2020/6/23, 14, 39, 3, 2
2020/6/24, 13, 43, 6, 2
2020/6/25, 18, 41, 6, 2
2020/6/26, 21, 33, 2, 2
2020/6/27, 29, 28, 1, 2
2020/6/28, 31, 24, 2, 2
2020/6/29, 29, 29, 3, 2
2020/6/30, 21, 29, 4, 2
2020/1/1, 18, 7, 9, 2
2020/1/2, 18, , , 
2020/1/7, 23, 20, 14, 2
2020/1/8, 25, 31, 13, 2
2020/1/9, 22, 30, 11, 2
2020/1/10, 15, 28, 7, 1
2020/1/11, 20, 24, 11, 2
2020/1/12, 18, 40, 8, 2
2020/1/13, 17, 41, , 2
2020/1/14, 17, 34, 10, 2
2020/1/15, 22, 35, 12, 2
2020/1/16, 25, 35, 10, 2
2020/1/17, 35, 22, 13, 2
2020/1/18, 28, 35, 4, 1
2020/1/19, 11, 35, 3, 1
2020/1/20, 9, 31, 5, 1
2020/1/21, 39, 17, 10, 2
2020/1/22, 89, 27, 10, 2
2020/1/23, 59, 31, 10, 2
2020/1/24, 56, 24, 12, 2
2020/1/25, 55, 31, 7, 2
2020/1/26, 26, 4, 13, 2
2020/1/27, 23, 29, 1, 1
2020/1/28, 29, 22, 8, 2
2020/1/29, 24, 26, 8, 2
2020/1/30, 19, 25, 11, 2
2020/1/31, 17, 20, 9, 2
2020/2/1, 21, 22, 7, 2
2020/2/2, 16, 16, 9, 2
2020/2/3, 19, 32, 6, 2
2020/2/4, 27, 31, 8, 2
2020/2/5, 24, 30, 13, 2
2020/2/6, 20, 29, 14, 2
2020/2/7, 26, 35, 11, 2
2020/2/8, 21, 36, 6, 2
2020/2/9, 22, 34, 2, 2
2020/2/10, 28, 16, 14, 2
2020/2/11, 27, 23, 10, 2
2020/2/12, 21, 36, 6, 2
2020/2/13, 19, 35, 7, 2
2020/2/14, 22, , , 
2020/2/17, 24, 24, 10, 2
2020/2/18, 27, 30, 8, 2
2020/2/19, 19, 33, 12, 2
2020/2/20, 20, 34, 11, 2
2020/2/21, 26, 34, 11, 2
2020/2/22, 19, 36, 8, 2
2020/2/23, 14, 36, 10, 2
2020/2/24, 15, 35, 11, 2
2020/2/25, 24, 28, 5, 2
2020/2/26, 16, 37, 1, 2
2020/2/27, 24, 30, 6, 2
2020/2/28, 43, 37, 6, 2
2020/2/29, 51, 33, 1, 2
2020/3/1, 31, 36, 1, 2
2020/3/2, 45, 35, 1, 2
2020/3/3, 36, 34, 7, 2
2020/3/4, 31, 36, 6, 2
2020/3/5, 23, 35, 2, 2
2020/3/6, 17, 33, 5, 2
2020/3/7, 16, 38, 6, 2
2020/3/8, 15, 34, 6, 2
2020/3/9, 13, 34, 5, 2
2020/3/10, 24, 39, 7, 2
2020/3/11, 20, 38, 12, 2
2020/3/12, 16, 28, 6, 2
2020/3/13, 19, 35, 6, 2
2020/3/14, 16, 34, 4, 2
2020/3/15, 17, 32, 5, 2
2020/3/16, 26, 34, 3, 2
2020/3/17, 28, 32, 5, 2
2020/3/18, 21, 34, 5, 2
2020/3/19, 16, 39, 5, 2
2020/3/20, 17, 37, 3, 2
2020/3/21, 25, 33, 2, 2
2020/3/22, 21, 14, 2, 3
2020/3/23, 13, 35, 2, 2
2020/3/24, 18, 35, 4, 2
2020/3/25, 12, 34, 6, 3
2020/3/26, 9, 41, 4, 3
2020/3/27, 15, 35, 4, 3
2020/3/28, 12, 39, 2, 3
2020/3/29, 14, 40, 4, 3
2020/3/30, 17, 36, 2, 2
2020/3/31, 17, 41, 1, 3
2019/10/1, 22, 29, 8, 3
2019/10/2, 23, 30, 8, 2
2019/10/3, 18, 29, 7, 2
2019/10/4, 16, 42, 9, 2
2019/10/5, 17, 38, 6, 3
2019/10/6, 22, 31, 7, 2
2019/10/7, 20, 35, 8, 2
2019/10/8, 25, 35, 7, 3
2019/10/9, 19, 22, 11, 2
2019/10/10, 20, 30, 8, 2
2019/10/11, 24, 31, 9, 2
2019/10/12, 22, 35, 7, 2
2019/10/13, 25, 36, 9, 2
2019/10/14, 34, 30, 6, 2
2019/10/15, 27, 39, 9, 1
2019/10/16, 17, 42, 10, 2
2019/10/17, 18, 38, 12, 1
2019/10/18, 24, 40, 6, 1
2019/10/19, 25, 36, 2, 1
2019/10/20, 26, 31, 11, 1
2019/10/21, 21, 30, 5, 1
2019/10/22, 21, 35, 2, 1
2019/10/23, 26, 29, 8, 2
2019/10/24, 18, 29, 12, 2
2019/10/25, 17, 31, 13, 2
2019/10/26, 20, 37, 9, 1
2019/10/27, 20, 37, 9, 2
2019/10/28, 20, 28, 10, 2
2019/10/29, 22, 37, 11, 2
2019/10/30, 26, 25, 12, 2
2019/10/31, 26, 31, 8, 2
2019/11/1, 20, 26, 5, 2
2019/11/2, 20, 32, 1, 2
2019/11/3, 39, 33, 2, 2
2019/11/4, 53, 34, 2, 1
2019/11/5, 44, 27, 3, 2
2019/11/6, 38, 31, 7, 2
2019/11/7, 19, 31, 6, 2
2019/11/8, 16, 32, 2, 1
2019/11/9, 17, 30, 4, 
2019/11/10, 20, 25, 9, 1
2019/11/11, 14, 32, 8, 2
2019/11/12, 16, 24, 12, 2
2019/11/13, 15, 28, 7, 
2019/11/14, 19, 30, 9, 2
2019/11/15, 26, 24, 12, 2
2019/11/16, 20, 34, 2, 2
2019/11/17, 12, 25, 12, 2
2019/11/18, 20, 27, 12, 2
2019/11/19, 14, 20, 15, 2
2019/11/20, 14, , , 
2019/11/22, 25, 35, 2, 1
2019/11/23, 33, 30, 2, 2
2019/11/24, 19, 26, 10, 2
2019/11/25, 19, 32, 7, 4
2019/11/26, 18, 31, 3, 3
2019/11/27, 30, 32, 6, 3
2019/11/28, 24, 28, 11, 3
2019/11/29, 30, 32, 7, 3
2019/11/30, 16, 35, 4, 3
2019/12/1, 20, 25, 5, 2
2019/12/2, 10, , , 
2019/12/4, 19, 28, 12, 2
2019/12/5, 28, 26, 10, 2
2019/12/6, 22, 18, 12, 3
2019/12/7, 25, 34, 8, 2
2019/12/8, 16, 22, 7, 2
2019/12/9, 15, 21, 9, 2
2019/12/10, 16, 26, 10, 2
2019/12/11, 17, 29, 2, 2
2019/12/12, 19, 28, 1, 2
2019/12/13, 32, , , 
2019/12/17, 127, , , 
2019/12/19, 34, 29, 2, 2
2019/12/20, 57, 28, 2, 2
2019/12/21, 60, 34, 1, 2
2019/12/22, 48, 35, 4, 2
2019/12/23, 13, 20, 13, 2
2019/12/24, 20, 23, 9, 2
2019/12/25, 18, 16, 12, 3
2019/12/26, 17, 23, 11, 2
2019/12/27, 22, 24, 12, 3
2019/12/28, 19, 22, 11, 2
2019/12/29, 14, , , 
2019/7/1, 29, 47, 10, 
2019/7/2, 27, 42, 9, 
2019/7/3, 27, 42, 9, 
2019/7/4, 26, 33, 6, 
2019/7/5, 28, 29, 1, 
2019/7/6, 36, 32, 2, 
2019/7/7, 57, 32, 9, 
2019/7/8, 55, 44, 4, 1
2019/7/9, 47, 44, 8, 1
2019/7/10, 30, 45, 8, 1
2019/7/11, 22, 28, 11, 1
2019/7/12, 14, 40, 7, 
2019/7/13, 14, , , 
2019/7/15, 24, 44, 8, 1
2019/7/16, 24, 44, 10, 1
2019/7/17, 23, 44, 10, 1
2019/7/18, 23, 42, 10, 1
2019/7/19, 21, 39, 8, 1
2019/7/20, 24, 42, 9, 2
2019/7/21, 26, 41, 7, 1
2019/7/22, 26, 37, 7, 1
2019/7/23, 23, 32, 8, 1
2019/7/24, 24, 35, 10, 1
2019/7/25, 25, 30, 11, 1
2019/7/26, 25, 43, 4, 1
2019/7/27, 28, 31, 2, 1
2019/7/28, 26, 31, 8, 
2019/7/29, 19, 30, 3, 1
2019/7/30, 18, 29, 5, 1
2019/7/31, 25, 36, 6, 1
2019/8/1, 30, 42, 8, 1
2019/8/2, 28, 47, 11, 1
2019/8/3, 25, 44, 10, 1
2019/8/4, 23, 38, 10, 1
2019/8/5, 23, 31, 8, 
2019/8/6, 25, 35, 5, 
2019/8/7, 46, 35, 4, 1
2019/8/8, 43, 35, 6, 1
2019/8/9, 32, 36, 5, 1
2019/8/10, 27, 30, 4, 1
2019/8/11, 27, 30, 5, 1
2019/8/12, 26, 37, 4, 2
2019/8/13, 23, 34, 6, 2
2019/8/14, 25, 31, 6, 1
2019/8/15, 21, 29, 7, 1
2019/8/16, 20, 29, 5, 1
2019/8/17, 18, 31, 5, 1
2019/8/18, 21, 33, 9, 1
2019/8/19, 25, 31, 6, 2
2019/8/20, 31, 40, 5, 3
2019/8/21, 35, 36, 12, 2
2019/8/22, 25, 48, 10, 2
2019/8/23, 30, 40, 6, 2
2019/8/24, 25, 19, 16, 1
2019/8/25, 24, 45, 8, 
2019/8/26, 26, 15, 11, 
2019/8/27, 26, 34, 9, 2
2019/8/28, 18, 38, 8, 2
2019/8/29, 21, 38, 9, 2
2019/8/30, 22, 39, 11, 2
2019/8/31, 21, 45, 8, 2
2019/9/1, 20, 31, 7, 2
2019/9/2, 19, 33, 7, 2
2019/9/3, 17, 37, 10, 2
2019/9/4, 19, 35, 11, 2
2019/9/5, 21, 30, 8, 2
2019/9/6, 24, 39, 8, 2
2019/9/7, 27, 38, 8, 2
2019/9/8, 22, 35, 5, 2
2019/9/9, 17, 38, 3, 3
2019/9/10, 23, 36, 9, 2
2019/9/11, 18, 41, 5, 3
2019/9/12, 20, 36, 7, 2
2019/9/13, 24, 39, 7, 3
2019/9/14, 23, 36, 6, 1
2019/9/15, 33, 32, 8, 1
2019/9/16, 38, 34, 9, 2
2019/9/17, 37, 35, 9, 2
2019/9/18, 31, 34, 8, 2
2019/9/19, 32, 39, 10, 2
2019/9/20, 32, 32, 5, 2
2019/9/21, 33, 34, 3, 2
2019/9/22, 36, 32, 6, 2
2019/9/23, 30, 40, 8, 2
2019/9/24, 21, 32, 10, 3
2019/9/25, 25, 33, 8, 2
2019/9/26, 26, 33, 8, 1
2019/9/27, 22, 33, 7, 1
2019/9/28, 22, 23, 12, 1
2019/9/29, 23, 30, 7, 2
2019/4/1, 24, 45, 10, 
2019/4/2, 26, 44, 1, 
2019/4/3, 23, 40, 6, 
2019/4/4, 19, 47, 9, 
2019/4/5, 17, 44, , 
2019/4/6, 30, 42, 2, 
2019/4/7, 44, 40, 7, 
2019/4/8, 28, 46, 5, 
2019/4/9, 20, 42, 6, 
2019/4/10, 20, 43, 6, 
2019/4/11, 17, 49, 7, 
2019/4/12, 20, 55, 7, 
2019/4/13, 24, 56, 6, 
2019/4/14, 18, 47, 10, 1
2019/4/15, 21, 49, 6, 1
2019/4/16, 19, 46, 8, 1
2019/4/17, 19, 45, 2, 
2019/4/18, 24, 46, , 
2019/4/19, 34, 51, 2, 1
2019/4/20, 31, 49, , 
2019/4/21, 40, 42, 2, 
2019/4/22, 29, 50, , 
2019/4/23, 19, 44, , 
2019/4/24, 35, 45, , 
2019/4/25, 31, 39, 7, 
2019/4/26, 27, 44, 9, 1
2019/4/27, 17, 41, 7, 1
2019/4/28, 17, 41, 6, 
2019/4/29, 23, 41, 8, 1
2019/4/30, 19, 10, 13, 1
2019/5/1, 18, 41, 13, 1
2019/5/2, 19, 43, 10, 1
2019/5/3, 19, 44, 5, 1
2019/5/4, 12, 43, 1, 1
2019/5/5, 16, 40, 5, 1
2019/5/6, 26, 44, 7, 1
2019/5/7, 21, 46, 3, 1
2019/5/8, 28, 43, 4, 1
2019/5/9, 28, 35, 4, 1
2019/5/10, 24, 34, 8, 1
2019/5/11, 24, 40, 6, 1
2019/5/12, 21, 41, 10, 1
2019/5/13, 19, 51, 8, 1
2019/5/14, 22, 49, 11, 1
2019/5/15, 20, 50, 6, 
2019/5/16, 21, 48, 6, 
2019/5/17, 19, 46, 4, 
2019/5/18, 17, 45, 2, 
2019/5/19, 14, 33, 12, 
2019/5/20, 15, 46, 7, 
2019/5/21, 17, 45, 2, 
2019/5/22, 18, 42, 10, 
2019/5/23, 16, 31, 18, 
2019/5/24, 17, 40, 8, 
2019/5/25, 15, 39, 5, 
2019/5/26, 11, 33, 6, 
2019/5/27, 12, 35, 9, 
2019/5/28, 17, 34, 5, 
2019/5/29, 22, 37, 7, 
2019/5/30, 17, 40, 8, 
2019/5/31, 18, 42, 8, 1
2019/6/1, 16, 44, 7, 
2019/6/2, 14, 47, 11, 
2019/6/3, 15, 49, 11, 
2019/6/4, 17, 47, 8, 
2019/6/5, 22, 39, 4, 
2019/6/6, 29, 42, 8, 
2019/6/7, 32, 38, 5, 
2019/6/8, 36, 42, 4, 
2019/6/9, 32, 47, 6, 
2019/6/10, 31, 40, 6, 
2019/6/11, 26, 40, 4, 
2019/6/12, 18, 40, 7, 
2019/6/13, 19, 48, 2, 
2019/6/14, 34, 45, 2, 
2019/6/15, 34, 38, 2, 
2019/6/16, 28, 43, 6, 
2019/6/17, 20, 45, 10, 
2019/6/18, 21, 37, 10, 
2019/6/19, 24, 30, 10, 1
2019/6/20, 28, 34, 9, 
2019/6/21, 28, 34, 4, 
2019/6/22, 23, 40, 7, 
2019/6/23, 18, 35, 5, 
2019/6/24, 24, 37, 4, 
2019/6/25, 45, 44, 9, 
2019/6/26, 37, 47, 7, 
2019/6/27, 26, 41, 15, 
2019/6/28, 26, 43, 9, 
2019/6/29, 29, 43, 13, 
2019/6/30, 27, 52, 12, 
2019/1/1, 22, 21, 11, 1
2019/1/2, 19, 27, 11, 2
2019/1/3, 23, 28, 13, 1
2019/1/4, 24, 28, 10, 1
2019/1/5, 22, 15, 11, 1
2019/1/6, 19, , , 
2019/1/11, 24, 29, 12, 3
2019/1/12, 25, 29, 10, 3
2019/1/13, 20, 26, 12, 3
2019/1/14, 14, 31, 12, 3
2019/1/15, 20, 34, 10, 2
2019/1/16, 22, 28, 13, 3
2019/1/17, 23, 22, 14, 2
2019/1/18, 16, 25, 13, 3
2019/1/19, 15, 24, 10, 3
2019/1/20, 19, 29, 11, 2
2019/1/21, 8, 32, 8, 3
2019/1/22, 10, 31, 4, 2
2019/1/23, 10, 35, 8, 2
2019/1/24, 15, 27, 12, 1
2019/1/25, 14, 29, 7, 1
2019/1/26, 12, 34, 2, 1
2019/1/27, 13, 34, 2, 1
2019/1/29, 20, 36, 5, 1
2019/1/30, 20, 31, 3, 1
2019/1/31, 26, 35, 2, 1
2019/2/1, 51, 40, 2, 1
2019/2/2, 57, 33, 4, 1
2019/2/3, 29, 38, 10, 1
2019/2/4, 24, 32, 7, 1
2019/2/5, 39, 34, 11, 2
2019/2/6, 37, 32, 13, 1
2019/2/7, 24, 34, 10, 1
2019/2/8, 30, 37, 11, 1
2019/2/9, 32, 37, 4, 1
2019/2/10, 27, 35, 10, 1
2019/2/11, 26, 35, 12, 1
2019/2/12, 29, 39, 14, 1
2019/2/13, 24, 38, 14, 1
2019/2/14, 23, 34, 14, 1
2019/2/15, 19, 25, 13, 1
2019/2/16, 20, 37, 14, 1
2019/2/17, 24, 10, 12, 1
2019/2/18, 23, , , 
2019/2/21, 21, 24, 12, 
2019/2/22, 22, 24, 6, 1
2019/2/27, 28, 38, 10, 1
2019/2/28, 26, 41, 11, 2
2019/3/1, 30, 7, 18, 2
2019/3/2, 26, , , 
2019/3/11, 24, 40, 2, 
2019/3/15, 21, , , 
2019/3/18, 29, 32, 12, 
2019/3/19, 22, 32, 12, 
2019/3/20, 16, 42, 10, 
2019/3/21, 18, 43, 9, 
2019/3/22, 26, 48, 10, 
2019/3/23, 26, 50, 13, 
2019/3/24, 27, 51, 13, 
2019/3/25, 25, 41, 12, 
2019/3/26, 25, 41, 13, 
2019/3/27, 31, 48, 14, 1
2019/3/28, 27, 47, 13, 
2019/3/29, 24, 45, 9, 
2019/3/30, 20, 42, 6, 
2019/3/31, 23, 46, 10, 
2018/10/1, 22, 38, 12, 2
2018/10/2, 32, 33, 8, 1
2018/10/3, 36, 35, 8, 1
2018/10/4, 29, 38, 14, 2
2018/10/5, 33, 36, 10, 1
2018/10/6, 32, 29, 11, 
2018/10/7, 33, 27, 11, 2
2018/10/9, 16, 28, 9, 2
2018/10/10, 18, 34, 8, 2
2018/10/11, 25, 33, 7, 2
2018/10/12, 22, 33, 8, 2
2018/10/13, 22, 35, 7, 2
2018/10/14, 21, 38, 2, 2
2018/10/15, 20, 36, 10, 2
2018/10/16, 21, 30, 12, 2
2018/10/17, 20, 26, 10, 2
2018/10/18, 16, 36, 13, 2
2018/10/19, 17, 29, 11, 2
2018/10/20, 19, 34, 8, 2
2018/10/21, 25, 36, 13, 3
2018/10/22, 28, 36, 16, 3
2018/10/23, 29, 40, 12, 3
2018/10/24, 27, 44, 10, 3
2018/10/25, 28, 53, 11, 3
2018/10/26, 26, 29, 14, 3
2018/10/27, 23, 30, 6, 3
2018/10/28, 12, 34, 4, 2
2018/10/29, 7, 37, 6, 1
2018/10/30, 31, 45, 3, 
2018/10/31, 57, 36, 9, 1
2018/11/1, 45, 30, 10, 1
2018/11/2, 15, 36, 9, 1
2018/11/3, 15, 39, 6, 1
2018/11/4, 13, 44, 9, 1
2018/11/5, 19, 41, 2, 1
2018/11/6, 24, 40, 5, 1
2018/11/7, 33, 34, 12, 1
2018/11/8, 24, 34, 7, 1
2018/11/9, 21, 34, 7, 1
2018/11/10, 24, 23, 9, 1
2018/11/11, 29, 28, 12, 1
2018/11/12, 25, 24, 13, 1
2018/11/13, 28, 19, 14, 1
2018/11/14, 31, 24, 11, 
2018/11/15, 26, 25, 15, 1
2018/11/16, 25, 27, 14, 1
2018/11/17, 16, 29, 11, 1
2018/11/18, 14, 29, 10, 1
2018/11/19, 11, 37, 8, 1
2018/11/20, 14, 35, 7, 1
2018/11/21, 50, 26, 13, 1
2018/11/22, 44, 25, 12, 1
2018/11/23, 22, 30, 12, 1
2018/11/24, 17, 35, 6, 1
2018/11/25, 21, 30, 7, 1
2018/11/26, 26, 34, 4, 1
2018/11/27, 24, 10, 17, 2
2018/11/28, 19, 33, 10, 1
2018/11/29, 21, 34, 8, 1
2018/11/30, 22, 35, 7, 1
2018/12/1, 18, 23, 10, 1
2018/12/2, 15, 16, 16, 2
2018/12/3, 21, 17, 15, 2
2018/12/4, 25, 21, 11, 1
2018/12/5, 19, 24, 12, 2
2018/12/6, 13, 31, 9, 2
2018/12/7, 20, 29, 8, 1
2018/12/8, 16, 32, 2, 1
2018/12/9, 15, 30, 11, 1
2018/12/10, 21, 29, 10, 2
2018/12/11, 31, 26, 9, 2
2018/12/12, 26, 32, 6, 1
2018/12/13, 27, 27, 14, 1
2018/12/14, 21, 31, 4, 2
2018/12/15, 20, 29, 1, 1
2018/12/16, 26, 26, 5, 
2018/12/17, 30, 29, 9, 1
2018/12/18, 25, 26, 14, 2
2018/12/19, 24, 8, 20, 2
2018/12/20, 31, 32, 9, 2
2018/12/21, 26, 27, 12, 2
2018/12/22, 22, 23, 11, 2
2018/12/23, 23, 13, 14, 2
2018/12/24, 20, 4, 12, 2
2018/12/25, 23, 20, 13, 2
2018/12/26, 22, 25, 12, 2
2018/12/27, 25, 19, 14, 2
2018/12/28, 25, 23, 12, 2
2018/12/29, 21, 23, 12, 2
2018/12/30, 21, , , 
2018/7/1, 111, 37, 5, 1
2018/7/2, 62, 32, 6, 
2018/7/3, 35, 33, 10, 1
2018/7/4, 36, 41, 5, 1
2018/7/5, 24, 40, 6, 1
2018/7/6, 21, 35, 7, 1
2018/7/7, 18, 45, 5, 1
2018/7/8, 19, 44, 11, 1
2018/7/9, 20, 35, 6, 1
2018/7/10, 146, 41, 7, 1
2018/7/11, 54, 38, 6, 
2018/7/12, 37, 34, 9, 
2018/7/13, 42, 43, 8, 
2018/7/14, 37, 29, 6, 
2018/7/15, 408, 47, 1, 
2018/7/16, 564, 38, 9, 1
2018/7/17, 238, 48, 6, 1
2018/7/18, 323, 42, 9, 1
2018/7/21, 24, 39, 7, 1
2018/7/22, 25, 42, 7, 1
2018/7/23, 22, 39, 7, 
2018/7/24, 16, 43, 8, 
2018/7/25, 20, 44, 11, 
2018/7/26, 21, 35, 10, 
2018/7/27, 24, 34, 8, 
2018/7/28, 22, 38, 4, 
2018/7/29, 23, 41, 6, 
2018/7/30, 32, 28, 6, 1
2018/7/31, 32, 33, 9, 
2018/8/1, 28, 39, 7, 
2018/8/2, 28, 42, 9, 
2018/8/3, 25, 46, 14, 
2018/8/4, 30, 43, 11, 
2018/8/5, 30, 31, 8, 
2018/8/6, 53, 30, 8, 
2018/8/7, 29, 28, 10, 
2018/8/8, 29, 33, 8, 8
2018/8/9, 35, 29, 8, 
2018/8/10, 44, 32, 13, 
2018/8/11, 31, 28, 8, 
2018/8/12, 32, 32, 5, 
2018/8/13, 31, 26, 9, 
2018/8/14, 26, 18, 10, 
2018/8/15, 21, 35, 8, 
2018/8/16, 20, 34, 9, 1
2018/8/17, 20, 25, 6, 1
2018/8/18, 17, 37, 7, 
2018/8/19, 16, 49, 11, 1
2018/8/21, 24, 55, 10, 1
2018/8/22, 25, 50, 11, 1
2018/8/23, 24, 45, 8, 1
2018/8/24, 26, 33, 9, 1
2018/8/25, 22, 40, 6, 
2018/8/26, 19, 32, 6, 1
2018/8/27, 19, 31, 7, 1
2018/8/28, 22, 27, 5, 1
2018/8/29, 20, 34, 7, 1
2018/8/30, 22, 38, 10, 1
2018/8/31, 27, 17, 8, 
2018/9/1, 24, 32, 8, 
2018/9/2, 21, , , 
2018/9/3, 21, , , 
2018/9/7, 24, , , 
2018/9/10, 22, 34, 8, 
2018/9/11, 31, , , 
2018/9/17, 26, 28, 9, 2
2018/9/18, 32, 29, 9, 2
2018/9/19, 31, 37, 8, 2
2018/9/20, 26, 35, 11, 1
2018/9/21, 26, 38, 7, 
2018/9/22, 22, 36, 6, 1
2018/9/23, 26, 14, 14, 2
2018/9/24, 20, 35, 5, 2
2018/9/25, 24, 36, 7, 2
2018/9/26, 29, 43, 11, 2
2018/9/27, 27, 47, 11, 2
2018/9/28, 24, 52, 14, 2
2018/9/29, 30, 57, 7, 2
2018/9/30, 26, 39, 11, 2
2018/4/1, 29, 47, 10, 1
2018/4/2, 17, 48, 8, 1
2018/4/3, 38, 45, 2, 1
2018/4/4, 29, 39, 14, 1
2018/4/5, 23, 37, 14, 1
2018/4/6, 20, 42, 5, 1
2018/4/7, 24, 45, 1, 1
2018/4/8, 31, 51, 2, 1
2018/4/9, 19, 49, 1, 1
2018/4/10, 26, 48, 1, 1
2018/4/11, 27, 38, 4, 1
2018/4/12, 32, 46, 5, 1
2018/4/13, 26, 36, 11, 1
2018/4/14, 21, 47, 5, 1
2018/4/15, 21, 47, 9, 1
2018/4/16, 22, 42, 12, 1
2018/4/17, 19, 41, 15, 2
2018/4/18, 20, 45, 9, 1
2018/4/19, 24, 39, 12, 1
2018/4/20, 28, 47, 12, 1
2018/4/21, 27, 44, 11, 1
2018/4/22, 26, 37, 12, 1
2018/4/23, 28, 45, 10, 2
2018/4/24, 33, 40, 11, 2
2018/4/25, 27, 36, 6, 1
2018/4/26, 32, 41, 9, 1
2018/4/27, 26, 51, 8, 1
2018/4/28, 23, 46, 4, 1
2018/4/29, 25, 47, 2, 1
2018/4/30, 40, 44, 5, 1
2018/5/1, 19, 53, 2, 1
2018/5/2, 14, 43, 7, 1
2018/5/3, 15, 35, 10, 1
2018/5/4, 17, 35, 10, 1
2018/5/5, 12, 46, 9, 2
2018/5/6, 16, 40, 7, 1
2018/5/7, 19, 39, 5, 1
2018/5/8, 14, 45, 4, 1
2018/5/9, 16, 43, 6, 1
2018/5/10, 22, 41, 7, 1
2018/5/11, 20, 44, 6, 1
2018/5/12, 21, 44, , 1
2018/5/13, 15, 41, 5, 1
2018/5/14, 7, 42, 6, 1
2018/5/15, 10, 45, 8, 2
2018/5/16, 14, 49, 9, 2
2018/5/17, 15, 43, 11, 2
2018/5/18, 21, 48, 6, 2
2018/5/19, 20, 52, 6, 2
2018/5/20, 16, 57, 6, 1
2018/5/21, 16, 46, 2, 2
2018/5/22, 19, 46, 10, 1
2018/5/23, 23, 44, 16, 2
2018/5/24, 18, 45, 5, 1
2018/5/25, 19, 45, 6, 1
2018/5/26, 28, 43, 2, 1
2018/5/27, 28, 45, 1, 1
2018/5/28, 27, 41, 8, 1
2018/5/29, 24, 57, 8, 1
2018/5/30, 22, 48, 4, 
2018/5/31, 20, 21, 13, 1
2018/6/1, 18, , , 
2018/6/5, 22, 40, , 1
2018/6/6, 21, 44, 7, 2
2018/6/7, 20, 42, 7, 2
2018/6/8, 13, 44, 11, 2
2018/6/9, 15, 38, 4, 1
2018/6/10, 17, 45, 4, 2
2018/6/11, 20, 42, 6, 1
2018/6/12, 18, 43, 4, 1
2018/6/13, 16, 42, 8, 
2018/6/14, 19, 43, 8, 
2018/6/15, 20, 41, 6, 
2018/6/16, 16, 41, 6, 
2018/6/17, 14, 34, 7, 
2018/6/18, 13, 39, 7, 
2018/6/19, 18, 43, 5, 
2018/6/20, 17, 49, 10, 
2018/6/21, 16, 46, 10, 1
2018/6/22, 18, 41, 7, 1
2018/6/23, 18, 46, 6, 
2018/6/24, 17, 46, 10, 
2018/6/25, 17, 48, 8, 
2018/6/26, 21, 44, 3, 
2018/6/27, 18, 38, 8, 
2018/6/28, 15, 44, 7, 
2018/6/29, 16, 42, 7, 
2018/6/30, 26, 31, 7, 1
2018/2/13, 13, 41, 20, 2
2018/2/14, 30, 33, 25, 3
2018/2/15, 21, 33, 25, 3
2018/2/16, 20, 38, 3, 
2018/2/17, 19, 38, 12, 1
2018/2/18, 15, 36, 17, 1
2018/2/19, 18, 32, 11, 1
2018/2/20, 19, 31, 11, 
2018/2/21, 15, 30, 18, 
2018/2/22, 84, 28, 18, 1
2018/2/23, 46, 21, 13, 1
2018/2/24, 25, 42, 10, 1
2018/2/25, 24, 46, 14, 1
2018/2/26, 27, 30, 7, 1
2018/2/27, 17, 37, 14, 
2018/2/28, 13, 42, 4, 
2018/3/1, 22, 43, 3, 
2018/3/2, 35, 42, 3, 
2018/3/3, 31, 45, 4, 
2018/3/4, 25, 45, 6, 
2018/3/5, 19, 43, 3, 
2018/3/6, 37, 44, 6, 
2018/3/7, 34, 43, 13, 
2018/3/8, 16, 42, 11, 1
2018/3/9, 18, 37, 12, 1
2018/3/10, 25, 36, 7, 
2018/3/11, 23, 41, 6, 
2018/3/12, 27, 42, 9, 1
2018/3/13, 34, 43, 9, 
2018/3/14, 20, 40, 1, 
2018/3/15, 23, 48, 4, 
2018/3/16, 27, 43, 10, 
2018/3/17, 17, 44, 1, 
2018/3/18, 14, 46, 3, 
2018/3/19, 16, 44, 4, 
2018/3/20, 16, 44, 5, 
2018/3/21, 14, 48, 6, 1
2018/3/22, 19, 47, 5, 1
2018/3/23, 16, 51, 6, 
2018/3/24, 18, 44, 6, 
2018/3/25, 16, 48, 5, 
2018/3/26, 11, 41, 5, 1
2018/3/27, 12, 47, 5, 1
2018/3/28, 17, 43, 10, 1
2018/3/29, 24, 44, 5, 1
2018/3/30, 20, 48, 2, 1
2018/3/31, 24, 47, 8, 1
2025/7/28, , 37, , 
2025/7/29, , 40, 1, 1
2025/8/3, , 42, 4, 1
2025/8/24, , 32, 8, 
2025/9/7, , 24, 5, 
2025/9/28, , 34, 5, 1
2024/12/31, , 26, 7, 1
2025/2/25, , 19, 6, 2
2025/2/27, , 28, 8, 2
2025/3/3, , 30, 3, 1
2024/11/24, , 19, 9, 1
2024/12/1, , 21, 3, 
2024/12/4, , 24, 9, 
2024/7/17, , 25, 1, 2
2024/7/25, , 36, 7, 2
2024/7/29, , 20, 7, 2
2024/8/4, , 15, 4, 2
2024/8/18, , 13, 11, 
2024/8/22, , 4, 14, 2
2024/8/29, , 34, 8, 2
2024/1/2, , 35, 7, 2
2024/3/18, , 39, 14, 1
2023/12/13, , 27, 7, 2
2023/7/2, , 20, 5, 1
2023/8/23, , 21, 7, 1
2023/1/13, , 25, 5, 
2023/2/5, , 9, , 1
2023/2/9, , 27, , 1
2023/2/14, , 11, 19, 1
2023/2/15, , 35, 12, 1
2023/2/16, , 36, 13, 1
2023/2/17, , 8, 9, 1
2023/2/18, , 31, 5, 1
2023/2/19, , 29, 15, 1
2023/2/20, , 10, 9, 1
2023/2/21, , 29, 10, 1
2023/2/26, , 28, 6, 1
2023/3/1, , 8, 25, 2
2023/3/8, , 14, 4, 1
2022/10/19, , 22, 14, 1
2022/10/20, , 30, 10, 1
2022/10/21, , 26, 12, 1
2022/10/22, , 30, 8, 1
2022/10/23, , 29, 11, 1
2022/11/13, , 31, 2, 1
2022/8/21, , 19, 7, 1
2022/1/2, , 26, 7, 1
2022/1/15, , 33, 15, 2
2022/1/16, , 24, 19, 2
2021/10/24, , 31, 18, 1
2021/11/16, , 18, 13, 1
2021/7/6, , 30, 1, 1
2021/8/31, , 34, 6, 1
2021/6/2, , 36, 3, 1
2021/6/6, , 34, , 
2021/6/8, , 44, 2, 
2021/6/9, , 37, 17, 
2021/6/12, , 48, 8, 
2021/6/15, , 42, 13, 
2021/1/5, , 20, 13, 1
2021/1/6, , 12, 8, 1
2021/1/7, , 19, 9, 1
2021/1/8, , 22, 5, 1
2021/1/9, , 26, 1, 1
2021/1/10, , 26, 4, 1
2021/1/11, , 21, 8, 1
2021/1/12, , 24, 4, 1
2021/1/13, , 21, 12, 1
2021/1/14, , 23, 10, 1
2021/1/15, , 23, 6, 1
2021/1/16, , 4, 9, 2
2021/1/18, , 21, 8, 1
2021/1/19, , 22, 10, 1
2021/1/20, , 29, 7, 1
2021/1/21, , 28, 1, 1
2021/1/22, , 29, 1, 1
2021/1/24, , 32, , 1
2021/1/25, , 22, 2, 1
2021/1/26, , 22, 9, 1
2021/1/27, , 13, 8, 1
2021/1/28, , 10, 7, 1
2021/1/29, , 11, 9, 1
2021/1/30, , 29, 4, 1
2021/1/31, , 30, , 1
2021/2/1, , 30, 1, 1
2021/2/2, , 16, 5, 1
2021/2/3, , 20, 3, 1
2021/2/4, , 18, 8, 1
2021/2/5, , 10, 10, 1
2021/2/6, , 25, , 1
2021/2/7, , 25, 3, 1
2021/2/8, , 29, 1, 1
2021/2/9, , 28, 1, 1
2021/2/10, , 33, 3, 1
2021/2/11, , 22, 10, 1
2021/2/12, , 24, 9, 1
2021/2/13, , 14, 13, 1
2021/2/14, , 12, , 1
2021/2/15, , 13, , 1
2021/2/16, , 11, , 1
2021/2/17, , 18, , 1
2021/2/18, , 21, , 1
2021/2/19, , 21, , 1
2021/2/20, , 18, , 1
2021/2/21, , 18, , 1
2021/2/22, , 15, , 1
2021/2/23, , 10, , 1
2020/12/1, , 18, 7, 
2020/12/2, , 28, 5, 1
2020/12/3, , 29, 1, 1
2020/12/4, , 21, 5, 1
2020/12/5, , 24, 1, 1
2020/12/6, , 29, 1, 1
2020/12/7, , 29, 1, 
2020/12/8, , 23, 2, 1
2020/12/9, , 26, 1, 1
2020/12/10, , 12, 5, 1
2020/12/11, , 26, 1, 
2020/12/12, , 21, 4, 1
2020/12/13, , 18, 17, 1
2020/12/14, , 15, 8, 1
2020/12/15, , 8, 14, 1
2020/12/16, , 7, 12, 
2020/12/17, , 14, 8, 
2020/12/18, , 15, 9, 
2020/12/19, , 19, 7, 1
2020/12/20, , 15, 11, 1
2020/12/21, , 17, 11, 1
2020/12/22, , 16, 13, 1
2020/12/23, , 13, 11, 1
2020/12/24, , 21, 9, 1
2020/12/25, , 24, 2, 
2020/12/30, , 18, 2, 1
2020/12/31, , 26, , 1
2020/7/9, , 31, 3, 2
2020/8/30, , 34, 3, 1
2020/5/12, , 41, , 2
2020/6/7, , 24, 5, 1
2019/12/31, , 28, 8, 2
2020/1/6, , 20, 13, 2
2020/2/16, , 34, 4, 2
2019/9/30, , 34, 6, 2
2019/11/21, , 30, 6, 2
2019/12/3, , 19, 19, 2
2019/12/16, , 24, 1, 1
2019/12/18, , 28, 7, 4
2019/7/14, , 39, 10, 1
2018/12/31, , 14, 12, 2
2019/1/9, , 30, , 
2019/1/10, , 23, 18, 3
2019/1/28, , 34, 3, 1
2019/2/19, , 40, 11, 
2019/2/20, , 40, 10, 
2019/2/23, , 9, 12, 
2019/2/25, , 43, , 
2019/2/26, , 47, 7, 
2019/3/3, , 23, 15, 
2019/3/9, , 38, 8, 
2019/3/10, , 29, 11, 
2019/3/12, , 34, 3, 1
2019/3/13, , 38, 6, 
2019/3/14, , 39, 10, 
2019/3/16, , 46, 7, 
2019/3/17, , 37, 7, 
2018/10/8, , 31, 11, 2
2018/7/19, , 38, 7, 1
2018/7/20, , 40, 5, 1
2018/8/20, , 48, 11, 1
2018/9/5, , 40, , 
2018/9/6, , 35, 10, 1
2018/9/8, , 38, 9, 1
2018/9/9, , 35, 8, 1
2018/9/15, , 34, 7, 1
2018/9/16, , 31, 10, 2
2018/6/3, , 42, 4, 2
2018/6/4, , 42, 4, 1
2018/2/12, , 29, 3, 
2025/6/30, , , 7, 1
2025/7/6, , , 2, 
2025/4/19, , , 2, 
2025/5/4, , , 2, 1
2025/5/27, , , , 
2025/6/8, , , 3, 1
2025/6/19, , , 11, 1
2025/6/23, , , 19, 1
2025/3/24, , , 9, 2
2023/3/6, , , , 1