date;pm25;pm10;o3;no2;so2;co
2025/11/1; 39; ; 24; 3; ; 1
2025/11/2; 21; ; 21; 8; ; 1
2025/11/3; 39; ; 14; 10; ; 1
2025/11/4; 63; ; 19; 8; ; 1
2025/11/5; 51; ; 22; 7; ; 1
2025/11/6; 16; ; 15; 14; ; 1
2025/11/7; 39; ; 23; 3; ; 1
2025/11/8; 25; ; 22; 6; ; 1
2025/11/9; 21; ; 12; 10; ; 1
2025/11/10; 49; ; 11; 11; ; 1
2025/11/11; 59; ; 26; 9; ; 1
2025/11/12; 53; ; 25; 8; ; 1
2025/11/13; 52; ; 23; 3; ; 1
2025/11/14; 32; ; ; ; ; 
2025/10/1; 31; ; 30; 13; ; 1
2025/10/2; 52; ; 26; 12; ; 1
2025/10/3; 62; ; 29; 4; ; 1
2025/10/4; 44; ; 26; ; ; 1
2025/10/5; 19; ; 23; 10; ; 1
2025/10/6; 30; ; 19; 16; ; 1
2025/10/7; 60; ; 29; 9; ; 1
2025/10/8; 68; ; 28; 3; ; 1
2025/10/9; 45; ; 27; 5; ; 1
2025/10/10; 40; ; 26; 6; ; 1
2025/10/11; 50; ; 26; 4; ; 1
2025/10/12; 43; ; 24; 5; ; 1
2025/10/13; 41; ; 29; 10; ; 1
2025/10/14; 48; ; 24; 11; ; 1
2025/10/15; 57; ; 17; 12; ; 1
2025/10/16; 65; ; 22; 12; ; 1
2025/10/17; 73; ; 26; 8; ; 1
2025/10/18; 66; ; 18; 6; ; 1
2025/10/19; 65; ; 24; 7; ; 1
2025/10/20; 41; ; 20; 7; ; 1
2025/10/21; 37; ; 22; 5; ; 1
2025/10/22; 38; ; 30; 3; ; 1
2025/10/23; 24; ; 24; 6; ; 1
2025/10/24; 44; ; 14; 5; ; 1
2025/10/25; 41; ; 27; 2; ; 1
2025/10/26; 18; ; 27; 3; ; 1
2025/10/27; 21; ; 18; 7; ; 1
2025/10/28; 45; ; 7; 11; ; 1
2025/10/29; 55; ; 18; 8; ; 1
2025/10/30; 37; ; 11; 10; ; 1
2025/10/31; 45; ; 22; 5; ; 1
2025/7/1; 74; ; 47; 10; ; 2
2025/7/2; 115; ; 42; 6; ; 1
2025/7/3; 41; ; 54; ; ; 1
2025/7/4; 50; ; 52; ; ; 1
2025/7/5; 48; ; 47; ; ; 1
2025/7/6; 44; ; 29; ; ; 1
2025/7/7; 26; ; 39; 2; ; 1
2025/7/8; 20; ; 34; ; ; 1
2025/7/9; 44; ; 39; ; ; 1
2025/7/10; 71; ; 31; ; ; 1
2025/7/11; 68; ; 33; ; ; 1
2025/7/12; 31; ; 45; ; ; 1
2025/7/13; 43; ; 36; ; ; 1
2025/7/14; 58; ; 33; ; ; 1
2025/7/15; 35; ; 39; ; ; 1
2025/7/16; 47; ; 39; 14; ; 1
2025/7/17; 50; ; 42; 7; ; 1
2025/7/18; 72; ; 31; 3; ; 1
2025/7/19; 31; ; 29; 4; ; 1
2025/7/20; 36; ; 33; 3; ; 1
2025/7/21; 34; ; 37; 8; ; 1
2025/7/22; 36; ; 30; 4; ; 1
2025/7/23; 35; ; 29; 3; ; 1
2025/7/24; 26; ; 32; 3; ; 1
2025/7/25; 29; ; 34; 2; ; 1
2025/7/26; 36; ; 28; 2; ; 1
2025/7/27; 30; ; 30; 2; ; 1
2025/7/28; 29; ; 34; 2; ; 1
2025/7/29; 33; ; 24; 3; ; 1
2025/7/30; 24; ; 30; 3; ; 1
2025/7/31; 25; ; 32; 3; ; 1
2025/8/1; 34; ; 34; 2; ; 1
2025/8/2; 21; ; 35; 3; ; 1
2025/8/3; 31; ; 44; 10; ; 1
2025/8/4; 40; ; 44; 8; ; 1
2025/8/5; 75; ; 30; 10; ; 1
2025/8/6; 36; ; 40; 12; ; 1
2025/8/7; 49; ; 39; 10; ; 1
2025/8/8; 57; ; 44; 6; ; 1
2025/8/9; 55; ; 47; 8; ; 1
2025/8/10; 55; ; 50; 12; ; 1
2025/8/11; 68; ; 28; 9; ; 1
2025/8/12; 54; ; ; ; ; 
2025/8/22; 26; ; 40; 7; ; 1
2025/8/23; 39; ; 39; 5; ; 1
2025/8/24; 41; ; 28; 10; ; 2
2025/8/25; 47; ; 35; 11; ; 1
2025/8/26; 53; ; 24; 11; ; 1
2025/8/27; 49; ; 32; 4; ; 1
2025/8/28; 26; ; 33; 8; ; 1
2025/8/29; 30; ; 30; 6; ; 1
2025/8/30; 20; ; 29; 6; ; 1
2025/8/31; 21; ; 28; 3; ; 1
2025/9/1; 16; ; 31; 7; ; 1
2025/9/2; 24; ; 27; 12; ; 1
2025/9/3; 31; ; 30; 5; ; 1
2025/9/4; 28; ; 26; 5; ; 1
2025/9/5; 26; ; 28; 5; ; 1
2025/9/6; 24; ; 28; 7; ; 1
2025/9/7; 26; ; 26; 3; ; 1
2025/9/8; 24; ; 29; 3; ; 1
2025/9/9; 13; ; 26; 7; ; 1
2025/9/10; 21; ; 30; 6; ; 1
2025/9/11; 16; ; 23; 7; ; 1
2025/9/12; 15; ; 30; 6; ; 1
2025/9/13; 31; ; 29; 8; ; 1
2025/9/14; 28; ; 28; 11; ; 1
2025/9/15; 46; ; 27; 8; ; 1
2025/9/16; 21; ; 23; 14; ; 1
2025/9/17; 44; ; 27; 10; ; 1
2025/9/18; 69; ; 26; 7; ; 1
2025/9/19; 51; ; 25; 4; ; 1
2025/9/20; 44; ; 23; 3; ; 1
2025/9/21; 16; ; 29; 3; ; 1
2025/9/22; 18; ; 29; 3; ; 1
2025/9/23; 23; ; 29; 2; ; 1
2025/9/24; 18; ; 31; 3; ; 1
2025/9/25; 21; ; 33; 7; ; 1
2025/9/26; 39; ; 32; 8; ; 1
2025/9/27; 63; ; 29; 5; ; 1
2025/9/28; 51; ; 19; 9; ; 1
2025/9/29; 36; ; 32; 7; ; 1
2025/9/30; 45; ; 33; 4; ; 1
2025/4/4; 45; ; 35; 7; ; 1
2025/4/5; 27; ; 36; 4; ; 1
2025/4/6; 23; ; 40; 7; ; 1
2025/4/7; 42; ; 34; 12; ; 1
2025/4/8; 62; ; 38; 12; ; 1
2025/4/9; 59; ; 35; 9; ; 1
2025/4/10; 58; ; 34; 10; ; 1
2025/4/11; 46; ; 30; 8; ; 1
2025/4/12; 45; ; 34; 4; ; 1
2025/4/13; 22; ; 24; 8; ; 1
2025/4/14; 26; ; 30; 6; ; 1
2025/4/15; 18; ; 36; 4; ; 1
2025/4/16; 15; ; 37; 4; ; 1
2025/4/17; 15; ; 29; 5; ; 1
2025/4/18; 27; ; 32; 4; ; 1
2025/4/19; 18; ; 33; 4; ; 1
2025/4/20; 19; ; 31; 4; ; 1
2025/4/21; 21; ; 36; 5; ; 1
2025/4/22; 22; ; 35; 2; ; 1
2025/4/23; 23; ; 27; 3; ; 1
2025/4/24; 26; ; 29; 7; ; 1
2025/4/25; 36; ; 32; 2; ; 1
2025/4/26; 21; ; 36; 2; ; 1
2025/4/27; 16; ; 28; 8; ; 1
2025/4/28; 49; ; 38; 6; ; 1
2025/4/29; 31; ; 37; 5; ; 1
2025/4/30; 36; ; 44; 4; ; 1
2025/5/1; 41; ; 29; 10; ; 1
2025/5/2; 53; ; 33; 7; ; 1
2025/5/3; 56; ; 34; 3; ; 1
2025/5/4; 23; ; 38; 2; ; 1
2025/5/5; 23; ; 37; 1; ; 1
2025/5/6; 30; ; 40; 3; ; 1
2025/5/7; 33; ; 29; 6; ; 1
2025/5/8; 51; ; 32; 7; ; 1
2025/5/9; 43; ; ; ; ; 
2025/5/12; 26; ; 33; 8; ; 1
2025/5/13; 38; ; 36; 7; ; 1
2025/5/14; 39; ; 33; 3; ; 1
2025/5/15; 33; ; 40; 2; ; 1
2025/5/16; 48; ; 37; 4; ; 1
2025/5/17; 48; ; 38; 4; ; 1
2025/5/18; 49; ; 32; 7; ; 1
2025/5/19; 42; ; 40; 3; ; 1
2025/5/20; 43; ; 37; 2; ; 1
2025/5/21; 41; ; 40; 2; ; 1
2025/5/22; 27; ; 36; 2; ; 1
2025/5/23; 40; ; 38; ; ; 1
2025/5/24; 35; ; 38; ; ; 1
2025/5/25; 34; ; 30; ; ; 1
2025/5/26; 32; ; 41; ; ; 1
2025/5/27; 34; ; 42; ; ; 1
2025/5/28; 45; ; 34; ; ; 1
2025/5/29; 40; ; 41; 11; ; 1
2025/5/30; 66; ; 58; 4; ; 1
2025/5/31; 50; ; 36; 4; ; 1
2025/6/1; 52; ; 27; 9; ; 1
2025/6/2; 49; ; 30; 11; ; 1
2025/6/3; 51; ; 34; 6; ; 1
2025/6/4; 35; ; 38; 1; ; 1
2025/6/5; 24; ; 42; ; ; 1
2025/6/6; 39; ; 32; ; ; 1
2025/6/7; 41; ; 41; ; ; 1
2025/6/8; 45; ; 40; ; ; 1
2025/6/9; 77; ; 37; ; ; 1
2025/6/10; 70; ; 27; 16; ; 1
2025/6/11; 66; ; 49; 7; ; 1
2025/6/12; 54; ; 37; 11; ; 1
2025/6/13; 87; ; 47; 9; ; 1
2025/6/14; 88; ; 35; 8; ; 1
2025/6/15; 25; ; 42; 4; ; 1
2025/6/16; 45; ; 46; ; ; 1
2025/6/17; 57; ; 46; ; ; 1
2025/6/18; 65; ; 47; ; ; 1
2025/6/19; 63; ; 46; ; ; 1
2025/6/21; 32; ; 39; ; ; 1
2025/6/22; 58; ; 35; ; ; 1
2025/6/23; 61; ; 45; 7; ; 1
2025/6/24; 78; ; 45; 9; ; 1
2025/6/25; 56; ; 45; 4; ; 1
2025/6/26; 44; ; 49; 4; ; 1
2025/6/27; 51; ; 57; 4; ; 1
2025/6/28; 53; ; 50; 4; ; 1
2025/6/29; 50; ; 48; 7; ; 1
2025/6/30; 54; ; 39; ; ; 1
2025/1/1; 39; ; 6; 10; ; 1
2025/1/2; 28; ; 5; 14; ; 1
2025/1/3; 55; ; 17; 17; ; 1
2025/1/4; 57; ; 18; 9; ; 1
2025/1/5; 41; ; 23; 8; ; 1
2025/1/6; 36; ; 20; 16; ; 1
2025/1/7; 25; ; 26; 18; ; 1
2025/1/8; 50; ; 26; 12; ; 1
2025/1/9; 17; ; 14; 16; ; 1
2025/1/10; 48; ; 32; 6; ; 1
2025/1/11; 24; ; 33; 3; ; 1
2025/1/12; 18; ; 26; 8; ; 1
2025/1/13; 22; ; 22; 17; ; 1
2025/1/14; 42; ; 24; 15; ; 1
2025/1/15; 55; ; 17; 17; ; 2
2025/1/16; 61; ; 17; 19; ; 2
2025/1/17; 67; ; 18; 13; ; 1
2025/1/18; 55; ; 16; 12; ; 1
2025/1/19; 57; ; 8; 16; ; 1
2025/1/20; 55; ; 6; 15; ; 1
2025/1/21; 56; ; 6; 13; ; 2
2025/1/22; 54; ; 20; 15; ; 1
2025/1/23; 53; ; 8; 18; ; 2
2025/1/24; 59; ; 17; 11; ; 1
2025/1/25; 37; ; 14; 9; ; 1
2025/1/26; 31; ; 31; 11; ; 1
2025/1/27; 32; ; 32; 6; ; 1
2025/1/28; 11; ; 15; 12; ; 1
2025/1/29; 26; ; 28; 10; ; 1
2025/1/30; 25; ; 30; 6; ; 1
2025/1/31; 12; ; 23; 9; ; 1
2025/2/1; 20; ; 27; 9; ; 1
2025/2/2; 37; ; 29; 15; ; 1
2025/2/3; 34; ; 19; 16; ; 1
2025/2/4; 58; ; 27; 12; ; 1
2025/2/5; 51; ; 20; 21; ; 2
2025/2/6; 71; ; 10; 16; ; 1
2025/2/7; 82; ; 28; 10; ; 1
2025/2/8; 24; ; 19; 14; ; 1
2025/2/9; 51; ; 16; 18; ; 1
2025/2/10; 59; ; 19; 16; ; 1
2025/2/11; 55; ; 19; 12; ; 1
2025/2/12; 43; ; 26; 11; ; 1
2025/2/13; 31; ; 26; 11; ; 1
2025/2/14; 44; ; 23; 9; ; 1
2025/2/15; 55; ; 17; 8; ; 1
2025/2/16; 48; ; 30; 15; ; 1
2025/2/17; 68; ; 25; 16; ; 1
2025/2/18; 82; ; 22; 18; ; 1
2025/2/19; 78; ; 13; 17; ; 1
2025/2/20; 83; ; 24; 12; ; 1
2025/2/21; 69; ; 27; 9; ; 1
2025/2/22; 51; ; 31; 10; ; 1
2025/2/23; 28; ; 12; 19; ; 1
2025/2/24; 61; ; 33; 10; ; 1
2025/2/25; 36; ; 35; 11; ; 1
2025/2/26; 24; ; 15; 22; ; 1
2025/2/27; 79; ; 24; 16; ; 1
2025/2/28; 86; ; 29; 6; ; 1
2025/3/1; 48; ; 26; 7; ; 1
2025/3/2; 30; ; 12; 16; ; 1
2025/3/3; 58; ; 16; 17; ; 1
2025/3/4; 64; ; ; ; ; 
2024/10/1; 41; ; 17; 16; ; 1
2024/10/2; 35; ; 33; 4; ; 1
2024/10/3; 11; 7; 34; 8; ; 1
2024/10/4; 16; 11; 26; 14; ; 1
2024/10/5; 25; 18; 13; 16; 1; 1
2024/10/6; 29; 50; 16; 19; 1; 1
2024/10/7; 35; ; 27; 15; ; 1
2024/10/8; 11; ; 31; 12; ; 1
2024/10/9; 13; ; 31; 8; ; 1
2024/10/10; 14; ; 26; 14; ; 1
2024/10/11; 24; ; 23; 14; ; 1
2024/10/12; 31; ; 18; 14; ; 1
2024/10/13; 32; ; 18; 22; ; 1
2024/10/14; 37; ; 20; 15; ; 1
2024/10/15; 21; ; 19; 15; ; 1
2024/10/16; 23; ; 23; 13; ; 1
2024/10/17; 20; ; 32; 8; ; 1
2024/10/18; 11; ; 24; 11; ; 1
2024/10/19; 23; ; 22; 14; ; 1
2024/10/20; 29; ; 22; 19; ; 1
2024/10/21; 33; ; 18; 16; ; 1
2024/10/22; 25; ; 19; 18; ; 1
2024/10/23; 21; ; 17; 20; ; 1
2024/10/24; 38; ; 17; 15; ; 1
2024/10/25; 30; ; 26; 5; ; 
2024/10/26; 7; ; 24; 8; ; 1
2024/10/27; 14; ; 12; 12; ; 1
2024/10/28; 24; ; 10; 15; ; 1
2024/10/29; 27; ; 20; 21; ; 1
2024/10/30; 28; ; 6; 22; ; 1
2024/10/31; 35; ; 15; 18; ; 1
2024/11/1; 37; ; 10; 13; ; 1
2024/11/2; 58; ; 18; 11; ; 1
2024/11/3; 52; ; 17; 17; ; 1
2024/11/4; 36; ; 16; 16; ; 1
2024/11/5; 50; ; 12; 21; ; 1
2024/11/6; 52; ; 16; 22; ; 1
2024/11/7; 46; ; 12; 22; ; 1
2024/11/8; 44; ; 24; 10; ; 1
2024/11/9; 38; ; 25; 6; ; 1
2024/11/10; 12; ; 27; 10; ; 1
2024/11/11; 23; ; 28; 5; ; 1
2024/11/12; 23; ; 14; 17; ; 1
2024/11/13; 25; ; 19; 16; ; 1
2024/11/14; 36; ; 10; 22; ; 1
2024/11/15; 53; ; 19; 15; ; 1
2024/11/16; 52; ; 16; 12; ; 1
2024/11/17; 55; ; 16; 16; ; 1
2024/11/18; 59; ; 18; 22; ; 1
2024/11/19; 83; ; 19; 16; ; 1
2024/11/20; 57; ; 28; 14; ; 1
2024/11/21; 32; ; 29; 11; ; 1
2024/11/22; 19; ; 14; 18; ; 1
2024/11/23; 39; ; 25; 11; ; 1
2024/11/24; 40; ; 23; 15; ; 1
2024/11/25; 39; ; 17; 15; ; 1
2024/11/26; 45; ; 10; 15; ; 1
2024/11/27; 58; ; 5; 12; ; 1
2024/11/28; 63; ; 5; 11; ; 1
2024/11/29; 49; ; 3; 9; ; 1
2024/11/30; 43; ; 2; 8; ; 1
2024/12/1; 33; ; 2; 11; ; 1
2024/12/2; 44; ; 18; 11; ; 1
2024/12/3; 33; ; 26; 7; ; 1
2024/12/4; 17; ; 17; 11; ; 1
2024/12/5; 27; ; 19; 7; ; 1
2024/12/6; 27; ; 31; 4; ; 1
2024/12/7; 29; ; 30; 3; ; 1
2024/12/8; 7; ; 25; 4; ; 1
2024/12/9; 9; ; 20; 7; ; 1
2024/12/10; 18; ; 10; 17; ; 2
2024/12/11; 62; ; 7; 14; ; 1
2024/12/12; 59; ; 8; 17; ; 1
2024/12/13; 70; ; 13; 10; ; 1
2024/12/14; 47; ; 20; 5; ; 1
2024/12/15; 15; ; 8; 15; ; 1
2024/12/16; 39; ; 1; 16; ; 1
2024/12/17; 61; ; 4; 18; ; 2
2024/12/18; 88; ; 6; 11; ; 2
2024/12/19; 63; ; 6; 6; ; 1
2024/12/20; 11; ; ; 6; ; 1
2024/12/21; 12; ; ; 5; ; 1
2024/12/22; 14; ; 31; 4; ; 1
2024/12/23; 11; ; 31; 4; ; 1
2024/12/24; 7; ; 24; 9; ; 1
2024/12/25; 19; ; 2; 12; ; 1
2024/12/26; 43; ; 12; 14; ; 1
2024/12/27; 51; ; 9; 8; ; 1
2024/12/28; 28; ; 10; 7; ; 1
2024/12/29; 28; ; ; ; ; 
2024/7/1; 15; ; 33; ; ; 1
2024/7/2; 14; ; 41; ; ; 1
2024/7/3; 18; ; 32; 2; ; 1
2024/7/4; 17; ; 25; 4; ; 1
2024/7/5; 12; ; 26; 2; ; 1
2024/7/6; 25; ; 34; 4; ; 1
2024/7/7; 12; ; 34; 9; ; 1
2024/7/8; 36; ; 37; 10; ; 1
2024/7/9; 33; ; 37; 7; ; 1
2024/7/10; 35; ; 46; 16; ; 1
2024/7/11; 44; ; 35; 1; ; 1
2024/7/12; 12; ; 33; 2; ; 1
2024/7/13; 17; ; 39; 4; ; 1
2024/7/14; 34; ; 38; 5; ; 1
2024/7/15; 31; ; 41; 2; ; 1
2024/7/16; 22; ; 32; 7; ; 1
2024/7/17; 33; ; 39; 10; ; 1
2024/7/18; 40; ; 46; 6; ; 1
2024/7/19; 59; ; 51; 2; ; 1
2024/7/20; 47; ; 34; ; ; 1
2024/7/21; 22; ; 37; ; ; 1
2024/7/22; 16; ; 21; 2; ; 1
2024/7/23; 21; ; ; ; ; 
2024/7/30; 47; ; 46; 21; ; 1
2024/7/31; 30; ; 52; 6; ; 1
2024/8/1; 44; ; 33; 3; ; 2
2024/8/2; 22; ; 37; 3; ; 1
2024/8/3; 16; ; 36; 4; ; 1
2024/8/4; 21; ; 37; 12; ; 1
2024/8/5; 42; ; 42; 8; ; 1
2024/8/6; 39; ; 37; 9; ; 1
2024/8/7; 37; ; 42; 12; ; 1
2024/8/8; 38; 28; 44; 14; 1; 1
2024/8/9; 38; 28; 47; 8; 1; 1
2024/8/10; 35; 23; 44; 7; 1; 1
2024/8/11; 29; 23; 38; 13; 1; 1
2024/8/12; 37; ; 38; 12; ; 1
2024/8/13; 29; ; 29; 4; ; 1
2024/8/14; 16; ; 34; 3; ; 1
2024/8/15; 9; ; 37; 5; ; 1
2024/8/16; 19; ; 31; 4; ; 1
2024/8/17; 18; ; 32; 2; ; 1
2024/8/18; 7; ; 38; 5; ; 1
2024/8/19; 27; ; 57; 7; ; 2
2024/8/20; 92; ; 35; 4; ; 1
2024/8/21; 28; ; 40; 18; ; 1
2024/8/22; 43; ; 45; 9; ; 1
2024/8/23; 41; ; 40; 6; ; 1
2024/8/24; 53; ; 34; 3; ; 1
2024/8/25; 9; ; 36; 5; ; 1
2024/8/26; 15; ; 40; 11; ; 1
2024/8/27; 38; ; 34; 11; ; 1
2024/8/28; 35; ; 40; 10; ; 1
2024/8/29; 26; ; 30; 12; ; 1
2024/8/30; 24; ; 39; 9; ; 1
2024/8/31; 37; ; 37; 8; ; 1
2024/9/1; 31; ; 36; 13; ; 1
2024/9/2; 41; ; 22; 7; ; 1
2024/9/3; 28; ; 26; 5; ; 1
2024/9/4; 14; 7; 31; 8; ; 1
2024/9/5; 11; 10; 25; 9; ; 1
2024/9/6; 18; 12; 41; 9; 1; 1
2024/9/7; 20; 13; 35; 5; 1; 1
2024/9/8; 18; ; 40; 5; ; 1
2024/9/9; 16; ; 38; 4; ; 1
2024/9/10; 18; ; 33; 4; ; 1
2024/9/11; 15; ; 33; 4; ; 1
2024/9/12; 10; ; 34; 4; ; 1
2024/9/13; 12; ; 36; 6; ; 1
2024/9/14; 19; ; 37; 4; ; 1
2024/9/15; 13; ; 35; 5; ; 1
2024/9/16; 22; ; 34; 5; ; 1
2024/9/17; 25; ; 31; 13; ; 1
2024/9/18; 35; ; 32; 14; ; 1
2024/9/19; 24; ; 27; 15; ; 1
2024/9/20; 21; ; 26; 10; ; 1
2024/9/21; 18; ; 31; 6; ; 1
2024/9/22; 26; ; 41; 10; ; 1
2024/9/23; 33; ; 41; 15; ; 1
2024/9/24; 38; ; 26; 19; ; 1
2024/9/25; 29; ; 23; 13; ; 1
2024/9/26; 17; ; 32; 6; ; 1
2024/9/27; 12; ; 29; 5; ; 1
2024/9/28; 11; ; 29; 9; ; 1
2024/9/29; 15; ; 30; 21; ; 1
2024/9/30; 39; ; 30; 26; ; 1
2024/4/1; 12; ; 25; 15; ; 1
2024/4/2; 19; ; 31; 13; ; 1
2024/4/3; 16; ; 25; 16; ; 2
2024/4/4; 28; ; 29; 15; ; 1
2024/4/5; 32; ; 37; 8; ; 
2024/4/6; 41; ; 30; 11; ; 
2024/4/7; 61; ; 31; 11; ; 1
2024/4/8; 46; ; 33; 4; ; 1
2024/4/9; 13; ; 34; 5; ; 1
2024/4/10; 17; ; 32; 11; ; 1
2024/4/11; 20; ; 36; 21; ; 1
2024/4/12; 34; ; 38; 17; ; 1
2024/4/13; 46; ; 38; 13; ; 
2024/4/14; 42; ; 28; 7; ; 1
2024/4/15; 41; ; 36; 4; ; 1
2024/4/16; 17; ; 40; 4; ; 
2024/4/17; 9; ; 35; 4; ; 
2024/4/18; 13; ; 33; 16; ; 2
2024/4/19; 24; ; 36; 7; ; 1
2024/4/20; 31; ; 34; 3; ; 1
2024/4/21; 23; ; 35; 3; ; 
2024/4/22; 22; ; 33; 5; ; 
2024/4/23; 11; ; 34; 4; ; 1
2024/4/24; 16; ; 31; 9; ; 1
2024/4/25; 17; ; 30; 14; ; 1
2024/4/26; 29; ; 34; 5; ; 2
2024/4/27; 23; ; 35; 5; ; 1
2024/4/28; 14; ; 27; 7; ; 1
2024/4/29; 15; ; 38; 7; ; 
2024/4/30; 17; ; 34; 5; ; 
2024/5/1; 15; ; 33; 5; ; 
2024/5/2; 10; ; 36; 13; ; 
2024/5/3; 17; ; 30; 9; ; 
2024/5/4; 23; ; 27; 6; ; 1
2024/5/5; 19; ; 34; 6; ; 1
2024/5/6; 14; ; 35; 4; ; 1
2024/5/7; 14; ; 29; 5; ; 2
2024/5/8; 18; ; 35; 11; ; 1
2024/5/9; 27; ; 32; 14; ; 
2024/5/10; 31; ; 39; 9; ; 
2024/5/11; 28; ; 37; 7; ; 1
2024/5/12; 27; ; 32; 11; ; 2
2024/5/13; 29; ; 28; 4; ; 
2024/5/14; 10; ; 30; 4; ; 1
2024/5/15; 16; ; 34; 6; ; 1
2024/5/16; 15; ; 31; 9; ; 1
2024/5/17; 22; ; 32; 5; ; 
2024/5/18; 10; ; 28; 6; ; 1
2024/5/19; 21; ; 31; 5; ; 1
2024/5/20; 11; ; 32; 5; ; 2
2024/5/21; 19; ; 34; 5; ; 
2024/5/22; 16; ; 33; 4; ; 
2024/5/23; 12; ; 34; 7; ; 1
2024/5/24; 22; ; 34; 5; ; 1
2024/5/25; 29; ; 35; 4; ; 
2024/5/26; 33; ; 28; 2; ; 1
2024/5/27; 15; ; 34; 4; ; 1
2024/5/28; 15; ; 35; 4; ; 1
2024/5/29; 22; ; 31; 2; ; 1
2024/5/30; 16; ; 36; 2; ; 1
2024/5/31; 20; ; 33; 2; ; 1
2024/6/1; 22; ; 33; 2; ; 1
2024/6/2; 15; ; 32; 3; ; 2
2024/6/3; 22; ; 38; 5; ; 1
2024/6/4; 27; ; 35; 14; ; 1
2024/6/5; 35; ; 38; 9; ; 1
2024/6/6; 26; ; 38; 15; ; 1
2024/6/7; 28; ; 41; 8; ; 
2024/6/8; 31; ; 30; 4; ; 
2024/6/9; 16; ; 31; 3; ; 
2024/6/10; 16; ; 30; 1; ; 
2024/6/11; 18; ; 36; 2; ; 
2024/6/12; 13; ; 37; 8; ; 
2024/6/13; 24; ; 47; 9; ; 1
2024/6/14; 33; ; 36; 1; ; 1
2024/6/15; 16; ; 40; 3; ; 1
2024/6/16; 26; ; 33; 6; ; 1
2024/6/17; 33; ; 36; 6; ; 3
2024/6/18; 43; ; 44; 2; ; 1
2024/6/19; 22; ; 34; 2; ; 1
2024/6/20; 17; ; 37; 1; ; 1
2024/6/21; 10; ; 34; 1; ; 1
2024/6/22; 19; ; 27; ; ; 1
2024/6/23; 9; ; 36; 3; ; 2
2024/6/24; 15; ; 38; 6; ; 1
2024/6/25; 29; ; 32; 6; ; 1
2024/6/26; 28; ; 36; 7; ; 1
2024/6/27; 25; ; 39; 4; ; 1
2024/6/28; 24; ; 32; 1; ; 1
2024/6/29; 19; ; 38; 1; ; 1
2024/6/30; 18; ; 33; ; ; 1
2024/1/1; 33; ; 1; 10; ; 1
2024/1/2; 25; ; 1; 17; ; 1
2024/1/3; 36; ; 7; 16; ; 1
2024/1/4; 36; ; 22; 9; ; 1
2024/1/5; 13; ; 13; 2; ; 
2024/1/6; 14; ; ; ; ; 
2024/1/7; 14; ; 21; 8; ; 1
2024/1/8; 13; ; 11; 16; ; 1
2024/1/9; 27; ; 7; 16; ; 2
2024/1/10; 40; ; 17; 11; ; 1
2024/1/11; 27; ; 11; 18; ; 1
2024/1/12; 42; ; 6; 17; ; 2
2024/1/13; 54; ; 2; 14; ; 3
2024/1/14; 70; ; 1; 18; ; 2
2024/1/15; 55; ; ; 17; ; 2
2024/1/16; 49; ; 22; 15; ; 1
2024/1/17; 30; ; 24; 8; ; 1
2024/1/18; 10; ; 20; 9; ; 1
2024/1/19; 12; ; 19; 11; ; 1
2024/1/20; 31; ; 14; 12; ; 1
2024/1/21; 42; ; 9; 14; ; 1
2024/1/22; 48; ; 11; 14; ; 2
2024/1/23; 33; ; 9; 15; ; 1
2024/1/24; 39; ; 8; 15; ; 2
2024/1/25; 46; ; 1; 15; ; 1
2024/1/26; 72; ; 4; 9; ; 1
2024/1/27; 48; ; 7; 9; ; 1
2024/1/28; 40; ; 8; 14; ; 1
2024/1/29; 44; ; 7; 20; ; 2
2024/1/30; 61; ; 16; 14; ; 
2024/1/31; 45; ; 18; 12; ; 1
2024/2/1; 57; ; 20; 12; ; 1
2024/2/2; 35; ; 7; 10; ; 1
2024/2/3; 41; ; 5; 12; ; 1
2024/2/4; 68; ; 4; 14; ; 2
2024/2/5; 56; ; 10; 14; ; 1
2024/2/6; 58; ; 17; 13; ; 1
2024/2/7; 52; ; 7; 19; ; 1
2024/2/8; 68; ; 13; 12; ; 1
2024/2/9; 23; ; 27; 6; ; 1
2024/2/10; 14; ; 21; 11; ; 
2024/2/11; 21; ; 26; 11; ; 1
2024/2/12; 26; ; 20; 17; ; 1
2024/2/13; 38; ; 9; 17; ; 1
2024/2/14; 50; ; 14; 19; ; 1
2024/2/15; 50; ; 28; 6; ; 
2024/2/16; 15; ; 29; 6; ; 1
2024/2/17; 19; ; 23; 6; ; 1
2024/2/18; 25; ; 27; 5; ; 1
2024/2/19; 13; ; 27; 9; ; 1
2024/2/20; 24; ; 13; 21; ; 1
2024/2/21; 55; ; 30; 13; ; 1
2024/2/22; 38; ; 26; 7; ; 
2024/2/23; 11; ; 30; 8; ; 1
2024/2/24; 25; ; 19; 8; ; 1
2024/2/25; 14; ; 25; 7; ; 1
2024/2/26; 8; ; 27; 5; ; 1
2024/2/27; 13; ; 30; 4; ; 1
2024/2/28; 11; ; 28; 6; ; 
2024/2/29; 15; ; 27; 9; ; 
2024/3/1; 16; ; 30; 10; ; 1
2024/3/2; 15; ; 29; 4; ; 1
2024/3/3; 15; ; 19; 14; ; 1
2024/3/4; 22; ; 27; 11; ; 1
2024/3/5; 28; ; 20; 19; ; 
2024/3/6; 44; ; 30; 11; ; 1
2024/3/7; 32; ; 21; 16; ; 1
2024/3/8; 17; ; 26; 8; ; 1
2024/3/9; 9; ; 21; 9; ; 1
2024/3/10; 13; ; 30; 7; ; 1
2024/3/11; 14; ; 28; 11; ; 1
2024/3/12; 14; ; 23; 18; ; 1
2024/3/13; 35; ; 26; 15; ; 1
2024/3/14; 45; ; 28; 11; ; 1
2024/3/15; 38; ; 30; 10; ; 1
2024/3/16; 35; ; 27; 10; ; 1
2024/3/17; 32; ; 21; 14; ; 2
2024/3/18; 42; ; 27; 16; ; 2
2024/3/19; 59; ; 25; 14; ; 1
2024/3/20; 49; ; 25; 16; ; 1
2024/3/21; 38; ; 24; 25; ; 2
2024/3/22; 61; ; 30; 4; ; 1
2024/3/23; 30; ; 31; 5; ; 1
2024/3/24; 16; ; 21; 11; ; 1
2024/3/25; 17; ; 26; 10; ; 1
2024/3/26; 10; ; 24; 18; ; 1
2024/3/27; 20; ; 29; 8; ; 1
2024/3/28; 13; ; 28; 5; ; 1
2024/3/29; 12; ; 28; 6; ; 1
2024/3/30; 10; ; 31; 5; ; 
2024/3/31; 8; ; 31; 9; ; 1
2023/10/1; 44; ; 11; 9; ; 1
2023/10/2; 59; ; ; ; ; 
2023/10/7; 57; ; 25; 13; ; 1
2023/10/8; 52; ; 21; 19; ; 
2023/10/9; 56; ; 27; 21; ; 
2023/10/10; 56; ; 21; 20; ; 
2023/10/11; 53; ; ; ; ; 
2023/10/13; 46; ; 22; 7; ; 
2023/10/14; 47; ; 26; 5; ; 1
2023/10/15; 11; ; 20; 16; ; 1
2023/10/16; 32; ; 20; 11; ; 
2023/10/17; 35; ; 23; 11; ; 1
2023/10/18; 29; ; 20; 14; ; 1
2023/10/19; 12; ; 27; 7; ; 1
2023/10/20; 9; ; 28; 8; ; 1
2023/10/21; 12; ; 24; 7; ; 2
2023/10/22; 12; ; 20; 14; ; 1
2023/10/23; 14; ; 24; 11; ; 1
2023/10/24; 16; ; 19; 12; ; 2
2023/10/25; 19; ; 27; 11; ; 
2023/10/26; 18; ; 23; 13; ; 
2023/10/27; 14; ; 24; 11; ; 
2023/10/28; 12; ; 24; 9; ; 
2023/10/29; 13; ; 25; 10; ; 
2023/10/30; 19; ; 16; 14; ; 
2023/10/31; 20; ; 19; 12; ; 1
2023/11/1; 17; ; 27; 9; ; 
2023/11/2; 8; ; 25; 10; ; 
2023/11/3; 10; ; 29; 8; ; 
2023/11/4; 13; ; 27; 6; ; 1
2023/11/5; 13; ; 24; 12; ; 1
2023/11/6; 24; ; 17; 16; ; 1
2023/11/7; 25; ; 12; 18; ; 1
2023/11/8; 34; ; 22; 16; ; 1
2023/11/9; 28; ; 21; 17; ; 1
2023/11/10; 30; ; 18; 14; ; 1
2023/11/11; 26; ; 20; 10; ; 1
2023/11/12; 15; ; 11; 15; ; 1
2023/11/13; 27; ; 16; 13; ; 1
2023/11/14; 33; ; 19; 14; ; 1
2023/11/15; 18; ; 15; 14; ; 1
2023/11/16; 43; ; 24; 9; ; 
2023/11/17; 11; ; 11; 15; ; 1
2023/11/18; 36; ; 14; 13; ; 2
2023/11/19; 43; ; 22; 10; ; 1
2023/11/20; 31; ; 23; 6; ; 
2023/11/21; 11; ; 24; 5; ; 
2023/11/22; 15; ; 22; 6; ; 1
2023/11/23; 22; ; 19; 7; ; 
2023/11/24; 17; ; 21; 6; ; 
2023/11/25; 14; ; 15; 15; ; 1
2023/11/26; 32; ; 6; 15; ; 1
2023/11/27; 50; ; 18; 13; ; 1
2023/11/28; 19; ; 10; 21; ; 1
2023/11/29; 32; ; 16; 24; ; 2
2023/11/30; 36; ; 20; 13; ; 
2023/12/1; 13; ; 21; 7; ; 1
2023/12/2; 16; ; 13; 11; ; 1
2023/12/3; 23; ; 16; 13; ; 1
2023/12/4; 24; ; 18; 15; ; 1
2023/12/5; 16; ; 17; 15; ; 1
2023/12/6; 29; ; 7; 15; ; 1
2023/12/7; 38; ; 22; 9; ; 1
2023/12/8; 25; ; 10; 16; ; 1
2023/12/9; 24; ; 5; 18; ; 2
2023/12/10; 36; ; 12; 20; ; 1
2023/12/11; 30; ; 12; 20; ; 1
2023/12/12; 33; ; 21; 10; ; 1
2023/12/13; 11; ; 21; 7; ; 1
2023/12/14; 11; ; 24; 6; ; 1
2023/12/15; 11; ; 21; 9; ; 1
2023/12/16; 15; ; 7; 16; ; 1
2023/12/17; 46; ; ; 12; ; 1
2023/12/18; 53; ; ; ; ; 
2023/12/20; 23; ; 23; 7; ; 
2023/12/21; 18; ; 25; 6; ; 1
2023/12/22; 14; ; 26; 6; ; 
2023/12/23; 13; ; 17; 11; ; 1
2023/12/24; 22; ; 3; 11; ; 1
2023/12/25; 40; ; 1; 12; ; 1
2023/12/26; 47; ; 2; 9; ; 2
2023/12/27; 26; ; ; 14; ; 3
2023/12/28; 51; ; 1; 17; ; 3
2023/12/29; 73; ; 8; 12; ; 2
2023/12/30; 60; ; 17; 11; ; 1
2023/12/31; 38; ; 9; 8; ; 
2023/7/1; 15; ; 22; 3; ; 1
2023/7/2; 14; ; 18; 8; ; 1
2023/7/3; 18; ; 33; 7; ; 1
2023/7/4; 37; ; 29; 6; ; 2
2023/7/5; 23; ; 18; 9; ; 2
2023/7/6; 41; ; 21; 10; ; 2
2023/7/7; 37; ; 38; 9; ; 2
2023/7/8; 44; ; 35; 8; ; 1
2023/7/9; 45; ; 30; 8; ; 2
2023/7/10; 37; ; 28; 11; ; 2
2023/7/11; 65; ; 26; 5; ; 1
2023/7/12; 30; ; 28; 5; ; 1
2023/7/13; 18; ; 29; 9; ; 1
2023/7/14; 50; ; 29; 5; ; 1
2023/7/15; 37; ; 29; 4; ; 1
2023/7/16; 21; ; 24; 7; ; 1
2023/7/17; 41; ; 30; 8; ; 3
2023/7/18; 54; ; 32; 4; ; 1
2023/7/19; 45; ; 37; 4; ; 2
2023/7/20; 39; ; 27; 4; ; 2
2023/7/21; 25; ; 35; 4; ; 1
2023/7/22; 29; ; 30; 4; ; 1
2023/7/23; 46; ; 28; 4; ; 1
2023/7/24; 33; ; 29; 3; ; 1
2023/7/25; 40; ; 27; 4; ; 1
2023/7/26; 20; ; 31; 6; ; 2
2023/7/27; 42; ; 42; 6; ; 1
2023/7/28; 42; ; 36; 4; ; 1
2023/7/29; 44; ; 28; 3; ; 2
2023/7/30; 18; ; 36; 4; ; 2
2023/7/31; 18; ; 25; 3; ; 1
2023/8/1; 25; ; 36; 4; ; 2
2023/8/2; 32; ; 31; 3; ; 2
2023/8/3; 19; ; 29; 3; ; 1
2023/8/4; 21; ; 32; 3; ; 1
2023/8/5; 15; ; 29; 3; ; 1
2023/8/6; 16; ; 31; 4; ; 1
2023/8/7; 21; ; 30; 6; ; 2
2023/8/8; 45; ; 28; 5; ; 2
2023/8/9; 48; ; 38; 4; ; 1
2023/8/10; 45; ; 39; 4; ; 1
2023/8/11; 36; ; 44; 4; ; 2
2023/8/12; 46; ; 35; 3; ; 1
2023/8/13; 34; ; 27; 3; ; 1
2023/8/14; 39; ; 32; 3; ; 1
2023/8/15; 29; ; 30; 3; ; 1
2023/8/16; 35; ; 30; 4; ; 1
2023/8/17; 39; ; 34; 4; ; 2
2023/8/18; 47; ; 36; 3; ; 3
2023/8/19; 42; ; 38; 3; ; 3
2023/8/20; 40; ; 33; 3; ; 2
2023/8/21; 40; ; 34; 4; ; 2
2023/8/22; 61; ; 33; 4; ; 1
2023/8/23; 56; ; 32; 4; ; 1
2023/8/24; 60; ; 34; 3; ; 1
2023/8/25; 48; ; 25; 3; ; 1
2023/8/26; 23; ; 29; 3; ; 1
2023/8/27; 22; ; 27; 3; ; 1
2023/8/28; 8; ; 32; 3; ; 1
2023/8/29; 14; ; 28; 3; ; 1
2023/8/30; 14; ; 24; 3; ; 1
2023/8/31; 17; ; 30; 3; ; 1
2023/9/1; 45; ; 20; 3; ; 1
2023/9/2; 22; ; 24; 3; ; 1
2023/9/3; 21; ; 28; 3; ; 2
2023/9/4; 50; ; 28; 3; ; 1
2023/9/5; 46; ; 27; 12; ; 1
2023/9/6; 31; ; 31; 11; ; 1
2023/9/7; 40; ; 30; 12; ; 1
2023/9/8; 37; ; 30; 8; ; 1
2023/9/9; 39; ; 27; 6; ; 1
2023/9/10; 38; ; 26; 11; ; 1
2023/9/11; 39; ; 29; 8; ; 2
2023/9/12; 30; ; 27; 6; ; 1
2023/9/13; 15; ; 25; 9; ; 1
2023/9/14; 21; ; 16; 9; ; 1
2023/9/15; 25; ; ; ; ; 
2023/9/17; 35; ; 23; 11; ; 1
2023/9/18; 17; ; 23; 9; ; 1
2023/9/19; 36; ; 26; 13; ; 1
2023/9/20; 26; ; 23; 10; ; 1
2023/9/21; 19; ; 25; 6; ; 1
2023/9/22; 18; ; 29; 5; ; 1
2023/9/23; 12; ; 28; 10; ; 1
2023/9/24; 17; ; 26; 14; ; 1
2023/9/25; 32; ; 25; 14; ; 1
2023/9/26; 41; ; 16; 16; ; 1
2023/9/27; 49; ; 31; 17; ; 2
2023/9/28; 53; ; 35; 17; ; 1
2023/9/29; 58; ; 31; 15; ; 1
2023/9/30; 49; ; 31; 14; ; 1
2023/4/1; 31; ; 33; 1; ; 1
2023/4/2; 5; ; 32; 1; ; 1
2023/4/3; 5; ; 32; 2; ; 1
2023/4/4; 12; ; 34; 2; ; 1
2023/4/5; 17; ; 36; 3; ; 1
2023/4/6; 21; ; 37; 3; ; 1
2023/4/7; 20; ; 41; 3; ; 1
2023/4/8; 25; ; 41; 3; ; 1
2023/4/9; 14; ; 41; 3; ; 1
2023/4/10; 44; ; 33; 4; ; 1
2023/4/11; 27; ; 31; 3; ; 1
2023/4/12; 35; ; 34; 2; ; 1
2023/4/13; 8; ; 32; 3; ; 1
2023/4/14; 15; ; 33; 1; ; 1
2023/4/15; 17; ; 35; 1; ; 1
2023/4/16; 6; ; 39; 2; ; 
2023/4/17; 16; ; 32; 4; ; 1
2023/4/18; 24; ; 33; 5; ; 1
2023/4/19; 30; ; 40; 4; ; 1
2023/4/20; 31; ; 35; 4; ; 1
2023/4/21; 52; ; 29; 3; ; 1
2023/4/22; 24; ; 33; 2; ; 1
2023/4/23; 17; ; 31; 2; ; 1
2023/4/24; 9; ; 25; 2; ; 1
2023/4/25; 21; ; 24; 3; ; 1
2023/4/26; 14; ; 26; 4; ; 1
2023/4/27; 30; ; 28; 4; ; 1
2023/4/28; 39; ; 26; 2; ; 1
2023/4/29; 32; ; 30; 1; ; 1
2023/4/30; 14; ; 33; 1; ; 1
2023/5/1; 11; ; 36; 3; ; 1
2023/5/2; 18; ; 36; 5; ; 1
2023/5/3; 52; ; 36; 5; ; 2
2023/5/5; 20; ; 37; 3; ; 1
2023/5/6; 26; ; 35; 2; ; 1
2023/5/7; 23; ; 32; 4; ; 1
2023/5/8; 13; ; 29; 5; ; 1
2023/5/9; 23; ; 33; 4; ; 1
2023/5/10; 13; ; 30; 4; ; 1
2023/5/11; 15; ; 31; 4; ; 1
2023/5/12; 9; ; 32; 3; ; 1
2023/5/13; 10; ; 40; 3; ; 1
2023/5/14; 18; ; 41; 4; ; 1
2023/5/15; 33; ; 33; 4; ; 1
2023/5/16; 19; ; 33; 4; ; 1
2023/5/17; 25; ; 36; 4; ; 1
2023/5/18; 26; ; 36; 4; ; 1
2023/5/19; 26; ; 37; 4; ; 1
2023/5/20; 34; ; 40; 4; ; 1
2023/5/21; 35; ; 35; 8; ; 1
2023/5/22; 40; ; 30; 10; ; 1
2023/5/23; 37; ; 35; 9; ; 1
2023/5/24; 32; ; 35; 6; ; 1
2023/5/25; 28; ; 28; 11; ; 1
2023/5/26; 30; ; 32; 8; ; 1
2023/5/27; 42; ; 35; 7; ; 1
2023/5/28; 37; ; 33; 10; ; 1
2023/5/29; 31; ; 33; 10; ; 1
2023/5/30; 30; ; 38; 8; ; 1
2023/5/31; 32; ; 26; 10; ; 2
2023/6/1; 38; ; 38; 10; ; 1
2023/6/2; 33; ; 37; 7; ; 1
2023/6/3; 36; ; 44; 6; ; 1
2023/6/4; 23; ; 35; 9; ; 1
2023/6/5; 31; ; 34; 8; ; 2
2023/6/6; 30; ; 26; 7; ; 1
2023/6/7; 26; ; 21; 7; ; 1
2023/6/8; 30; ; 27; 5; ; 2
2023/6/9; 24; ; 31; 4; ; 1
2023/6/10; 18; ; 30; 4; ; 1
2023/6/11; 21; ; 32; 6; ; 2
2023/6/12; 20; ; 38; 5; ; 2
2023/6/13; 22; ; 37; 4; ; 1
2023/6/14; 22; ; 42; 4; ; 1
2023/6/15; 24; ; 42; 5; ; 1
2023/6/16; 33; ; 43; 6; ; 1
2023/6/17; 49; ; 34; 4; ; 2
2023/6/18; 33; ; 29; 6; ; 2
2023/6/19; 35; ; 26; 5; ; 2
2023/6/20; 54; ; 20; 8; ; 2
2023/6/21; 33; ; 32; 6; ; 2
2023/6/22; 18; ; ; ; ; 
2023/6/24; 38; ; 47; 8; ; 1
2023/6/25; 47; ; 30; 4; ; 1
2023/6/26; 33; ; 32; 5; ; 1
2023/6/27; 32; ; 35; 5; ; 1
2023/6/28; 36; ; 35; 5; ; 2
2023/6/29; 39; ; 32; 4; ; 1
2023/6/30; 16; ; 22; 4; ; 1
2023/1/2; 37; ; 20; 7; ; 1
2023/1/3; 18; ; 14; 9; ; 1
2023/1/4; 40; ; 7; 6; ; 1
2023/1/5; 37; ; 6; 6; ; 1
2023/1/6; 16; ; 2; 6; ; 1
2023/1/7; 5; ; 2; 7; ; 1
2023/1/8; 5; ; 14; 7; ; 1
2023/1/9; 5; ; 10; 13; ; 1
2023/1/10; 32; ; 21; 8; ; 1
2023/1/11; 35; ; 15; 13; ; 1
2023/1/12; 26; ; 16; 9; ; 1
2023/1/13; 33; ; 8; 10; ; 1
2023/1/14; 43; ; 24; 6; ; 1
2023/1/15; 30; ; 26; 9; ; 159
2023/1/16; 13; ; 27; 8; ; 1
2023/1/17; 7; ; 23; 5; ; 1
2023/1/18; 11; ; 22; 4; ; 1
2023/1/19; 5; ; 25; 2; ; 1
2023/1/20; 6; ; 26; ; ; 1
2023/1/21; 9; ; 26; ; ; 1
2023/1/22; 9; ; 24; 2; ; 1
2023/1/23; 11; ; 15; 4; ; 1
2023/1/24; 23; ; 19; 3; ; 1
2023/1/25; 22; ; 27; 2; ; 1
2023/1/26; 11; ; 23; 2; ; 1
2023/1/27; 10; ; 23; 1; ; 1
2023/1/28; 11; ; 21; 2; ; 1
2023/1/29; 17; ; 23; 3; ; 1
2023/1/30; 30; ; 25; 3; ; 1
2023/1/31; 15; ; 26; 4; ; 1
2023/2/1; 14; ; 22; 5; ; 1
2023/2/2; 33; ; 19; 10; ; 1
2023/2/3; 69; ; 27; 6; ; 1
2023/2/4; 45; ; 27; 2; ; 1
2023/2/5; 11; ; 22; 10; ; 1
2023/2/6; 27; ; 16; 9; ; 1
2023/2/7; 37; ; 11; 10; ; 1
2023/2/8; 28; ; 18; 11; ; 1
2023/2/9; 36; ; 14; 12; ; 1
2023/2/10; 57; ; 23; 8; ; 1
2023/2/11; 46; ; 25; 7; ; 1
2023/2/12; 52; ; 17; 10; ; 1
2023/2/13; 55; ; 13; 12; ; 1
2023/2/14; 57; ; 16; 13; ; 1
2023/2/15; 60; ; 16; 13; ; 1
2023/2/16; 71; ; 17; 13; ; 1
2023/2/17; 81; ; 23; 10; ; 1
2023/2/18; 70; ; 26; 8; ; 1
2023/2/19; 73; ; 18; 11; ; 1
2023/2/20; 86; ; 15; 12; ; 1
2023/2/21; 73; ; 24; 7; ; 1
2023/2/22; 84; ; 24; 5; ; 1
2023/2/23; 50; ; 25; 9; ; 1
2023/2/24; 25; ; 24; 5; ; 1
2023/2/25; 32; ; 30; 2; ; 1
2023/2/26; 21; ; 27; 2; ; 1
2023/2/27; 11; ; 22; 3; ; 1
2023/2/28; 23; ; 30; 4; ; 1
2023/3/2; 10; ; 30; 4; ; 1
2023/3/3; 25; ; 32; 5; ; 1
2023/3/4; 37; ; 30; 5; ; 1
2023/3/5; 51; ; 30; 5; ; 1
2023/3/6; 39; ; 26; 7; ; 1
2023/3/7; 34; ; 20; 6; ; 1
2023/3/8; 24; ; 31; 4; ; 1
2023/3/9; 10; ; 29; 4; ; 1
2023/3/10; 23; ; 23; 3; ; 1
2023/3/11; 18; ; 21; 4; ; 1
2023/3/12; 20; ; 32; 4; ; 1
2023/3/13; 32; ; 33; 3; ; 1
2023/3/14; 17; ; 32; 6; ; 1
2023/3/15; 33; ; 30; 6; ; 1
2023/3/16; 39; ; 28; 5; ; 1
2023/3/17; 29; ; 32; 3; ; 1
2023/3/18; 21; ; 31; 2; ; 1
2023/3/19; 7; ; 30; 5; ; 1
2023/3/20; 25; ; 31; 7; ; 1
2023/3/21; 48; ; 28; 7; ; 1
2023/3/22; 49; ; 29; 7; ; 1
2023/3/23; 35; ; 26; 4; ; 1
2023/3/24; 27; ; 31; 4; ; 1
2023/3/25; 19; ; 35; 3; ; 1
2023/3/26; 19; ; 35; 2; ; 1
2023/3/27; 11; ; 32; 5; ; 1
2023/3/28; 22; ; 31; 6; ; 1
2023/3/29; 39; ; 33; 5; ; 1
2023/3/30; 32; ; 31; 3; ; 1
2023/3/31; 24; ; 34; 2; ; 1
2022/10/1; 17; ; 26; 6; ; 1
2022/10/2; 24; ; 25; 12; ; 1
2022/10/3; 50; ; 26; 20; ; 1
2022/10/4; 56; ; 23; 18; ; 1
2022/10/5; 50; ; 23; 11; ; 1
2022/10/6; 56; ; 20; 12; ; 1
2022/10/7; 42; ; 29; 5; ; 1
2022/10/8; 41; ; 23; 7; ; 1
2022/10/9; 38; ; 14; 10; ; 1
2022/10/10; 42; ; 10; 7; ; 3
2022/10/11; 45; ; 7; 5; ; 6
2022/10/12; 63; ; 16; 10; ; 1
2022/10/13; 41; ; 18; 9; ; 1
2022/10/14; 33; ; 23; 8; ; 1
2022/10/15; 36; ; 23; 6; ; 1
2022/10/16; 40; ; 14; 10; ; 1
2022/10/17; 40; ; 13; 11; ; 1
2022/10/18; 47; ; 8; 11; ; 1
2022/10/19; 53; ; 7; 9; ; 1
2022/10/20; 47; ; 5; 13; ; 1
2022/10/21; 41; ; 21; 6; ; 1
2022/10/22; 14; ; 22; 5; ; 1
2022/10/23; 21; ; 15; 13; ; 1
2022/10/24; 31; ; 5; 15; ; 1
2022/10/25; 39; ; 4; 15; ; 1
2022/10/26; 54; ; 15; 13; ; 1
2022/10/27; 50; ; 21; 14; ; 1
2022/10/28; 47; ; 31; 9; ; 1
2022/10/29; 46; ; 19; 9; ; 1
2022/10/30; 43; ; 10; 10; ; 1
2022/10/31; 50; ; 18; 6; ; 1
2022/11/1; 28; ; 14; 10; ; 1
2022/11/2; 30; ; 21; 9; ; 1
2022/11/3; 38; ; 26; 3; ; 
2022/11/4; 29; ; 27; 6; ; 1
2022/11/5; 13; ; 19; 6; ; 1
2022/11/6; 25; ; 10; 13; ; 1
2022/11/7; 36; ; 7; 16; ; 1
2022/11/8; 53; ; 18; 9; ; 1
2022/11/9; 39; ; 19; 8; ; 1
2022/11/10; 23; ; 11; 10; ; 1
2022/11/11; 36; ; 15; 7; ; 1
2022/11/12; 14; ; 13; 6; ; 1
2022/11/13; 26; ; 3; 10; ; 1
2022/11/14; 40; ; 12; 13; ; 1
2022/11/15; 44; ; 19; 10; ; 1
2022/11/16; 17; ; 25; 7; ; 1
2022/11/17; 24; ; 22; 6; ; 1
2022/11/18; 10; ; 32; 2; ; 1
2022/11/19; 6; ; 24; 4; ; 1
2022/11/20; 8; ; 25; 8; ; 1
2022/11/21; 13; ; 21; 7; ; 1
2022/11/22; 10; ; 15; 9; ; 1
2022/11/23; 16; ; 5; 11; ; 1
2022/11/24; 39; ; 24; 6; ; 1
2022/11/25; 20; ; 18; 8; ; 1
2022/11/26; 16; ; 4; 7; ; 1
2022/11/27; 24; ; 23; 5; ; 1
2022/11/29; 5; ; 19; 9; ; 1
2022/11/30; 21; ; 10; 9; ; 1
2022/12/1; 33; ; 13; 9; ; 1
2022/12/2; 30; ; 4; 6; ; 1
2022/12/3; 38; ; 11; 5; ; 1
2022/12/4; 38; ; 6; 7; ; 1
2022/12/5; 30; ; 8; 6; ; 1
2022/12/6; 47; ; 6; 6; ; 1
2022/12/7; 37; ; 7; 4; ; 1
2022/12/8; 31; ; 4; 8; ; 1
2022/12/9; 29; ; 27; 3; ; 1
2022/12/10; 13; ; 13; 5; ; 1
2022/12/11; 19; ; 7; 8; ; 1
2022/12/12; 20; ; 3; 8; ; 2
2022/12/13; 20; ; 7; 10; ; 3
2022/12/14; 27; ; 11; 9; ; 1
2022/12/15; 24; ; 8; 9; ; 1
2022/12/16; 32; ; 9; 9; ; 1
2022/12/17; 29; ; 8; 4; ; 1
2022/12/18; 29; ; 5; 6; ; 1
2022/12/19; 40; ; 5; 7; ; 1
2022/12/20; 37; ; 6; 9; ; 1
2022/12/21; 40; ; 3; 12; ; 3
2022/12/22; 45; ; 4; 10; ; 2
2022/12/23; 36; ; 9; 6; ; 1
2022/12/24; 27; ; 5; 3; ; 1
2022/12/25; 31; ; 4; 6; ; 1
2022/12/26; 41; ; 4; 7; ; 1
2022/12/27; 56; ; ; 8; ; 2
2022/12/28; 37; ; 3; 10; ; 2
2022/12/29; 55; ; 17; 8; ; 1
2022/12/30; 31; ; 13; 5; ; 1
2022/12/31; 30; ; 10; 3; ; 1
2023/1/1; 38; ; 19; 5; ; 1
2022/9/17; 16; ; 34; 4; ; 1
2022/9/18; 26; ; 30; 7; ; 1
2022/9/19; 33; ; 30; 10; ; 1
2022/9/20; 33; ; 36; 9; ; 1
2022/9/21; 32; ; 30; 10; ; 1
2022/9/22; 40; ; 29; 14; ; 1
2022/9/23; 48; ; 29; 15; ; 1
2022/9/24; 16; ; 30; 3; ; 1
2022/9/25; 6; ; 29; 2; ; 1
2022/9/26; 14; ; 29; 5; ; 1
2022/9/27; 25; ; 30; 3; ; 1
2022/9/28; 14; ; 27; 4; ; 1
2022/9/29; 13; ; 25; 4; ; 1
2022/9/30; 16; ; 28; 2; ; 1
2020/1/1; ; 19; 3; 11; ; 1
2020/1/2; ; 22; 3; 10; ; 2
2020/1/3; ; 19; 13; 9; ; 2
2020/1/4; ; 23; 9; 8; ; 1
2020/1/5; ; 10; 6; 5; ; 1
2020/1/6; ; 11; 4; 9; ; 2
2020/1/7; ; 20; 2; 10; ; 2
2020/1/8; ; 20; 2; 10; ; 2
2020/1/9; ; 19; 17; 9; ; 1
2020/1/10; ; 12; 17; 10; ; 1
2020/1/11; ; 10; 7; 8; ; 1
2020/1/12; ; 15; ; ; ; 
2020/1/14; ; 17; 2; 16; ; 2
2020/1/15; ; 21; 5; 23; ; 2
2020/1/16; ; 34; 14; 21; ; 2
2020/1/17; ; 25; 10; 22; ; 2
2020/1/18; ; 21; 17; 6; ; 1
2020/1/19; ; 6; 16; 10; ; 1
2020/1/20; ; 6; 11; 20; ; 1
2020/1/21; ; 11; 7; 19; ; 2
2020/1/22; ; 13; 9; 26; ; 1
2020/1/23; ; 25; 6; 20; ; 1
2020/1/24; ; 38; 6; 15; ; 1
2020/1/25; ; 49; 14; 18; ; 1
2020/1/26; ; 19; 13; 23; ; 2
2020/1/27; ; 23; 13; 24; ; 1
2020/1/28; ; 7; 12; 17; ; 2
2019/10/1; ; 6; 21; 5; ; 1
2019/10/2; ; 4; 22; 6; ; 1
2019/10/3; ; 6; 19; 9; ; 1
2019/10/4; ; 4; 23; 6; ; 1
2019/10/5; ; 3; 21; 3; ; 1
2019/10/6; ; 2; 23; 4; ; 1
2019/10/7; ; 3; 19; 17; ; 2
2019/10/8; ; 4; 20; 8; ; 1
2019/10/9; ; 2; 23; 10; ; 1
2019/10/10; ; 2; 15; 18; ; 2
2019/10/11; ; 3; 17; 12; ; 2
2019/10/12; ; 3; 18; 12; ; 2
2019/10/13; ; 3; 15; 17; ; 2
2019/10/14; ; 4; 21; 9; ; 1
2019/10/15; ; 3; 18; 14; ; 2
2019/10/16; ; 3; 10; 20; ; 2
2019/10/17; ; 4; 5; 20; ; 3
2019/10/18; ; 4; 18; 13; ; 2
2019/10/19; ; 3; 12; 9; ; 1
2019/10/20; ; 3; ; ; ; 
2019/10/24; ; 6; 14; 7; ; 2
2019/10/25; ; 3; 12; 7; ; 2
2019/10/26; ; 3; 16; 6; ; 2
2019/10/27; ; 3; 8; 10; ; 3
2019/10/28; ; 3; 11; 9; ; 3
2019/10/29; ; 4; 10; 11; ; 4
2019/10/30; ; 5; 19; 6; ; 2
2019/10/31; ; 2; 13; 5; ; 2
2019/11/1; ; 2; 18; 3; ; 1
2019/11/2; ; 2; 22; 4; ; 1
2019/11/3; ; 2; 21; 4; ; 1
2019/11/4; ; 2; 19; 7; ; 1
2019/11/5; ; 3; 18; 9; ; 2
2019/11/6; ; 4; 16; 11; ; 2
2019/11/7; ; 7; 17; 9; ; 1
2019/11/8; ; 6; 19; 6; ; 1
2019/11/9; ; 6; 20; 3; ; 1
2019/11/10; ; 7; 18; 1; ; 1
2019/11/11; ; 6; 20; ; ; 1
2019/11/12; ; 9; 18; 15; ; 2
2019/11/13; ; 11; 19; 13; ; 1
2019/11/14; ; 10; 17; 14; ; 2
2019/11/15; ; 9; 16; 12; ; 2
2019/11/16; ; 9; 15; 11; ; 2
2019/11/17; ; 11; 18; 8; ; 1
2019/11/18; ; 10; 17; 15; ; 2
2019/11/19; ; 9; 7; 19; ; 2
2019/11/20; ; 11; 5; 20; ; 2
2019/11/21; ; 11; 4; 19; ; 2
2019/11/22; ; 13; 22; 9; ; 1
2019/11/23; ; 10; 18; 8; ; 1
2019/11/24; ; 7; 9; 18; ; 2
2019/11/25; ; 10; 4; 20; ; 3
2019/11/26; ; 11; 20; 9; ; 1
2019/11/27; ; 7; 17; 6; ; 1
2019/11/28; ; 4; 17; 18; ; 1
2019/11/29; ; 5; 4; 11; ; 1
2019/11/30; ; 14; ; ; ; 
2019/12/3; ; 12; 5; 12; ; 2
2019/12/4; ; 8; 9; 13; ; 2
2019/12/5; ; 8; 12; 10; ; 2
2019/12/6; ; 6; 8; 8; ; 2
2019/12/7; ; 8; 4; 6; ; 2
2019/12/8; ; 10; 19; 4; ; 1
2019/12/9; ; 8; 18; 8; ; 1
2019/12/10; ; 8; 10; 13; ; 2
2019/12/11; ; 7; 13; 13; ; 2
2019/12/12; ; 13; 6; 12; ; 2
2019/12/13; ; 10; 10; 8; ; 1
2019/12/14; ; 6; 16; 10; ; 2
2019/12/15; ; 5; 11; 11; ; 2
2019/12/16; ; 5; 11; 16; ; 3
2019/12/17; ; 6; 7; 16; ; 2
2019/12/18; ; 8; 5; 10; ; 2
2019/12/19; ; 8; 16; 12; ; 1
2019/12/20; ; 6; 15; 8; ; 1
2019/12/21; ; 8; 23; 3; ; 1
2019/12/22; ; 3; 17; 12; ; 2
2019/12/23; ; 6; 9; 10; ; 2
2019/12/24; ; 5; 4; 10; ; 3
2019/12/25; ; 6; 16; 7; ; 2
2019/12/26; ; 8; 11; 11; ; 2
2019/12/27; ; 19; 3; 7; ; 2
2019/12/28; ; 20; 6; 6; ; 1
2019/12/29; ; 19; ; ; ; 
2019/7/23; ; 37; 34; 19; ; 1
2019/7/24; ; 45; 38; 15; ; 1
2019/7/25; ; 35; 29; 9; ; 1
2019/7/26; ; 14; 27; 3; ; 1
2019/7/27; ; 5; 28; 2; ; 1
2019/7/28; ; 4; 33; 13; ; 1
2019/7/29; ; 27; 34; 3; ; 1
2019/7/31; ; 9; 38; 9; ; 1
2019/8/1; ; 28; 43; 5; ; 1
2019/8/2; ; 17; 46; 7; ; 1
2019/8/3; ; 25; 52; 7; ; 1
2019/8/4; ; 27; 38; 10; ; 1
2019/8/5; ; 28; 39; 13; ; 1
2019/8/6; ; 32; 32; 9; ; 1
2019/8/7; ; 26; 29; 11; ; 1
2019/8/8; ; 16; 23; 10; ; 1
2019/8/9; ; 30; 41; 3; ; 1
2019/8/10; ; 15; 37; 2; ; 1
2019/8/11; ; 12; 35; 2; ; 1
2019/8/12; ; 13; 34; 3; ; 1
2019/8/13; ; 12; 37; 4; ; 1
2019/8/14; ; 15; 31; 2; ; 1
2019/8/16; ; 14; 41; 7; ; 1
2019/8/17; ; 30; 41; 5; ; 1
2019/8/18; ; 22; ; ; ; 
2019/8/22; ; 4; 12; 3; ; 6
2019/8/23; ; 44; 1; 1; ; 5
2019/8/24; ; 50; 1; 1; ; 4
2019/8/25; ; 55; ; 1; ; 14
2019/8/26; ; 41; 35; 11; ; 1
2019/8/27; ; 3; 47; 11; ; 1
2019/8/28; ; 3; 40; 17; ; 1
2019/8/29; ; 4; 38; 15; ; 1
2019/8/30; ; 4; 44; 13; ; 1
2019/8/31; ; 4; 34; 3; ; 1
2019/9/1; ; 2; 34; 3; ; 1
2019/9/2; ; 2; 38; 7; ; 1
2019/9/3; ; 3; 45; 6; ; 1
2019/9/4; ; 3; 31; 2; ; 1
2019/9/5; ; 2; 34; 3; ; 1
2019/9/6; ; 2; 38; 3; ; 1
2019/9/7; ; 2; 30; 2; ; 1
2019/9/8; ; 2; 26; 9; ; 1
2019/9/9; ; 3; 30; 2; ; 1
2019/9/10; ; 2; 38; 4; ; 1
2019/9/11; ; 3; 41; 8; ; 2
2019/9/12; ; 4; 32; 18; ; 2
2019/9/13; ; 6; 32; 12; ; 1
2019/9/14; ; 7; 34; 10; ; 1
2019/9/15; ; 5; 30; 15; ; 1
2019/9/16; ; 5; 36; 20; ; 1
2019/9/17; ; 5; 37; 9; ; 1
2019/9/18; ; 41; 35; 15; ; 1
2019/9/19; ; 44; 30; 15; ; 2
2019/9/20; ; 51; 27; 10; ; 2
2019/9/21; ; 51; 24; 5; ; 2
2019/9/22; ; 44; 28; 10; ; 1
2019/9/23; ; 19; 20; 11; ; 1
2019/9/24; ; 3; 13; 8; ; 1
2019/9/25; ; 2; 7; 10; ; 2
2019/9/26; ; 9; 25; 15; ; 1
2019/9/27; ; 8; 24; 10; ; 1
2019/9/28; ; 6; 27; 11; ; 1
2019/9/29; ; 7; 17; 20; ; 1
2019/9/30; ; 6; 22; 15; ; 1
2025/8/21; ; ; 35; 3; ; 1
2025/4/3; ; ; 35; 13; ; 1
2025/5/11; ; ; 35; 7; ; 1
2025/6/20; ; ; 44; ; ; 1
2024/12/31; ; ; 10; 7; ; 1
2024/7/29; ; ; 38; 12; ; 1
2023/10/5; ; ; 30; 19; ; 1
2023/10/6; ; ; 24; 15; ; 1
2023/10/12; ; ; 21; 15; ; 
2023/12/19; ; ; 26; 6; ; 
2023/9/16; ; ; 19; 5; ; 1
2023/5/4; ; ; 36; 4; ; 1
2023/6/23; ; ; 45; 6; ; 1
2023/3/1; ; ; 24; 5; ; 1
2022/11/28; ; ; 28; 5; ; 1
2022/7/1; ; ; 33; 5; ; 1
2022/7/2; ; ; 32; 5; ; 1
2022/7/3; ; ; 35; 5; ; 1
2022/7/4; ; ; 34; 3; ; 1
2022/7/5; ; ; 24; 2; ; 
2022/7/10; ; ; 43; 5; ; 1
2022/7/11; ; ; 41; 12; ; 1
2022/7/12; ; ; 48; 11; ; 1
2022/7/13; ; ; 55; 8; ; 1
2022/7/14; ; ; 50; 10; ; 1
2022/7/15; ; ; 48; 10; ; 1
2022/7/16; ; ; 53; 9; ; 2
2022/7/17; ; ; 47; 6; ; 2
2022/7/18; ; ; 29; 7; ; 1
2022/7/19; ; ; 36; 10; ; 1
2022/7/20; ; ; 41; 4; ; 1
2022/7/21; ; ; 36; 7; ; 1
2022/7/22; ; ; 45; 6; ; 1
2022/7/23; ; ; 38; 3; ; 1
2022/7/24; ; ; 40; 5; ; 1
2022/7/25; ; ; 31; 3; ; 1
2022/7/26; ; ; 31; 2; ; 1
2022/7/27; ; ; 33; 4; ; 1
2022/7/28; ; ; 33; 6; ; 1
2022/7/29; ; ; 33; 4; ; 1
2022/7/30; ; ; 32; 2; ; 1
2022/7/31; ; ; 37; 3; ; 1
2022/8/1; ; ; 38; 5; ; 1
2022/8/2; ; ; 38; 9; ; 1
2022/8/3; ; ; 46; 11; ; 2
2022/8/4; ; ; 34; 10; ; 2
2022/8/5; ; ; 36; 4; ; 1
2022/8/6; ; ; 38; 4; ; 1
2022/8/7; ; ; 41; 4; ; 1
2022/8/8; ; ; 36; 10; ; 1
2022/8/9; ; ; 38; 8; ; 1
2022/8/10; ; ; 37; 11; ; 1
2022/8/11; ; ; 35; 11; ; 2
2022/8/12; ; ; 43; 12; ; 1
2022/8/13; ; ; 34; 6; ; 1
2022/8/14; ; ; 44; 3; ; 1
2022/8/15; ; ; 41; 4; ; 1
2022/8/16; ; ; 39; 8; ; 1
2022/8/17; ; ; 33; 3; ; 1
2022/8/18; ; ; 30; 2; ; 1
2022/8/19; ; ; 35; 3; ; 1
2022/8/20; ; ; 31; 5; ; 1
2022/8/21; ; ; 28; 3; ; 1
2022/8/22; ; ; 21; 2; ; 1
2022/8/23; ; ; 22; 7; ; 1
2022/8/24; ; ; 25; 10; ; 1
2022/8/25; ; ; 36; 9; ; 1
2022/8/26; ; ; 26; 3; ; 1
2022/8/27; ; ; 34; 6; ; 1
2022/8/28; ; ; 29; 6; ; 1
2022/8/29; ; ; 18; 9; ; 1
2022/8/30; ; ; 26; 13; ; 1
2022/8/31; ; ; 38; 7; ; 1
2022/9/1; ; ; 30; 5; ; 1
2022/9/2; ; ; 35; 1; ; 1
2022/9/3; ; ; 34; ; ; 1
2022/9/4; ; ; 31; ; ; 1
2022/9/5; ; ; 21; ; ; 1
2022/9/6; ; ; 29; 14; ; 1
2022/9/7; ; ; 31; 9; ; 1
2022/9/8; ; ; 23; 15; ; 1
2022/9/9; ; ; 29; 8; ; 1
2022/9/10; ; ; 29; 8; ; 1
2022/9/11; ; ; 25; 6; ; 1
2022/9/12; ; ; 18; 12; ; 1
2022/9/13; ; ; 6; 11; ; 1
2022/9/14; ; ; 15; 15; ; 2
2022/9/15; ; ; 6; 31; ; 1
2022/4/1; ; ; 34; 4; ; 1
2022/4/2; ; ; 39; 4; ; 1
2022/4/3; ; ; 39; 9; ; 1
2022/4/4; ; ; 34; 14; ; 1
2022/4/5; ; ; 37; 7; ; 1
2022/4/6; ; ; 33; 11; ; 1
2022/4/7; ; ; 32; 11; ; 1
2022/4/8; ; ; 30; 4; ; 1
2022/4/9; ; ; 36; 6; ; 1
2022/4/10; ; ; 31; 9; ; 1
2022/4/11; ; ; 36; 12; ; 1
2022/4/12; ; ; 32; 13; ; 1
2022/4/13; ; ; 14; 5; ; 1
2022/4/14; ; ; 31; 5; ; 1
2022/4/15; ; ; 34; 7; ; 2
2022/4/16; ; ; 19; 3; ; 1
2022/4/17; ; ; 39; 5; ; 1
2022/4/18; ; ; 35; 7; ; 2
2022/4/19; ; ; 28; 5; ; 1
2022/4/20; ; ; 35; 5; ; 1
2022/4/21; ; ; 34; 14; ; 1
2022/4/22; ; ; 22; 19; ; 1
2022/4/23; ; ; 8; ; ; 
2022/4/25; ; ; 29; 15; ; 1
2022/4/26; ; ; 26; 11; ; 1
2022/4/27; ; ; 32; 7; ; 1
2022/4/28; ; ; 26; 7; ; 1
2022/4/29; ; ; 35; 3; ; 1
2022/4/30; ; ; 36; 4; ; 1
2022/5/1; ; ; 42; 6; ; 1
2022/5/2; ; ; 39; 7; ; 1
2022/5/3; ; ; 27; 6; ; 1
2022/5/4; ; ; 34; 4; ; 1
2022/5/5; ; ; 35; 4; ; 1
2022/5/6; ; ; 34; 4; ; 1
2022/5/7; ; ; 38; 4; ; 1
2022/5/8; ; ; 39; 13; ; 1
2022/5/9; ; ; 27; 14; ; 1
2022/5/10; ; ; 34; 14; ; 1
2022/5/11; ; ; 35; 12; ; 1
2022/5/12; ; ; 31; 15; ; 2
2022/5/13; ; ; 35; 10; ; 2
2022/5/14; ; ; 35; 7; ; 1
2022/5/15; ; ; 35; 11; ; 1
2022/5/16; ; ; 32; 10; ; 1
2022/5/17; ; ; 32; 10; ; 1
2022/5/18; ; ; 30; 9; ; 1
2022/5/19; ; ; 32; 11; ; 1
2022/5/20; ; ; 32; 11; ; 1
2022/5/21; ; ; 36; 10; ; 1
2022/5/22; ; ; 30; 4; ; 1
2022/5/23; ; ; 36; 3; ; 1
2022/5/24; ; ; 29; 3; ; 1
2022/5/25; ; ; 32; 3; ; 1
2022/5/26; ; ; 32; 3; ; 1
2022/5/27; ; ; 31; 3; ; 1
2022/5/28; ; ; 34; 3; ; 1
2022/5/29; ; ; 35; 6; ; 1
2022/5/30; ; ; 39; 9; ; 1
2022/5/31; ; ; 34; 10; ; 1
2022/6/1; ; ; 30; 9; ; 1
2022/6/2; ; ; 34; 11; ; 1
2022/6/3; ; ; 29; 7; ; 1
2022/6/4; ; ; 37; 4; ; 1
2022/6/5; ; ; 38; 7; ; 1
2022/6/6; ; ; 35; 5; ; 1
2022/6/7; ; ; 33; 5; ; 1
2022/6/8; ; ; 29; 3; ; 1
2022/6/9; ; ; 30; 10; ; 1
2022/6/10; ; ; 34; 7; ; 1
2022/6/11; ; ; 42; 9; ; 1
2022/6/12; ; ; 36; 6; ; 1
2022/6/13; ; ; 37; 6; ; 2
2022/6/14; ; ; 33; 5; ; 1
2022/6/15; ; ; 32; 5; ; 2
2022/6/16; ; ; 38; 4; ; 2
2022/6/17; ; ; 37; 3; ; 2
2022/6/18; ; ; 38; 2; ; 1
2022/6/19; ; ; 36; 3; ; 1
2022/6/20; ; ; 26; ; ; 
2022/6/22; ; ; 31; ; ; 
2022/6/23; ; ; 32; ; ; 
2022/6/27; ; ; 28; 5; ; 1
2022/6/28; ; ; 35; 9; ; 1
2022/6/29; ; ; 37; 2; ; 1
2022/6/30; ; ; 27; 6; ; 1
2022/1/3; ; ; 1; 9; ; 1
2022/1/4; ; ; 28; 6; ; 1
2022/1/5; ; ; 26; 5; ; 1
2022/1/6; ; ; 28; 7; ; 1
2022/1/7; ; ; 28; 9; ; 1
2022/1/8; ; ; 24; 8; ; 1
2022/1/9; ; ; 18; 5; ; 1
2022/1/10; ; ; 22; 7; ; 1
2022/1/11; ; ; 28; 13; ; 1
2022/1/12; ; ; 24; 21; ; 2
2022/1/13; ; ; 10; 21; ; 2
2022/1/14; ; ; 5; 15; ; 2
2022/1/15; ; ; 16; 14; ; 1
2022/1/16; ; ; 18; 19; ; 2
2022/1/17; ; ; 16; 20; ; 2
2022/1/18; ; ; 12; 14; ; 2
2022/1/19; ; ; 4; ; ; 
2022/1/25; ; ; 8; 19; ; 3
2022/1/26; ; ; 14; 18; ; 2
2022/1/27; ; ; 16; 18; ; 3
2022/1/28; ; ; 18; 15; ; 2
2022/1/29; ; ; 20; 15; ; 2
2022/1/30; ; ; 19; 5; ; 1
2022/1/31; ; ; 35; 5; ; 1
2022/2/1; ; ; 30; 14; ; 1
2022/2/2; ; ; 24; 16; ; 2
2022/2/3; ; ; 16; 13; ; 1
2022/2/4; ; ; 24; 5; ; 1
2022/2/5; ; ; 31; 6; ; 1
2022/2/6; ; ; 29; 6; ; 1
2022/2/7; ; ; 30; 18; ; 2
2022/2/8; ; ; 17; 19; ; 2
2022/2/9; ; ; 13; 20; ; 2
2022/2/10; ; ; 9; 13; ; 2
2022/2/11; ; ; 24; 13; ; 1
2022/2/12; ; ; 18; 10; ; 1
2022/2/13; ; ; 20; 10; ; 1
2022/2/14; ; ; 29; 11; ; 1
2022/2/15; ; ; 28; 14; ; 2
2022/2/16; ; ; 24; 11; ; 2
2022/2/17; ; ; 23; 13; ; 2
2022/2/18; ; ; 28; 5; ; 1
2022/2/19; ; ; 30; 7; ; 1
2022/2/20; ; ; 29; 8; ; 1
2022/2/21; ; ; 32; 7; ; 1
2022/2/22; ; ; 28; ; ; 1
2022/2/23; ; ; 22; 17; ; 1
2022/2/24; ; ; 17; 6; ; 1
2022/2/25; ; ; 27; 7; ; 1
2022/2/26; ; ; 26; 8; ; 1
2022/2/27; ; ; 29; 14; ; 1
2022/2/28; ; ; 24; 15; ; 2
2022/3/1; ; ; 22; 11; ; 1
2022/3/2; ; ; 23; 11; ; 1
2022/3/3; ; ; 25; 4; ; 1
2022/3/4; ; ; 30; 4; ; 1
2022/3/5; ; ; 33; 4; ; 1
2022/3/6; ; ; 30; 7; ; 1
2022/3/7; ; ; 23; 14; ; 2
2022/3/8; ; ; 17; 11; ; 2
2022/3/9; ; ; 20; 11; ; 1
2022/3/10; ; ; 21; 9; ; 1
2022/3/11; ; ; 18; ; ; 
2022/3/14; ; ; 29; 9; ; 1
2022/3/15; ; ; 25; 11; ; 1
2022/3/16; ; ; 19; 5; ; 1
2022/3/17; ; ; 25; 7; ; 1
2022/3/18; ; ; 20; 10; ; 
2022/3/19; ; ; 13; ; ; 
2022/3/21; ; ; 28; 9; ; 1
2022/3/22; ; ; 31; 12; ; 1
2022/3/23; ; ; 29; 14; ; 1
2022/3/24; ; ; 17; 13; ; 2
2022/3/25; ; ; 28; 9; ; 1
2022/3/26; ; ; 32; 7; ; 1
2022/3/27; ; ; 34; 11; ; 1
2022/3/28; ; ; 29; 12; ; 1
2022/3/29; ; ; 27; 6; ; 1
2022/3/30; ; ; 34; 4; ; 1
2022/3/31; ; ; 38; 4; ; 1
2021/10/1; ; ; 26; 11; ; 1
2021/10/2; ; ; 26; 7; ; 1
2021/10/3; ; ; 24; 6; ; 1
2021/10/4; ; ; 27; 12; ; 1
2021/10/5; ; ; 24; 6; ; 1
2021/10/6; ; ; 32; 9; ; 1
2021/10/7; ; ; 28; 13; ; 1
2021/10/8; ; ; 30; 6; ; 1
2021/10/9; ; ; 31; 5; ; 1
2021/10/10; ; ; 33; 10; ; 1
2021/10/11; ; ; 32; 7; ; 1
2021/10/12; ; ; 32; 6; ; 1
2021/10/13; ; ; 32; 19; ; 1
2021/10/14; ; ; 19; 14; ; 1
2021/10/15; ; ; 28; 11; ; 1
2021/10/16; ; ; 33; 12; ; 1
2021/10/17; ; ; 27; 21; ; 1
2021/10/18; ; ; 19; 18; ; 1
2021/10/19; ; ; 4; ; ; 
2021/10/22; ; ; 24; ; ; 
2021/10/24; ; ; 23; 20; ; 1
2021/10/25; ; ; 12; 11; ; 1
2021/10/26; ; ; 15; ; ; 
2021/11/1; ; ; 25; 17; ; 1
2021/11/2; ; ; 25; 8; ; 1
2021/11/3; ; ; 26; 9; ; 1
2021/11/4; ; ; 25; 6; ; 1
2021/11/5; ; ; 27; 5; ; 1
2021/11/6; ; ; 26; 3; ; 1
2021/11/7; ; ; 30; 5; ; 1
2021/11/8; ; ; 29; 12; ; 1
2021/11/9; ; ; 28; 11; ; 1
2021/11/10; ; ; 21; 16; ; 2
2021/11/11; ; ; 18; 11; ; 1
2021/11/12; ; ; 19; 9; ; 1
2021/11/13; ; ; 26; 3; ; 1
2021/11/14; ; ; 29; 5; ; 1
2021/11/15; ; ; 24; 7; ; 1
2021/11/16; ; ; 24; 7; ; 1
2021/11/17; ; ; 24; 17; ; 1
2021/11/18; ; ; 20; 22; ; 2
2021/11/19; ; ; 8; 19; ; 2
2021/11/20; ; ; 5; 11; ; 1
2021/11/21; ; ; 19; 12; ; 1
2021/11/22; ; ; 18; 20; ; 1
2021/11/23; ; ; 10; 12; ; 1
2021/11/24; ; ; 19; 12; ; 1
2021/11/25; ; ; 23; 8; ; 1
2021/11/26; ; ; 23; 6; ; 1
2021/11/27; ; ; 27; 6; ; 1
2021/11/28; ; ; 26; 10; ; 1
2021/11/29; ; ; 21; 14; ; 1
2021/11/30; ; ; 24; 16; ; 2
2021/12/1; ; ; 8; 7; ; 1
2021/12/2; ; ; 25; 8; ; 1
2021/12/3; ; ; 25; 11; ; 1
2021/12/4; ; ; 22; 5; ; 1
2021/12/5; ; ; 28; 5; ; 1
2021/12/6; ; ; 25; 15; ; 2
2021/12/7; ; ; 12; 5; ; 1
2021/12/8; ; ; 29; 15; ; 1
2021/12/9; ; ; 22; 6; ; 1
2021/12/10; ; ; 31; 4; ; 1
2021/12/11; ; ; 29; 8; ; 1
2021/12/12; ; ; 24; 12; ; 1
2021/12/13; ; ; 10; 9; ; 1
2021/12/14; ; ; 10; 10; ; 1
2021/12/15; ; ; 9; 13; ; 1
2021/12/16; ; ; 6; 14; ; 1
2021/12/17; ; ; 4; 10; ; 1
2021/12/18; ; ; 7; 9; ; 1
2021/12/19; ; ; 7; 9; ; 1
2021/12/20; ; ; 4; 13; ; 2
2021/12/21; ; ; ; 10; ; 2
2021/12/22; ; ; 1; 10; ; 2
2021/12/23; ; ; 4; 9; ; 2
2021/12/24; ; ; 4; 7; ; 1
2021/12/25; ; ; 4; 9; ; 1
2021/12/26; ; ; 3; 13; ; 1
2021/12/27; ; ; 22; 7; ; 1
2021/12/28; ; ; 24; 9; ; 1
2021/12/29; ; ; 16; 13; ; 1
2021/12/30; ; ; 7; 9; ; 1
2021/12/31; ; ; 3; 7; ; 1
2022/1/1; ; ; 3; 7; ; 1
2022/1/2; ; ; 2; 10; ; 2
2021/7/1; ; ; 36; 14; ; 1
2021/7/2; ; ; 44; 6; ; 1
2021/7/3; ; ; 42; 4; ; 1
2021/7/4; ; ; 37; 16; ; 1
2021/7/5; ; ; 31; 10; ; 1
2021/7/6; ; ; 23; 5; ; 1
2021/7/7; ; ; 34; 4; ; 1
2021/7/8; ; ; 29; 13; ; 1
2021/7/9; ; ; 33; 7; ; 1
2021/7/10; ; ; 43; 6; ; 1
2021/7/11; ; ; 31; 3; ; 1
2021/7/12; ; ; 26; 3; ; 1
2021/7/13; ; ; 25; 3; ; 1
2021/7/14; ; ; 27; 5; ; 1
2021/7/15; ; ; 32; 4; ; 1
2021/7/16; ; ; 38; 4; ; 1
2021/7/17; ; ; 41; 3; ; 1
2021/7/18; ; ; 41; 10; ; 1
2021/7/19; ; ; 49; 13; ; 1
2021/7/20; ; ; 53; 18; ; 1
2021/7/21; ; ; 38; 20; ; 1
2021/7/22; ; ; 33; 23; ; 1
2021/7/23; ; ; 33; 4; ; 1
2021/7/24; ; ; 35; 2; ; 1
2021/7/25; ; ; 33; 4; ; 1
2021/7/26; ; ; 39; 13; ; 1
2021/7/27; ; ; 32; 9; ; 1
2021/7/28; ; ; 36; 11; ; 1
2021/7/29; ; ; 29; 5; ; 1
2021/7/30; ; ; 33; 2; ; 1
2021/7/31; ; ; 24; 2; ; 1
2021/8/1; ; ; 30; 10; ; 1
2021/8/2; ; ; 31; 11; ; 1
2021/8/3; ; ; 30; 5; ; 1
2021/8/4; ; ; 33; 13; ; 1
2021/8/5; ; ; 36; 7; ; 1
2021/8/6; ; ; 31; 3; ; 1
2021/8/7; ; ; 29; 4; ; 1
2021/8/8; ; ; 30; 11; ; 2
2021/8/9; ; ; 24; 13; ; 2
2021/8/10; ; ; 24; 11; ; 1
2021/8/11; ; ; 32; 17; ; 2
2021/8/12; ; ; 26; 12; ; 2
2021/8/13; ; ; 37; 11; ; 1
2021/8/14; ; ; 36; 4; ; 1
2021/8/15; ; ; 32; 2; ; 1
2021/8/16; ; ; 33; 2; ; 1
2021/8/17; ; ; 35; 3; ; 1
2021/8/18; ; ; 35; 10; ; 1
2021/8/19; ; ; 29; 12; ; 1
2021/8/20; ; ; 29; 9; ; 1
2021/8/21; ; ; 31; 3; ; 1
2021/8/22; ; ; 34; 4; ; 1
2021/8/23; ; ; 29; 5; ; 1
2021/8/24; ; ; 36; 11; ; 1
2021/8/25; ; ; 33; 11; ; 1
2021/8/26; ; ; 43; 7; ; 1
2021/8/27; ; ; 43; 3; ; 1
2021/8/28; ; ; 40; 4; ; 1
2021/8/29; ; ; 39; 11; ; 2
2021/8/30; ; ; 28; 13; ; 2
2021/8/31; ; ; 28; 11; ; 2
2021/9/1; ; ; 17; 16; ; 2
2021/9/2; ; ; 27; 16; ; 2
2021/9/3; ; ; 34; 13; ; 2
2021/9/4; ; ; 38; 13; ; 2
2021/9/5; ; ; 35; 18; ; 2
2021/9/6; ; ; 17; 10; ; 2
2021/9/7; ; ; 16; 16; ; 1
2021/9/8; ; ; 28; 13; ; 1
2021/9/9; ; ; 26; 8; ; 1
2021/9/10; ; ; 29; 9; ; 1
2021/9/11; ; ; 29; 10; ; 1
2021/9/12; ; ; 28; 18; ; 2
2021/9/13; ; ; 11; 15; ; 2
2021/9/14; ; ; 11; 13; ; 1
2021/9/15; ; ; 27; 6; ; 1
2021/9/16; ; ; 29; 14; ; 1
2021/9/17; ; ; 30; 5; ; 1
2021/9/18; ; ; 24; 3; ; 1
2021/9/19; ; ; 32; 5; ; 1
2021/9/20; ; ; 27; 7; ; 1
2021/9/21; ; ; 27; 16; ; 1
2021/9/22; ; ; 18; 16; ; 1
2021/9/23; ; ; 25; 15; ; 1
2021/9/24; ; ; 14; 16; ; 1
2021/9/25; ; ; 17; 12; ; 1
2021/9/26; ; ; 37; 12; ; 1
2021/9/27; ; ; 30; 11; ; 1
2021/9/28; ; ; 25; 6; ; 1
2021/9/29; ; ; 30; 9; ; 1
2021/9/30; ; ; 27; 15; ; 1
2021/4/3; ; ; 36; 5; ; 1
2021/4/4; ; ; 39; 7; ; 1
2021/4/5; ; ; 39; 4; ; 1
2021/4/6; ; ; 40; 9; ; 1
2021/4/7; ; ; 37; 17; ; 1
2021/4/8; ; ; 28; 19; ; 1
2021/4/9; ; ; 21; 9; ; 1
2021/4/10; ; ; 28; 4; ; 1
2021/4/11; ; ; 31; 6; ; 1
2021/4/12; ; ; 38; 17; ; 1
2021/4/13; ; ; 30; 17; ; 1
2021/4/14; ; ; 28; 9; ; 1
2021/4/15; ; ; 36; 6; ; 1
2021/4/16; ; ; 41; 3; ; 1
2021/4/17; ; ; 39; 3; ; 2
2021/4/18; ; ; 42; 13; ; 2
2021/4/19; ; ; 41; 20; ; 2
2021/4/20; ; ; 31; 15; ; 2
2021/4/21; ; ; 37; 17; ; 1
2021/4/22; ; ; 30; 9; ; 1
2021/4/23; ; ; 40; 10; ; 1
2021/4/24; ; ; 35; 7; ; 1
2021/4/25; ; ; 36; 21; ; 1
2021/4/26; ; ; 28; 14; ; 1
2021/4/27; ; ; 25; 15; ; 1
2021/4/28; ; ; 36; 9; ; 1
2021/4/29; ; ; 31; 8; ; 1
2021/4/30; ; ; 34; 5; ; 1
2021/5/1; ; ; 43; 5; ; 1
2021/5/2; ; ; 43; 19; ; 1
2021/5/3; ; ; 27; 15; ; 1
2021/5/4; ; ; 42; 8; ; 1
2021/5/5; ; ; 30; 15; ; 1
2021/5/6; ; ; 34; 11; ; 1
2021/5/7; ; ; 34; 10; ; 1
2021/5/8; ; ; 40; 11; ; 1
2021/5/9; ; ; 31; 9; ; 1
2021/5/10; ; ; 35; 6; ; 1
2021/5/11; ; ; 36; 13; ; 1
2021/5/12; ; ; 30; 10; ; 1
2021/5/13; ; ; 28; ; ; 
2021/5/15; ; ; 21; 3; ; 1
2021/5/16; ; ; 29; 5; ; 1
2021/5/17; ; ; 36; 10; ; 1
2021/5/18; ; ; 30; 3; ; 1
2021/5/19; ; ; 36; 17; ; 1
2021/5/20; ; ; 32; 12; ; 1
2021/5/21; ; ; 34; 2; ; 1
2021/5/22; ; ; 34; 8; ; 1
2021/5/23; ; ; 28; 9; ; 1
2021/5/24; ; ; 34; 3; ; 1
2021/5/25; ; ; 36; 14; ; 1
2021/5/26; ; ; 29; 20; ; 1
2021/5/27; ; ; 23; 20; ; 1
2021/5/28; ; ; 35; 8; ; 1
2021/5/29; ; ; 41; 6; ; 1
2021/5/30; ; ; 39; 18; ; 1
2021/5/31; ; ; 27; 18; ; 1
2021/6/1; ; ; 22; 18; ; 1
2021/6/2; ; ; 33; 17; ; 1
2021/6/3; ; ; 28; 7; ; 1
2021/6/4; ; ; 26; 6; ; 1
2021/6/5; ; ; 34; 4; ; 1
2021/6/6; ; ; 37; 6; ; 1
2021/6/7; ; ; 43; 19; ; 1
2021/6/8; ; ; 45; 7; ; 1
2021/6/9; ; ; 48; 10; ; 1
2021/6/10; ; ; 44; 13; ; 1
2021/6/11; ; ; 33; 9; ; 1
2021/6/12; ; ; 46; 14; ; 1
2021/6/13; ; ; 42; 15; ; 1
2021/6/14; ; ; 47; 13; ; 1
2021/6/15; ; ; 41; 24; ; 1
2021/6/16; ; ; 35; 18; ; 1
2021/6/17; ; ; 30; 16; ; 1
2021/6/18; ; ; 32; 10; ; 1
2021/6/19; ; ; 29; 5; ; 1
2021/6/20; ; ; 32; 8; ; 1
2021/6/21; ; ; 37; 6; ; 1
2021/6/22; ; ; 31; 4; ; 1
2021/6/23; ; ; 34; 6; ; 1
2021/6/24; ; ; 36; 9; ; 1
2021/6/25; ; ; 40; 9; ; 1
2021/6/26; ; ; 34; 8; ; 1
2021/6/27; ; ; 37; 4; ; 1
2021/6/28; ; ; 37; 5; ; 1
2021/6/29; ; ; 35; 10; ; 1
2021/6/30; ; ; 37; 16; ; 1
2021/1/4; ; ; 14; 10; ; 1
2021/1/5; ; ; 16; 10; ; 2
2021/1/6; ; ; 17; 13; ; 1
2021/1/7; ; ; 4; 15; ; 2
2021/1/8; ; ; 12; 8; ; 1
2021/1/9; ; ; 18; 6; ; 1
2021/1/10; ; ; 20; 8; ; 1
2021/1/11; ; ; 24; 7; ; 1
2021/1/12; ; ; 25; 7; ; 1
2021/1/13; ; ; 24; 6; ; 1
2021/1/14; ; ; 24; 5; ; 1
2021/1/15; ; ; 26; 5; ; 1
2021/1/16; ; ; 27; 5; ; 1
2021/1/17; ; ; 25; ; ; 
2021/1/19; ; ; 6; 12; ; 1
2021/1/20; ; ; 9; 16; ; 3
2021/1/21; ; ; 1; 10; ; 1
2021/1/22; ; ; 25; 10; ; 1
2021/1/23; ; ; 23; 6; ; 1
2021/1/24; ; ; 28; 14; ; 1
2021/1/25; ; ; 19; 13; ; 2
2021/1/26; ; ; 17; 11; ; 1
2021/1/27; ; ; 15; 15; ; 1
2021/1/28; ; ; 10; 11; ; 1
2021/1/29; ; ; 16; 7; ; 1
2021/1/30; ; ; 28; 7; ; 1
2021/1/31; ; ; 26; 13; ; 1
2021/2/1; ; ; 22; 13; ; 1
2021/2/2; ; ; 16; 15; ; 2
2021/2/3; ; ; 14; 14; ; 2
2021/2/4; ; ; 12; 14; ; 1
2021/2/5; ; ; 13; 9; ; 1
2021/2/6; ; ; 23; 5; ; 1
2021/2/7; ; ; 26; 12; ; 1
2021/2/8; ; ; 22; 18; ; 1
2021/2/9; ; ; 18; 14; ; 1
2021/2/10; ; ; 24; 18; ; 1
2021/2/11; ; ; 14; 11; ; 1
2021/2/12; ; ; 27; 5; ; 1
2021/2/13; ; ; 26; 6; ; 1
2021/2/14; ; ; 23; 12; ; 1
2021/2/15; ; ; 19; 14; ; 1
2021/2/16; ; ; 15; 13; ; 1
2021/2/17; ; ; 9; 19; ; 1
2021/2/18; ; ; 11; 16; ; 1
2021/2/19; ; ; 14; 8; ; 1
2021/2/20; ; ; 28; 5; ; 1
2021/2/21; ; ; 31; 7; ; 1
2021/2/22; ; ; 24; 17; ; 1
2021/2/23; ; ; 17; 18; ; 1
2021/2/24; ; ; 17; 19; ; 1
2021/2/25; ; ; 19; 17; ; 1
2021/2/26; ; ; 25; 9; ; 1
2021/2/27; ; ; 31; 5; ; 1
2021/2/28; ; ; 20; 18; ; 1
2021/3/1; ; ; 18; 20; ; 1
2021/3/2; ; ; 18; 23; ; 2
2021/3/3; ; ; 18; 21; ; 1
2021/3/4; ; ; 22; 14; ; 1
2021/3/5; ; ; 26; 9; ; 1
2021/3/6; ; ; 27; 10; ; 1
2021/3/7; ; ; 28; 7; ; 1
2021/3/8; ; ; 26; 8; ; 1
2021/3/9; ; ; 32; 20; ; 1
2021/3/10; ; ; 35; 19; ; 1
2021/3/11; ; ; 23; 10; ; 1
2021/3/12; ; ; 29; 10; ; 1
2021/3/13; ; ; 32; 5; ; 1
2021/3/14; ; ; 34; 5; ; 1
2021/3/15; ; ; 37; 5; ; 1
2021/3/16; ; ; 36; 5; ; 1
2021/3/17; ; ; 33; 6; ; 1
2021/3/18; ; ; 33; 6; ; 1
2021/3/19; ; ; 28; 5; ; 1
2021/3/20; ; ; 33; 4; ; 1
2021/3/21; ; ; 35; 6; ; 1
2021/3/22; ; ; 30; 17; ; 1
2021/3/23; ; ; 35; 27; ; 2
2021/3/24; ; ; 35; 20; ; 1
2021/3/25; ; ; 36; 19; ; 1
2021/3/26; ; ; 29; 9; ; 1
2021/3/27; ; ; 35; 9; ; 1
2021/3/28; ; ; 34; 19; ; 1
2021/3/29; ; ; 34; 26; ; 1
2021/3/30; ; ; 25; ; ; 
2020/10/3; ; ; 26; 6; ; 1
2020/10/4; ; ; 21; 11; ; 1
2020/10/5; ; ; 22; 13; ; 1
2020/10/6; ; ; 20; 8; ; 1
2020/10/7; ; ; 21; 14; ; 1
2020/10/8; ; ; 15; 12; ; 1
2020/10/9; ; ; 21; 3; ; 1
2020/10/10; ; ; 25; 1; ; 1
2020/10/11; ; ; 30; 2; ; 1
2020/10/12; ; ; 29; 5; ; 1
2020/10/13; ; ; 27; 5; ; 1
2020/10/14; ; ; 24; 4; ; 1
2020/10/15; ; ; 27; 7; ; 1
2020/10/16; ; ; 27; 11; ; 1
2020/10/17; ; ; 26; 13; ; 1
2020/10/18; ; ; 25; 14; ; 1
2020/10/19; ; ; 27; 9; ; 1
2020/10/20; ; ; 34; 15; ; 1
2020/10/21; ; ; 28; 16; ; 1
2020/10/22; ; ; 8; 11; ; 1
2020/10/23; ; ; 18; 9; ; 1
2020/10/24; ; ; 25; 7; ; 1
2020/10/25; ; ; 23; 7; ; 1
2020/10/26; ; ; 24; 12; ; 1
2020/10/27; ; ; 20; 16; ; 1
2020/10/28; ; ; 13; 14; ; 1
2020/10/29; ; ; 16; 16; ; 2
2020/10/30; ; ; 12; 12; ; 2
2020/10/31; ; ; 21; 11; ; 2
2020/11/1; ; ; 18; 8; ; 1
2020/11/2; ; ; 21; 5; ; 1
2020/11/3; ; ; 26; 9; ; 1
2020/11/4; ; ; 24; 13; ; 1
2020/11/5; ; ; 7; 9; ; 1
2020/11/6; ; ; 19; 7; ; 1
2020/11/7; ; ; 21; 5; ; 1
2020/11/8; ; ; 15; 11; ; 1
2020/11/9; ; ; 4; 9; ; 1
2020/11/10; ; ; 17; 8; ; 1
2020/11/11; ; ; 8; 8; ; 1
2020/11/12; ; ; 7; 9; ; 2
2020/11/13; ; ; 7; 6; ; 1
2020/11/14; ; ; 9; 6; ; 1
2020/11/15; ; ; 6; 5; ; 1
2020/11/16; ; ; 24; 11; ; 1
2020/11/17; ; ; 11; 7; ; 2
2020/11/18; ; ; 8; 5; ; 1
2020/11/19; ; ; 27; 5; ; 1
2020/11/20; ; ; 28; 14; ; 1
2020/11/21; ; ; 17; 13; ; 1
2020/11/22; ; ; 15; 23; ; 1
2020/11/23; ; ; 5; 19; ; 1
2020/11/24; ; ; 9; 17; ; 1
2020/11/25; ; ; 9; 19; ; 1
2020/11/26; ; ; 4; 20; ; 1
2020/11/27; ; ; 9; 13; ; 1
2020/11/28; ; ; 14; 13; ; 1
2020/11/29; ; ; 13; 14; ; 1
2020/11/30; ; ; 6; 10; ; 1
2020/12/1; ; ; 21; 4; ; 1
2020/12/2; ; ; 26; 12; ; 1
2020/12/3; ; ; 22; 11; ; 1
2020/12/4; ; ; 22; 10; ; 1
2020/12/5; ; ; 18; 7; ; 1
2020/12/6; ; ; 22; 11; ; 1
2020/12/7; ; ; 11; 6; ; 1
2020/12/8; ; ; 23; 9; ; 1
2020/12/9; ; ; 19; 15; ; 1
2020/12/10; ; ; 15; 18; ; 2
2020/12/11; ; ; 4; 7; ; 1
2020/12/12; ; ; 21; 8; ; 1
2020/12/13; ; ; 15; 12; ; 1
2020/12/14; ; ; 5; 17; ; 2
2020/12/15; ; ; 11; 15; ; 1
2020/12/16; ; ; 5; 16; ; 1
2020/12/17; ; ; 5; 12; ; 1
2020/12/18; ; ; 5; 7; ; 1
2020/12/19; ; ; 5; 9; ; 1
2020/12/20; ; ; 13; 12; ; 1
2020/12/21; ; ; 3; 10; ; 1
2020/12/22; ; ; 1; 9; ; 1
2020/12/23; ; ; 1; 7; ; 1
2020/12/24; ; ; 21; 3; ; 1
2020/12/25; ; ; 26; 4; ; 1
2020/12/26; ; ; 26; 9; ; 1
2020/12/27; ; ; 21; 7; ; 1
2020/12/28; ; ; 25; 13; ; 1
2020/12/29; ; ; 18; 9; ; 1
2020/12/30; ; ; 22; 11; ; 1
2020/12/31; ; ; 20; 5; ; 1
2021/1/1; ; ; 26; 4; ; 1
2021/1/2; ; ; 26; 3; ; 
2021/1/3; ; ; 25; 14; ; 1
2020/7/1; ; ; 34; 4; ; 1
2020/7/2; ; ; 27; 3; ; 1
2020/7/3; ; ; 32; 3; ; 1
2020/7/4; ; ; 37; 4; ; 1
2020/7/5; ; ; 33; 3; ; 1
2020/7/6; ; ; 23; 4; ; 1
2020/7/7; ; ; 40; 11; ; 1
2020/7/8; ; ; 32; 9; ; 1
2020/7/9; ; ; 35; 5; ; 1
2020/7/10; ; ; 36; 3; ; 1
2020/7/11; ; ; 36; 5; ; 1
2020/7/12; ; ; 24; 4; ; 1
2020/7/13; ; ; 42; 4; ; 1
2020/7/14; ; ; 40; 4; ; 1
2020/7/15; ; ; 32; 3; ; 1
2020/7/16; ; ; 29; 3; ; 1
2020/7/17; ; ; 30; 5; ; 1
2020/7/18; ; ; 36; 8; ; 1
2020/7/19; ; ; 35; 11; ; 1
2020/7/20; ; ; 26; 12; ; 1
2020/7/21; ; ; 22; 13; ; 1
2020/7/22; ; ; 28; 6; ; 1
2020/7/23; ; ; 45; 4; ; 1
2020/7/24; ; ; 44; 6; ; 1
2020/7/25; ; ; 36; 5; ; 1
2020/7/26; ; ; 42; 11; ; 2
2020/7/27; ; ; 27; 5; ; 1
2020/7/28; ; ; 37; 10; ; 1
2020/7/29; ; ; 29; 14; ; 1
2020/7/30; ; ; 31; 18; ; 1
2020/7/31; ; ; 40; 4; ; 1
2020/8/1; ; ; 32; 2; ; 1
2020/8/2; ; ; 23; 3; ; 1
2020/8/3; ; ; 30; 3; ; 1
2020/8/4; ; ; 26; 7; ; 1
2020/8/5; ; ; 37; 14; ; 1
2020/8/6; ; ; 25; 13; ; 1
2020/8/7; ; ; 38; 7; ; 1
2020/8/8; ; ; 41; 5; ; 1
2020/8/9; ; ; 38; 13; ; 1
2020/8/10; ; ; 25; 10; ; 1
2020/8/11; ; ; 26; 12; ; 1
2020/8/12; ; ; 37; 6; ; 1
2020/8/13; ; ; 46; 7; ; 1
2020/8/14; ; ; 36; 5; ; 1
2020/8/15; ; ; 34; 3; ; 1
2020/8/16; ; ; 33; 6; ; 1
2020/8/17; ; ; 31; 8; ; 1
2020/8/18; ; ; 21; 12; ; 1
2020/8/19; ; ; 30; 11; ; 1
2020/8/20; ; ; 30; 11; ; 1
2020/8/21; ; ; 34; 3; ; 1
2020/8/22; ; ; 32; 3; ; 1
2020/8/23; ; ; 34; 4; ; 1
2020/8/24; ; ; 32; 16; ; 1
2020/8/25; ; ; 34; 7; ; 1
2020/8/26; ; ; 44; 7; ; 1
2020/8/27; ; ; 36; 4; ; 1
2020/8/28; ; ; 23; 3; ; 1
2020/8/29; ; ; 28; 3; ; 1
2020/8/30; ; ; 30; 6; ; 1
2020/8/31; ; ; 36; 9; ; 1
2020/9/1; ; ; 35; 5; ; 1
2020/9/2; ; ; 40; 15; ; 1
2020/9/3; ; ; 41; 16; ; 1
2020/9/4; ; ; 33; 7; ; 1
2020/9/5; ; ; 43; 3; ; 1
2020/9/6; ; ; 32; 3; ; 1
2020/9/7; ; ; 30; 11; ; 1
2020/9/8; ; ; 33; 12; ; 1
2020/9/9; ; ; 38; 8; ; 1
2020/9/10; ; ; 45; 10; ; 1
2020/9/11; ; ; 41; 7; ; 1
2020/9/12; ; ; 39; 8; ; 1
2020/9/13; ; ; 37; 16; ; 1
2020/9/14; ; ; 28; 14; ; 1
2020/9/15; ; ; 25; 16; ; 1
2020/9/16; ; ; 33; 11; ; 1
2020/9/17; ; ; 17; 9; ; 2
2020/9/18; ; ; 16; 7; ; 1
2020/9/19; ; ; 21; 4; ; 1
2020/9/20; ; ; 27; 5; ; 1
2020/9/21; ; ; 31; 11; ; 1
2020/9/22; ; ; 34; 14; ; 2
2020/9/23; ; ; 25; 7; ; 1
2020/9/24; ; ; 21; ; ; 
2020/4/1; ; ; 22; 5; ; 1
2020/4/2; ; ; 29; 3; ; 1
2020/4/3; ; ; 24; 5; ; 1
2020/4/4; ; ; 24; 3; ; 1
2020/4/5; ; ; 24; 9; ; 1
2020/4/6; ; ; 21; 8; ; 1
2020/4/7; ; ; 17; 8; ; 2
2020/4/8; ; ; 26; 4; ; 1
2020/4/9; ; ; 26; 4; ; 1
2020/4/10; ; ; 22; 3; ; 1
2020/4/11; ; ; 21; 3; ; 1
2020/4/12; ; ; 29; 9; ; 1
2020/4/13; ; ; 25; 10; ; 1
2020/4/14; ; ; 23; 9; ; 1
2020/4/15; ; ; 20; 7; ; 1
2020/4/16; ; ; 22; 8; ; 1
2020/4/17; ; ; 17; 5; ; 
2020/4/18; ; ; 21; 1; ; 
2020/4/19; ; ; 18; 2; ; 1
2020/4/20; ; ; 23; 6; ; 1
2020/4/21; ; ; 18; 3; ; 1
2020/4/22; ; ; 24; 5; ; 1
2020/4/23; ; ; 24; 9; ; 1
2020/4/24; ; ; 20; 7; ; 1
2020/4/25; ; ; 27; 4; ; 1
2020/4/26; ; ; 22; 7; ; 1
2020/4/27; ; ; 25; 5; ; 1
2020/4/28; ; ; 24; 7; ; 1
2020/4/29; ; ; 23; 4; ; 1
2020/4/30; ; ; 24; 2; ; 1
2020/5/1; ; ; 18; 4; ; 1
2020/5/2; ; ; 15; 4; ; 1
2020/5/3; ; ; 19; 9; ; 2
2020/5/4; ; ; 18; 7; ; 1
2020/5/5; ; ; 25; 6; ; 1
2020/5/6; ; ; 28; 10; ; 1
2020/5/7; ; ; 22; 9; ; 1
2020/5/8; ; ; 22; 6; ; 1
2020/5/9; ; ; 22; 4; ; 1
2020/5/10; ; ; 16; 5; ; 1
2020/5/11; ; ; 22; 7; ; 1
2020/5/12; ; ; 18; 7; ; 1
2020/5/13; ; ; 23; 7; ; 1
2020/5/14; ; ; 16; 4; ; 1
2020/5/15; ; ; 21; 3; ; 1
2020/5/16; ; ; 25; 3; ; 1
2020/5/17; ; ; 29; 4; ; 1
2020/5/18; ; ; 29; 4; ; 1
2020/5/19; ; ; 28; 6; ; 1
2020/5/20; ; ; 28; 7; ; 1
2020/5/21; ; ; 31; 12; ; 1
2020/5/22; ; ; 28; 3; ; 1
2020/5/23; ; ; 19; 3; ; 1
2020/5/24; ; ; 22; 7; ; 1
2020/5/25; ; ; 16; 5; ; 1
2020/5/26; ; ; 29; 9; ; 1
2020/5/27; ; ; 23; 12; ; 1
2020/5/28; ; ; 25; 8; ; 1
2020/5/29; ; ; 31; 7; ; 1
2020/5/30; ; ; 29; 5; ; 1
2020/5/31; ; ; 25; 9; ; 1
2020/6/1; ; ; 26; 9; ; 1
2020/6/2; ; ; 30; 11; ; 1
2020/6/3; ; ; 19; 4; ; 1
2020/6/4; ; ; 27; 4; ; 1
2020/6/5; ; ; 23; 4; ; 1
2020/6/6; ; ; 25; 2; ; 1
2020/6/7; ; ; 21; 3; ; 1
2020/6/8; ; ; 22; 3; ; 1
2020/6/9; ; ; 25; 4; ; 1
2020/6/10; ; ; 25; 13; ; 1
2020/6/11; ; ; 17; 6; ; 1
2020/6/12; ; ; 21; 5; ; 1
2020/6/13; ; ; 26; 5; ; 1
2020/6/14; ; ; 27; 4; ; 1
2020/6/15; ; ; 24; 6; ; 1
2020/6/16; ; ; 18; 4; ; 1
2020/6/17; ; ; 33; 7; ; 1
2020/6/18; ; ; 35; 10; ; 1
2020/6/19; ; ; 26; 4; ; 1
2020/6/20; ; ; 38; 3; ; 1
2020/6/21; ; ; 37; 4; ; 1
2020/6/22; ; ; 35; 11; ; 1
2020/6/23; ; ; 32; 10; ; 1
2020/6/24; ; ; 32; 13; ; 1
2020/6/25; ; ; 27; 14; ; 1
2020/6/26; ; ; 24; ; ; 
2020/6/30; ; ; 28; 6; ; 1
2019/12/31; ; ; 6; 6; ; 1
2020/1/13; ; ; 2; 12; ; 1
2020/1/29; ; ; 15; 16; ; 2
2020/1/30; ; ; 12; 17; ; 2
2020/1/31; ; ; 10; 18; ; 2
2020/2/1; ; ; 11; 16; ; 2
2020/2/2; ; ; 7; 22; ; 1
2020/2/3; ; ; 22; 12; ; 1
2020/2/4; ; ; 19; 17; ; 1
2020/2/5; ; ; 9; 25; ; 2
2020/2/6; ; ; 10; 32; ; 1
2020/2/7; ; ; 8; 17; ; 1
2020/2/8; ; ; 9; 16; ; 2
2020/2/9; ; ; 11; 20; ; 1
2020/2/10; ; ; 13; 17; ; 1
2020/2/11; ; ; 14; 20; ; 1
2020/2/12; ; ; 10; 20; ; 2
2020/2/13; ; ; 19; 14; ; 1
2020/2/16; ; ; 18; 12; ; 1
2020/2/17; ; ; 20; ; ; 1
2020/2/18; ; ; 22; 7; ; 1
2020/2/19; ; ; 16; 16; ; 1
2020/2/20; ; ; 20; 16; ; 2
2020/2/21; ; ; 16; 14; ; 1
2020/2/22; ; ; 19; 13; ; 1
2020/2/23; ; ; 19; 18; ; 1
2020/2/24; ; ; 19; 12; ; 2
2020/2/25; ; ; 21; 7; ; 1
2020/2/26; ; ; 17; 12; ; 1
2020/2/27; ; ; 14; 12; ; 1
2020/2/28; ; ; 21; 9; ; 1
2020/2/29; ; ; 22; 3; ; 1
2020/3/1; ; ; 21; 4; ; 1
2020/3/2; ; ; 19; 8; ; 1
2020/3/3; ; ; 15; 10; ; 1
2020/3/4; ; ; 23; 5; ; 1
2020/3/5; ; ; 23; 5; ; 1
2020/3/6; ; ; 22; 2; ; 1
2020/3/7; ; ; 20; 6; ; 1
2020/3/8; ; ; 22; 5; ; 1
2020/3/9; ; ; 20; 9; ; 1
2020/3/10; ; ; 20; 14; ; 1
2020/3/11; ; ; 21; 12; ; 1
2020/3/12; ; ; 21; 4; ; 1
2020/3/13; ; ; 25; 5; ; 1
2020/3/14; ; ; 17; 5; ; 1
2020/3/15; ; ; 17; 7; ; 1
2020/3/16; ; ; 9; 10; ; 1
2020/3/17; ; ; 9; 12; ; 1
2020/3/18; ; ; 18; 12; ; 1
2020/3/19; ; ; 20; 11; ; 1
2020/3/20; ; ; 26; 7; ; 1
2020/3/21; ; ; 23; 3; ; 1
2020/3/22; ; ; 16; 9; ; 1
2020/3/23; ; ; 19; 10; ; 1
2020/3/24; ; ; 17; 8; ; 1
2020/3/25; ; ; 28; 5; ; 1
2020/3/26; ; ; 24; 10; ; 1
2020/3/27; ; ; 27; 6; ; 1
2020/3/28; ; ; 29; 2; ; 1
2020/3/29; ; ; 22; 2; ; 1
2020/3/30; ; ; 17; 6; ; 1
2020/3/31; ; ; 11; 10; ; 1
2019/10/23; ; ; 21; 8; ; 2
2019/12/2; ; ; 11; 11; ; 2
2019/7/22; ; ; 35; 22; ; 1
2019/7/30; ; ; 29; 8; ; 1
2019/8/15; ; ; 32; 8; ; 1
2019/8/21; ; ; 47; 9; ; 1
2022/4/24; ; ; ; 11; ; 1
2022/6/26; ; ; ; 2; ; 1
2022/1/24; ; ; ; 21; ; 3
2022/3/12; ; ; ; 9; ; 1
2022/3/13; ; ; ; 10; ; 1
2022/3/20; ; ; ; 8; ; 
2021/10/21; ; ; ; 5; ; 1
2021/10/23; ; ; ; 13; ; 1
2021/10/31; ; ; ; 9; ; 1
2021/4/2; ; ; ; 5; ; 1
2021/5/14; ; ; ; 9; ; 1
2021/1/18; ; ; ; 15; ; 1
2020/10/2; ; ; ; 4; ; 1
2020/6/29; ; ; ; 9; ; 1
