date,pm25,pm10,o3,no2,so2,co
2025/11/1, 66, 27, 12, 7, 2, 1
2025/11/2, 66, 31, 10, 10, 2, 1
2025/11/3, 68, 21, 28, 11, 3, 1
2025/11/4, 68, 16, 19, 12, 3, 1
2025/11/5, 68, 23, 21, 11, 3, 1
2025/11/6, 69, 37, 4, 12, 3, 2
2025/11/7, 78, , , , , 
2025/10/1, 52, 36, 35, 12, 1, 1
2025/10/2, 61, 21, 19, 9, 1, 1
2025/10/3, 58, , 19, 5, 1, 1
2025/10/6, 57, 26, 27, 14, 1, 1
2025/10/7, 52, 24, 25, 8, 1, 1
2025/10/8, 61, 16, 25, 5, 1, 1
2025/10/9, 57, 25, 26, 8, 1, 1
2025/10/10, 65, 19, 29, 9, 1, 1
2025/10/11, 56, 18, 27, 11, 2, 1
2025/10/12, 58, 30, 27, 14, 2, 1
2025/10/13, 53, 25, 29, 13, 2, 1
2025/10/14, 58, 40, 28, 13, 2, 1
2025/10/15, 63, 35, 28, 14, 2, 1
2025/10/16, 66, 38, 27, 14, 2, 1
2025/10/17, 67, 35, 31, 11, 2, 1
2025/10/18, 64, 26, 12, 8, 2, 1
2025/10/19, 71, 19, 20, 9, 2, 1
2025/10/20, 60, 15, 11, 11, 2, 1
2025/10/21, 57, 15, 16, 5, 2, 1
2025/10/22, 58, 39, 23, 11, 2, 1
2025/10/23, 64, 29, 14, 9, 2, 1
2025/10/24, 60, 18, 18, 7, 2, 1
2025/10/25, 50, 13, 22, 5, 2, 1
2025/10/26, 53, 24, 9, 10, 2, 1
2025/10/27, 61, 12, 2, 9, 2, 1
2025/10/28, 48, 12, 12, 11, 3, 1
2025/10/29, 56, 20, 24, 9, 3, 1
2025/10/30, 62, 15, 17, 16, 3, 1
2025/10/31, 66, 22, 15, 8, 2, 1
2025/7/1, 79, 23, 23, 2, , 1
2025/7/2, 59, 30, 24, 5, , 1
2025/7/3, 61, 28, 31, 5, , 1
2025/7/4, 70, 27, 33, 2, , 1
2025/7/5, 69, 23, 33, 1, , 1
2025/7/6, 67, 19, 23, 3, , 1
2025/7/7, 55, 24, 29, 4, , 1
2025/7/8, 68, 40, 42, 5, , 1
2025/7/9, 69, 50, 32, 6, , 1
2025/7/10, 74, 28, 23, 4, , 1
2025/7/11, 63, 26, 29, 2, , 1
2025/7/12, 64, 21, 21, 1, , 1
2025/7/13, 61, 26, 29, 3, , 1
2025/7/14, 61, 26, 28, 5, , 1
2025/7/15, 64, 36, 42, 6, , 1
2025/7/16, 73, 37, 29, 4, , 1
2025/7/17, 74, 33, 26, 3, , 1
2025/7/18, 68, 27, 24, 2, , 1
2025/7/19, 64, 23, 26, 3, 1, 1
2025/7/20, 57, 20, 29, 5, , 1
2025/7/21, 59, 22, 20, 6, , 1
2025/7/22, 56, 27, 28, 5, , 1
2025/7/23, 65, 22, 24, 4, 1, 1
2025/7/24, 58, 23, 30, 3, , 1
2025/7/25, 63, 24, 32, 3, , 1
2025/7/26, 70, 26, 26, 2, , 1
2025/7/27, 78, 21, 20, 4, , 2
2025/7/28, 58, 29, 25, 5, , 2
2025/7/29, 74, 27, 24, 4, , 2
2025/7/30, 67, 27, 26, 5, , 2
2025/7/31, 60, 27, 25, 5, 1, 2
2025/8/1, 67, 22, 28, 3, 1, 2
2025/8/2, 62, 27, 31, 2, 1, 2
2025/8/3, 69, 43, 49, 7, 1, 2
2025/8/4, 72, 44, 30, 4, , 3
2025/8/5, 89, 47, 49, 7, 1, 3
2025/8/6, 88, 50, 42, 7, 1, 3
2025/8/7, 81, 41, 41, 6, 1, 3
2025/8/8, 75, 33, 30, 3, 1, 3
2025/8/9, 72, 41, 47, 3, 1, 3
2025/8/10, 75, 48, 42, 11, 1, 3
2025/8/11, 74, 47, 44, 12, 1, 3
2025/8/12, 75, 52, 42, 8, 1, 4
2025/8/13, 85, 41, 52, 7, 1, 4
2025/8/14, 87, 63, 58, 6, 1, 6
2025/8/15, 125, 61, 48, 6, 1, 7
2025/8/16, 113, 55, 53, 4, 1, 6
2025/8/17, 118, 38, 29, 5, 1, 4
2025/8/18, 80, 26, 30, 4, 1, 4
2025/8/19, 67, 28, 29, 5, 1, 4
2025/8/20, 63, 29, 34, 5, 1, 4
2025/8/21, 62, 42, 37, 6, 1, 4
2025/8/22, 94, 50, 45, 5, 1, 5
2025/8/23, 114, 35, 44, 5, 1, 4
2025/8/24, 80, 42, 44, 8, 1, 4
2025/8/25, 77, 32, 24, 6, 1, 4
2025/8/26, 68, 32, 25, 5, 1, 3
2025/8/27, 60, 32, 29, 4, 1, 3
2025/8/28, 56, 27, 22, 4, 1, 3
2025/8/29, 64, 25, 22, 3, 1, 3
2025/8/30, 57, 20, 26, 3, 1, 4
2025/8/31, 51, 20, 20, 6, 1, 3
2025/9/1, 56, 30, 23, 7, 1, 3
2025/9/2, 64, 30, 23, 7, 1, 4
2025/9/3, 63, 28, 24, 7, 1, 3
2025/9/4, 62, 27, 32, 7, 1, 4
2025/9/5, 54, 31, 38, 8, 1, 4
2025/9/6, 63, 25, 26, 4, 1, 4
2025/9/7, 58, 27, 26, 5, , 3
2025/9/8, 53, 27, 22, 6, 1, 3
2025/9/9, 44, 21, 22, 6, 1, 4
2025/9/10, 50, 28, 12, 7, 1, 3
2025/9/11, 52, 22, 27, 5, 1, 3
2025/9/12, 48, 22, 23, 4, 1, 4
2025/9/13, 49, 15, 17, 3, , 4
2025/9/14, 44, 19, 23, 5, , 4
2025/9/15, 42, 24, 31, 8, 1, 3
2025/9/16, 54, 30, 42, 12, 1, 1
2025/9/17, 57, 39, 42, 14, 1, 1
2025/9/18, 64, 48, 48, 14, 1, 2
2025/9/19, 89, 32, 27, 8, 1, 1
2025/9/20, 67, 24, 29, 3, 1, 1
2025/9/21, 51, 29, 26, 6, 1, 1
2025/9/22, 60, 29, 29, 6, 1, 1
2025/9/23, 52, 36, 31, 7, 1, 1
2025/9/24, 60, 30, 31, 9, 1, 1
2025/9/25, 47, 33, 43, 11, 1, 1
2025/9/26, 50, 30, 23, 9, 2, 1
2025/9/27, 55, 29, 27, 3, 1, 1
2025/9/28, 56, 24, 26, 7, 1, 1
2025/9/29, 50, 27, 28, 9, 1, 1
2025/9/30, 51, 24, 25, 11, 1, 1
2025/4/1, 73, 39, 29, 9, , 1
2025/4/2, 73, 20, 3, 4, , 1
2025/4/3, 63, 18, 32, 6, , 1
2025/4/4, 60, 20, 31, 7, , 1
2025/4/5, 59, 23, 34, 5, , 1
2025/4/6, 63, 22, 31, 7, , 1
2025/4/7, 60, 29, 34, 9, , 1
2025/4/8, 65, 34, 38, 11, 1, 1
2025/4/9, 70, 39, 34, 11, , 1
2025/4/10, 67, 35, 21, 9, , 1
2025/4/11, 67, 27, 18, 7, , 1
2025/4/12, 69, 22, 35, 3, , 1
2025/4/13, 64, 21, 27, 6, , 1
2025/4/14, 59, 17, 28, 7, , 1
2025/4/15, 56, 21, 30, 10, , 2
2025/4/16, 62, 20, 19, 5, , 2
2025/4/17, 58, 17, 24, 4, , 1
2025/4/18, 55, 18, 24, 5, , 1
2025/4/19, 60, 23, 26, 4, , 1
2025/4/20, 60, 26, 32, 8, , 1
2025/4/21, 62, 27, 32, 7, , 1
2025/4/22, 58, 22, 25, 5, , 1
2025/4/23, 61, 28, 28, 7, , 4
2025/4/24, 58, 31, 22, 7, , 5
2025/4/25, 65, 20, 33, 4, , 5
2025/4/26, 54, 19, 36, 5, , 8
2025/4/27, 58, 20, 39, 7, 1, 11
2025/4/28, 50, 33, 35, 11, 1, 5
2025/4/29, 62, 35, 27, 13, , 1
2025/4/30, 69, 17, 35, 4, , 1
2025/5/1, 59, 18, 12, 8, , 10
2025/5/2, 62, 19, 24, 7, , 8
2025/5/3, 58, 14, 28, 3, , 8
2025/5/4, 54, 25, 29, 6, , 6
2025/5/5, 62, 24, 40, 5, , 
2025/5/6, 61, 27, 37, 6, , 1
2025/5/7, 65, 32, 30, 7, , 1
2025/5/8, 71, 24, 23, 8, , 1
2025/5/9, 66, 23, 24, 6, , 1
2025/5/10, 70, 27, 24, 5, , 1
2025/5/11, 72, 25, 12, 11, , 1
2025/5/12, 70, 25, 24, 7, , 1
2025/5/13, 64, 27, 29, 5, , 1
2025/5/14, 71, 25, 27, 6, , 1
2025/5/15, 61, 24, 36, 5, , 1
2025/5/16, 58, 24, 36, 5, , 1
2025/5/17, 68, 28, 30, 5, , 1
2025/5/18, 69, 24, 30, 5, , 1
2025/5/19, 65, 30, 33, 6, , 1
2025/5/20, 70, 58, 29, 7, , 1
2025/5/21, 75, 103, 31, 8, , 1
2025/5/22, 70, 23, 35, 5, , 1
2025/5/23, 65, 24, 33, 3, , 1
2025/5/24, 66, 21, 24, 3, , 1
2025/5/25, 64, 27, 28, 5, , 1
2025/5/26, 60, 27, 39, 5, , 1
2025/5/27, 65, 24, 31, 6, , 1
2025/5/28, 61, 43, 38, 9, , 2
2025/5/29, 73, 45, 42, 9, , 2
2025/5/30, 85, 37, 33, 5, , 2
2025/5/31, 80, 24, 24, 2, , 2
2025/6/1, 62, 22, 25, 4, , 2
2025/6/2, 62, 33, 30, 4, , 2
2025/6/3, 63, 36, 32, 5, , 2
2025/6/4, 62, 29, 17, 7, , 2
2025/6/5, 61, 23, 20, 5, , 2
2025/6/6, 59, 19, 28, 2, , 3
2025/6/7, 60, 25, 39, 2, , 3
2025/6/8, 70, 34, 23, 6, , 3
2025/6/9, 78, 45, 29, 7, , 4
2025/6/10, 78, 47, 36, 6, , 4
2025/6/11, 83, 28, 20, 7, , 4
2025/6/12, 66, 28, 29, 5, , 3
2025/6/13, 59, 24, 32, 4, , 4
2025/6/14, 67, 29, 26, 2, , 4
2025/6/15, 67, 29, 30, 5, , 4
2025/6/16, 71, 33, 32, 5, , 4
2025/6/17, 73, 50, 42, 7, , 1
2025/6/18, 86, 43, 31, 8, , 1
2025/6/19, 80, 49, 37, 6, , 1
2025/6/20, 81, 31, 30, 3, , 1
2025/6/21, 68, 23, 27, 1, , 1
2025/6/22, 64, 36, 43, 5, , 1
2025/6/23, 71, 35, 34, 10, , 1
2025/6/24, 64, 38, 33, 7, , 1
2025/6/25, 66, 23, 21, 4, , 1
2025/6/26, 64, 23, 28, 6, , 1
2025/6/27, 50, 24, 37, 5, , 1
2025/6/28, 63, 24, 40, 5, , 1
2025/6/29, 73, , 47, 11, , 1
2025/6/30, 75, 61, 38, 7, , 1
2025/1/1, 70, 42, 22, 16, 1, 5
2025/1/2, 87, 45, 14, 21, , 7
2025/1/3, 95, 38, 38, 14, 1, 6
2025/1/4, 77, 20, 41, 8, 1, 4
2025/1/5, 63, 21, 39, 6, 1, 4
2025/1/6, 58, 28, 22, 9, , 5
2025/1/7, 70, 19, 24, 9, 1, 1
2025/1/8, 59, 28, 17, 12, , 1
2025/1/9, 64, 30, 12, 15, , 1
2025/1/10, 66, 22, 7, 10, , 1
2025/1/11, 60, 24, 10, 5, , 1
2025/1/12, 64, 25, 3, 7, , 1
2025/1/13, 66, 43, 2, 10, , 1
2025/1/14, 95, 44, 1, 11, , 131
2025/1/15, 92, 51, 3, 12, 1, 1
2025/1/16, 107, 40, 11, 14, , 3
2025/1/17, 88, 41, 9, 11, , 14
2025/1/18, 93, 33, 8, 11, , 19
2025/1/19, 89, 29, 9, 12, 1, 13
2025/1/20, 67, 32, 22, 15, 2, 1
2025/1/21, 62, 26, 20, 15, 1, 1
2025/1/22, 63, 45, 16, 10, 1, 3
2025/1/23, 60, 34, 26, 13, , 4
2025/1/24, 61, 21, 25, 12, 1, 4
2025/1/25, 62, 17, 27, 5, 1, 3
2025/1/26, 56, 22, 29, 8, 1, 3
2025/1/27, 59, 26, 25, 15, , 8
2025/1/28, 62, 27, 26, 13, , 3
2025/1/29, 57, 37, 25, 11, , 4
2025/1/30, 63, 37, 13, 13, , 7
2025/1/31, 64, 40, 7, 13, , 6
2025/2/1, 85, 34, 30, 7, , 4
2025/2/2, 74, 32, 17, 11, , 7
2025/2/3, 63, 36, 13, 11, , 8
2025/2/4, 74, 41, 22, 13, , 6
2025/2/5, 86, 39, 26, 13, , 5
2025/2/6, 76, 32, 35, 15, 1, 2
2025/2/7, 71, 32, 26, 10, , 4
2025/2/8, 79, 42, 24, 11, , 1
2025/2/9, 105, 30, 21, 10, 1, 2
2025/2/10, 80, 31, 15, 11, 1, 2
2025/2/11, 69, 29, 14, 13, , 2
2025/2/12, 58, 40, 15, 12, 1, 2
2025/2/13, 68, 32, 16, 13, 1, 2
2025/2/14, 63, 28, , 10, 1, 3
2025/2/15, 70, 26, 14, 10, 1, 3
2025/2/16, 67, 31, 11, 12, 1, 5
2025/2/17, 74, 37, 16, 15, 2, 5
2025/2/18, 67, 47, 21, 13, 1, 3
2025/2/19, 81, 41, 22, 13, 1, 4
2025/2/20, 79, 28, 26, 16, 1, 3
2025/2/21, 66, 26, 45, 11, 1, 4
2025/2/22, 65, 22, 14, 6, , 5
2025/2/23, 63, 28, 17, 15, 1, 5
2025/2/24, 68, 23, 24, 8, , 4
2025/2/25, 48, 31, 16, 10, , 4
2025/2/26, 63, 25, 17, 10, 1, 1
2025/2/27, 67, 26, 20, 10, 1, 1
2025/2/28, 66, 22, 28, 4, 1, 1
2025/3/1, 61, 20, 30, 6, 1, 1
2025/3/2, 61, 24, 18, 10, 1, 1
2025/3/3, 67, 22, 21, 8, 1, 1
2025/3/4, 62, 32, 8, 9, 1, 1
2025/3/5, 75, 28, 10, 11, 2, 1
2025/3/6, 72, 22, 24, 10, 3, 1
2025/3/7, 62, 15, 28, 7, 3, 1
2025/3/8, 60, 17, 26, 6, 4, 1
2025/3/9, 63, 19, 20, 10, 3, 1
2025/3/10, 58, 24, 25, 8, 2, 1
2025/3/11, 69, 36, 19, 10, 2, 
2025/3/12, 70, 24, 30, 6, 2, 1
2025/3/13, 66, 24, 28, 9, 2, 2
2025/3/14, 64, 23, 29, 8, 1, 3
2025/3/15, 64, 20, 30, 6, 1, 3
2025/3/16, 65, 28, 24, 11, 2, 2
2025/3/17, 67, 30, 12, 11, 2, 1
2025/3/18, 67, 26, 28, 8, 3, 1
2025/3/19, 64, 26, 33, 9, 2, 1
2025/3/20, 59, 21, 23, 12, 3, 1
2025/3/21, 62, 20, 25, 8, 3, 2
2025/3/22, 87, 21, 27, 5, 2, 3
2025/3/23, 64, 22, 21, 9, 1, 2
2025/3/24, 60, 21, 26, 8, 1, 2
2025/3/25, 60, 25, 24, 9, 1, 3
2025/3/26, 64, 32, 27, 9, 1, 3
2025/3/27, 68, 26, 28, 7, 1, 3
2025/3/28, 67, 19, 32, 6, 1, 3
2025/3/29, 59, 22, 27, 6, 1, 3
2025/3/30, 61, 32, 26, 12, 2, 3
2025/3/31, 63, 40, 37, 9, 2, 3
2024/10/1, 57, 15, 5, 9, 1, 2
2024/10/2, 52, 19, 14, 6, 1, 2
2024/10/3, 52, 23, 15, 7, 1, 2
2024/10/4, 55, 27, 8, 7, 1, 2
2024/10/5, 59, 20, 22, 4, 1, 1
2024/10/6, 57, 21, 21, 5, 1, 1
2024/10/7, 55, 21, 18, 9, , 1
2024/10/8, 58, 20, 22, 5, , 1
2024/10/9, 60, 27, 14, 9, , 1
2024/10/10, 60, 25, 15, 8, , 1
2024/10/11, 60, 25, 18, 7, , 1
2024/10/12, 60, 26, 12, 5, , 1
2024/10/13, 62, 30, 7, 7, , 1
2024/10/14, 66, 32, 10, 7, , 1
2024/10/15, 61, 25, 14, 12, , 1
2024/10/16, 58, 29, 19, 8, , 1
2024/10/17, 67, 28, 15, 8, , 1
2024/10/18, 67, 22, 14, 9, , 1
2024/10/19, 61, 30, 15, 6, , 1
2024/10/20, 61, 29, 13, 11, , 1
2024/10/21, 64, 27, 15, 6, , 1
2024/10/22, 58, 34, 11, 11, , 1
2024/10/23, 69, 29, 21, 8, , 1
2024/10/24, 70, 23, 19, 10, , 1
2024/10/25, 61, 25, 14, 8, , 1
2024/10/26, 68, 22, 22, 4, , 1
2024/10/27, 65, 19, 17, 7, , 1
2024/10/28, 64, 23, 14, 7, , 1
2024/10/29, 68, 36, 23, 9, , 1
2024/10/30, 70, 52, 16, 10, , 1
2024/10/31, 79, 38, 18, 6, , 1
2024/11/1, 74, 33, 8, 8, , 1
2024/11/2, 86, 30, 16, 7, , 1
2024/11/3, 66, 30, 3, 9, , 2
2024/11/4, 65, 27, 10, 9, , 1
2024/11/5, 65, 28, 15, 9, , 1
2024/11/6, 64, 30, 7, 10, , 1
2024/11/7, 66, 38, 11, 10, , 2
2024/11/8, 73, 23, 19, 7, , 1
2024/11/9, 62, 26, 10, 7, , 2
2024/11/10, 64, 18, 19, 4, , 1
2024/11/11, 56, 26, 25, 6, , 1
2024/11/12, 60, 22, 21, 8, , 1
2024/11/13, 56, 30, 18, 12, , 1
2024/11/14, 69, 33, 4, 11, , 3
2024/11/15, 77, 39, 9, 7, , 2
2024/11/16, 77, 38, 7, 7, , 2
2024/11/17, 77, 50, 4, 8, , 2
2024/11/18, 78, 55, 6, 12, , 2
2024/11/19, 90, 31, 22, 11, , 1
2024/11/20, 66, 18, 24, 6, , 1
2024/11/21, 59, 33, 16, 11, , 2
2024/11/22, 67, 30, 21, 8, , 1
2024/11/23, 72, 31, 24, 4, 1, 1
2024/11/24, 72, 27, 20, 13, , 1
2024/11/25, 68, 42, 7, 14, , 2
2024/11/26, 75, 44, 12, 12, , 2
2024/11/27, 70, 33, 26, 11, , 2
2024/11/28, 59, 45, 25, 13, , 2
2024/11/29, 80, 42, 16, 9, , 3
2024/11/30, 81, 45, 7, 7, , 3
2024/12/1, 75, 45, 13, 9, , 3
2024/12/2, 74, 35, 13, 12, , 2
2024/12/3, 70, 29, 18, 11, , 2
2024/12/4, 71, 34, 14, 12, , 3
2024/12/5, 71, 25, 27, 9, , 2
2024/12/6, 65, 31, 38, 6, , 2
2024/12/7, 65, 26, 41, 6, , 1
2024/12/8, 59, 32, 34, 12, , 2
2024/12/9, 70, 32, 30, 9, , 3
2024/12/10, 69, 33, 34, 9, , 3
2024/12/11, 78, 30, 35, 10, , 3
2024/12/12, 70, 39, 2, 12, , 4
2024/12/13, 77, 51, 5, 12, , 5
2024/12/14, 112, 42, 7, 10, , 4
2024/12/15, 99, 34, 13, 15, , 4
2024/12/16, 78, 30, 20, 14, , 3
2024/12/17, 69, 58, 18, 12, , 3
2024/12/18, 91, 29, 24, 10, , 3
2024/12/19, 67, 32, 5, 13, , 3
2024/12/20, 73, 30, 10, 9, , 4
2024/12/21, 75, 29, 12, 9, , 4
2024/12/22, 75, 28, 27, 13, , 3
2024/12/23, 65, 28, 12, 11, , 4
2024/12/24, 65, 31, 9, 8, , 5
2024/12/25, 80, 34, 16, 9, , 4
2024/12/26, 82, 38, 28, 9, , 5
2024/12/27, 88, 33, 44, 7, , 5
2024/12/28, 89, 23, 87, 6, , 3
2024/12/29, 67, , , , , 
2024/7/1, 54, 26, 29, 4, , 2
2024/7/2, 61, 26, 31, 5, , 2
2024/7/3, 61, 23, 24, 5, 1, 2
2024/7/4, 55, 17, 19, 7, 1, 2
2024/7/5, 47, 22, 27, 3, , 1
2024/7/6, 58, 23, 27, 2, , 1
2024/7/7, 50, 30, 19, 4, , 
2024/7/8, 54, 24, 9, 7, , 1
2024/7/9, 55, 21, 17, 4, , 
2024/7/10, 57, 19, 20, 4, , 1
2024/7/11, 56, 17, 27, 4, , 
2024/7/12, 59, 22, 35, 3, , 
2024/7/13, 57, 23, 25, 2, , 
2024/7/14, 61, 21, 20, 4, , 
2024/7/15, 53, 26, 25, 4, , 1
2024/7/16, 53, 31, 31, 5, , 
2024/7/17, 57, 24, 34, 5, , 1
2024/7/18, 64, 25, 29, 6, , 1
2024/7/19, 60, 13, 16, 3, , 1
2024/7/20, 46, 19, 32, 1, , 
2024/7/21, 51, 19, 32, 4, , 
2024/7/22, 52, 26, 40, 6, , 1
2024/7/23, 62, 27, 24, 3, , 1
2024/7/24, 69, 20, 20, 2, , 1
2024/7/25, 61, 19, 23, 2, , 
2024/7/26, 57, 18, 19, 2, , 
2024/7/27, 58, 19, 25, 2, , 1
2024/7/28, 54, 35, 20, 7, , 1
2024/7/29, 72, 36, 37, 8, , 1
2024/7/30, 71, 35, 36, 7, , 1
2024/7/31, 73, 29, 19, 4, , 1
2024/8/1, 69, 24, 22, 5, , 1
2024/8/2, 66, 20, 25, 3, , 1
2024/8/3, 63, 21, 24, 3, , 1
2024/8/4, 62, 23, 21, 4, , 1
2024/8/5, 67, 21, 12, 4, , 1
2024/8/6, 64, 18, 18, 2, , 1
2024/8/7, 56, 22, 20, 3, , 1
2024/8/8, 63, 27, 25, 5, , 1
2024/8/9, 67, 31, 31, 5, , 1
2024/8/10, 75, 34, 36, 3, , 1
2024/8/11, 75, 26, 15, 3, , 1
2024/8/12, 69, 18, 21, 4, , 1
2024/8/13, 60, 18, 25, 4, , 1
2024/8/14, 54, 18, 25, 3, , 1
2024/8/15, 53, 29, 22, 7, , 1
2024/8/16, 65, 26, 13, 3, , 1
2024/8/17, 65, 14, 19, 2, , 1
2024/8/18, 53, 24, 42, 4, , 1
2024/8/19, 73, 36, 19, 5, , 1
2024/8/20, 89, 19, 22, 4, , 1
2024/8/21, 61, 23, 27, 4, , 1
2024/8/22, 64, 22, 25, 5, , 1
2024/8/23, 65, 17, 23, 4, , 1
2024/8/24, 57, 19, 25, 2, , 1
2024/8/25, 62, 19, 26, 7, , 1
2024/8/26, 57, 22, 35, 7, , 1
2024/8/27, 60, 26, 25, 5, , 1
2024/8/28, 65, 23, 21, 4, , 1
2024/8/29, 63, 21, 24, 5, , 1
2024/8/30, 57, 20, 20, 6, , 1
2024/8/31, 62, 23, 28, 4, , 1
2024/9/1, 64, 15, 5, 7, , 1
2024/9/2, 54, , , , , 
2024/9/6, 52, 14, 23, 5, , 4
2024/9/7, 52, , , , , 
2024/9/9, 66, 22, 24, 8, 1, 2
2024/9/10, 62, 21, 20, 7, 1, 1
2024/9/11, 62, 18, 18, 6, 1, 1
2024/9/12, 58, 18, 23, 6, 1, 1
2024/9/13, 61, 22, 34, 7, 1, 1
2024/9/14, 63, 22, 30, 7, 1, 1
2024/9/15, 62, 23, 29, 7, 1, 1
2024/9/16, 63, 26, 27, 7, 1, 1
2024/9/17, 64, 29, 32, 9, 1, 1
2024/9/18, 66, 43, 27, 11, 1, 2
2024/9/19, 95, 55, 6, 12, 1, 4
2024/9/20, 131, 31, 19, 6, 1, 2
2024/9/21, 70, 29, 29, 4, , 2
2024/9/22, 75, 30, 36, 6, 1, 1
2024/9/23, 71, 27, 25, 11, 1, 1
2024/9/24, 70, 18, 9, 8, 1, 2
2024/9/25, 58, 17, 24, 4, 1, 1
2024/9/26, 62, 23, 23, 8, 1, 1
2024/9/27, 62, 20, 22, 7, 1, 1
2024/9/28, 63, 18, 23, 7, 1, 1
2024/9/29, 53, 19, 12, 10, 1, 1
2024/9/30, 59, 18, 7, 8, 1, 2
2024/4/1, 67, 24, 44, 15, 2, 2
2024/4/2, 66, 33, 29, 10, , 1
2024/4/3, 71, 31, 36, 9, , 1
2024/4/4, 67, 25, 32, 8, , 
2024/4/5, 64, 27, 34, 6, , 1
2024/4/6, 69, 27, 33, 5, , 1
2024/4/7, 62, 20, 29, 10, , 1
2024/4/8, 57, 29, 31, 8, , 1
2024/4/9, 68, 28, 26, 8, , 1
2024/4/10, 66, 30, 25, 10, , 1
2024/4/11, 66, 30, 27, 9, , 1
2024/4/12, 69, 28, 29, 7, , 1
2024/4/13, 77, 27, 30, 6, 1, 1
2024/4/14, 72, 21, 32, 6, , 1
2024/4/15, 62, 27, 33, 6, , 
2024/4/16, 68, 27, 30, 6, , 1
2024/4/17, 67, 25, 29, 6, , 1
2024/4/18, 69, 26, 38, 8, , 1
2024/4/19, 63, 28, 37, 6, , 1
2024/4/20, 68, 29, 33, 3, , 
2024/4/21, 71, 32, 37, 6, , 1
2024/4/22, 70, 26, 31, 6, , 1
2024/4/23, 67, 25, 31, 7, , 
2024/4/24, 63, 21, 29, 6, , 
2024/4/25, 60, 21, 25, 8, , 1
2024/4/26, 64, 17, 30, 6, , 1
2024/4/27, 63, 20, 30, 4, , 1
2024/4/28, 63, 23, 36, 6, , 
2024/4/29, 67, 24, 29, 8, , 1
2024/4/30, 65, 17, 31, 4, , 
2024/5/1, 60, 25, 32, 8, , 1
2024/5/2, 62, 23, 17, 13, , 1
2024/5/3, 66, 18, 25, 9, , 1
2024/5/4, 60, 18, 22, 7, , 1
2024/5/5, 66, 23, 29, 7, , 1
2024/5/6, 69, 27, 30, 6, , 1
2024/5/7, 66, 24, 36, 9, , 1
2024/5/8, 67, 30, 30, 11, , 1
2024/5/9, 69, 27, 38, 9, , 1
2024/5/10, 71, 25, 39, 4, , 1
2024/5/11, 67, 27, 25, 3, , 1
2024/5/12, 72, 24, 20, 9, , 1
2024/5/13, 67, 25, 27, 5, , 1
2024/5/14, 61, 26, 27, 6, , 1
2024/5/15, 66, 26, 26, 11, , 1
2024/5/16, 67, 21, 23, 4, , 1
2024/5/17, 64, 21, 24, 4, , 1
2024/5/18, 61, 21, 23, 4, , 1
2024/5/19, 60, 21, 26, 6, , 1
2024/5/20, 67, 22, 28, 6, , 1
2024/5/21, 67, 25, 31, 7, , 1
2024/5/22, 65, 24, 31, 5, , 1
2024/5/23, 61, 23, 34, 6, , 1
2024/5/24, 66, 27, 30, 5, , 1
2024/5/25, 64, 21, 28, 2, , 1
2024/5/26, 57, 25, 31, 6, , 1
2024/5/27, 58, 24, 34, 6, , 1
2024/5/28, 59, 26, 27, 6, , 1
2024/5/29, 59, 23, 23, 4, , 1
2024/5/30, 61, 22, 29, 4, , 1
2024/5/31, 64, 25, 31, 3, , 1
2024/6/1, 64, 25, 31, 2, , 1
2024/6/2, 66, 27, 36, 6, , 1
2024/6/3, 69, 32, 38, 6, , 1
2024/6/4, 71, 33, 33, 6, , 1
2024/6/5, 74, 32, 32, 7, , 1
2024/6/6, 74, 37, 21, 6, , 1
2024/6/7, 75, 32, 23, 4, , 1
2024/6/8, 70, 21, 23, 2, , 1
2024/6/9, 63, 26, 28, 4, , 1
2024/6/10, 64, 26, 24, 5, , 1
2024/6/11, 63, 24, 27, 4, , 1
2024/6/12, 63, 28, 27, 6, , 1
2024/6/13, 63, 21, 27, 5, , 1
2024/6/14, 59, 27, 30, 4, , 1
2024/6/15, 62, 30, 24, 2, , 1
2024/6/16, 65, 26, 7, 10, 2, 3
2024/6/17, 61, 26, 23, 5, 1, 2
2024/6/18, 58, 24, 21, 7, 1, 2
2024/6/19, 60, 24, 28, 7, , 2
2024/6/20, 63, 29, 33, 6, , 1
2024/6/21, 67, 22, 27, 5, , 1
2024/6/22, 59, 23, 22, 3, , 2
2024/6/23, 58, 31, 27, 5, 1, 2
2024/6/24, 70, 28, 26, 4, 1, 2
2024/6/25, 71, 23, 24, 4, 1, 2
2024/6/26, 62, 26, 24, 4, 1, 2
2024/6/27, 62, 22, 23, 4, 1, 2
2024/6/28, 54, 23, 29, 2, , 2
2024/6/29, 47, 20, 20, 2, 1, 2
2024/6/30, 49, 20, 21, 4, , 2
2024/1/1, 88, 28, 20, 17, 2, 4
2024/1/2, 82, 40, 19, 18, 2, 4
2024/1/3, 87, 31, 13, 16, 2, 3
2024/1/4, 78, 22, 12, 14, 2, 1
2024/1/5, 75, 29, 11, 8, 1, 1
2024/1/6, 83, 28, 10, 7, 1, 1
2024/1/7, 88, 26, 12, 8, 1, 1
2024/1/8, 75, 33, 3, 12, 1, 1
2024/1/9, 89, 34, 7, 15, 1, 1
2024/1/10, 96, 24, 14, 11, 1, 1
2024/1/11, 75, 28, 13, 14, 1, 1
2024/1/12, 83, 28, 19, 14, 2, 1
2024/1/13, 82, 26, 6, 11, 2, 1
2024/1/14, 86, 30, 12, 16, 2, 2
2024/1/15, 83, 25, 17, 13, 2, 1
2024/1/16, 80, 20, 28, 9, 3, 1
2024/1/17, 72, 23, 29, 11, 2, 1
2024/1/18, 70, 22, 20, 9, 2, 1
2024/1/19, 71, 30, 14, 10, 1, 1
2024/1/20, 83, 33, 21, 12, 1, 1
2024/1/21, 90, 38, 20, 20, 1, 2
2024/1/22, 87, 33, 9, 14, , 2
2024/1/23, 79, 29, 6, 10, , 1
2024/1/24, 75, 32, 3, 10, 1, 2
2024/1/25, 87, 39, 3, 11, 1, 1
2024/1/26, 93, 41, 6, 11, 1, 2
2024/1/27, 107, 30, 14, 9, 1, 1
2024/1/28, 85, 39, 12, 14, 1, 1
2024/1/29, 106, 48, 9, 13, 1, 2
2024/1/30, 103, 44, 8, 13, 1, 2
2024/1/31, 97, 54, 5, 15, 1, 2
2024/2/1, 111, 47, 7, 13, 1, 2
2024/2/2, 106, 44, 15, 11, 1, 2
2024/2/3, 105, 37, 12, 10, 1, 2
2024/2/4, 97, 40, 7, 12, 1, 2
2024/2/5, 97, 51, 13, 14, 1, 2
2024/2/6, 119, 58, 22, 17, 1, 2
2024/2/7, 119, 37, 30, 10, 2, 1
2024/2/8, 83, 28, 19, 19, 3, 1
2024/2/9, 81, 21, 27, 11, 3, 1
2024/2/10, 71, 20, 23, 10, 2, 1
2024/2/11, 72, 26, 27, 15, 2, 1
2024/2/12, 78, 26, 24, 9, 1, 1
2024/2/13, 73, 23, 15, 9, 2, 1
2024/2/14, 73, 24, 28, 11, 2, 1
2024/2/15, 72, 24, 24, 13, 1, 1
2024/2/16, 73, 30, 19, 9, 1, 1
2024/2/17, 84, 26, 19, 8, 1, 1
2024/2/18, 78, 22, 23, 9, , 1
2024/2/19, 69, 26, 13, 11, 1, 1
2024/2/20, 80, 34, 27, 11, 1, 2
2024/2/21, 88, 22, 34, 7, 2, 1
2024/2/22, 74, 18, 30, 12, 2, 1
2024/2/23, 68, , 31, 8, 2, 1
2024/2/26, 74, 27, 29, 8, 1, 1
2024/2/27, 74, 28, 28, 11, 1, 1
2024/2/28, 76, 25, 32, 11, 1, 2
2024/2/29, 66, 29, 27, 17, 2, 2
2024/3/1, 77, 18, 35, 7, 2, 1
2024/3/2, 62, 18, 32, 7, 2, 2
2024/3/3, 67, 25, 35, 13, 2, 1
2024/3/4, 70, 24, 28, 12, 1, 2
2024/3/5, 69, 26, 31, 10, 2, 2
2024/3/6, 72, 23, 34, 10, 3, 1
2024/3/7, 67, 22, 35, 12, 3, 1
2024/3/8, 64, 17, 35, 7, 4, 1
2024/3/9, 64, 19, 32, 6, 2, 2
2024/3/10, 60, 30, 27, 12, 2, 2
2024/3/11, 71, 23, 28, 10, 2, 2
2024/3/12, 66, 25, 32, 9, 2, 2
2024/3/13, 64, 29, 26, 11, 2, 2
2024/3/14, 71, 22, 26, 10, 1, 2
2024/3/15, 65, 26, 18, 7, 1, 2
2024/3/16, 66, 23, 23, 7, 1, 2
2024/3/17, 63, 34, 22, 8, 2, 2
2024/3/18, 70, 35, 24, 9, 2, 2
2024/3/19, 76, 31, 33, 7, 2, 2
2024/3/20, 67, 41, 30, 15, 2, 2
2024/3/21, 76, 39, 31, 7, 1, 2
2024/3/22, 75, 25, 34, 3, 2, 1
2024/3/23, 62, 23, 33, 4, 2, 2
2024/3/24, 64, 25, 36, 7, 3, 2
2024/3/25, 63, 19, 30, 8, 3, 2
2024/3/26, 63, 20, 42, 5, 3, 2
2024/3/27, 61, 21, 41, 9, 3, 2
2024/3/28, 63, 15, 37, 6, 4, 2
2024/3/29, 56, 17, 34, 8, 3, 2
2024/3/30, 62, 21, 46, 5, 3, 2
2024/3/31, 68, 22, 47, 11, 2, 2
2023/10/1, 21, 26, 35, 8, 3, 
2023/10/2, 23, 13, 5, 6, 2, 
2023/10/3, 11, 16, 5, 10, 2, 
2023/10/4, 14, 16, 21, 8, 1, 
2023/10/5, 16, 15, , 8, , 
2023/10/6, 20, , , , , 
2023/10/11, 28, 29, 20, 11, 1, 
2023/10/12, 32, 32, 11, 14, 1, 
2023/10/13, 41, 26, 20, 5, 1, 
2023/10/14, 25, 14, 7, 5, 1, 
2023/10/15, 9, 18, 10, 9, 2, 
2023/10/16, 9, 21, 15, 5, 2, 
2023/10/17, 17, 16, 21, 7, 2, 
2023/10/18, 8, 18, 18, 11, 3, 
2023/10/19, 13, 22, 26, 8, 2, 
2023/10/20, 13, 24, 11, 7, 2, 
2023/10/24, 25, 27, , 6, 2, 1
2023/10/25, 22, 15, 19, 14, 2, 1
2023/10/26, 13, 28, 24, 12, 2, 1
2023/10/27, 19, 22, 27, 8, 2, 1
2023/10/28, 10, 23, 24, 6, 3, 1
2023/10/29, 15, 27, 15, 16, 2, 1
2023/10/30, 57, 28, 12, 14, 2, 1
2023/10/31, 75, 26, 26, 4, 2, 1
2023/11/1, 78, 28, 27, 9, 3, 1
2023/11/2, 80, 26, 19, 13, 2, 1
2023/11/3, 75, 29, 30, 2, 3, 1
2023/11/4, 77, 22, 24, 6, 2, 1
2023/11/5, 75, 23, 15, 12, 2, 1
2023/11/6, 74, 32, 18, 14, 1, 1
2023/11/7, 83, 27, 19, 17, 2, 1
2023/11/8, 82, 31, 17, 13, 2, 1
2023/11/9, 76, 25, 7, 19, 2, 2
2023/11/10, 85, 22, 20, 9, 2, 1
2023/11/11, 76, 26, 21, 10, 2, 1
2023/11/12, 72, 22, 18, 10, 1, 1
2023/11/13, 70, 19, 16, 11, 1, 1
2023/11/14, 70, 25, 11, 9, 1, 1
2023/11/15, 74, 23, 15, 10, 1, 1
2023/11/16, 70, 31, 5, 5, 1, 2
2023/11/17, 74, 30, 3, , 2, 2
2023/11/18, 80, 30, 5, , 2, 2
2023/11/19, 88, 29, 21, 8, 1, 1
2023/11/20, 80, 28, 20, 8, 1, 1
2023/11/21, 73, 29, 15, 9, 1, 1
2023/11/22, 73, 32, 10, 12, 1, 1
2023/11/23, 72, 37, 4, 11, 2, 2
2023/11/24, 88, 45, 2, 10, 2, 3
2023/11/25, 112, 49, 1, 9, 2, 4
2023/11/26, 116, 44, 3, 11, 2, 4
2023/11/27, 101, 31, 3, 13, 2, 3
2023/11/28, 87, 28, 14, 14, 3, 2
2023/11/29, 78, 23, 19, 14, 3, 1
2023/11/30, 67, 31, 13, 13, 3, 2
2023/12/1, 77, 30, 8, 8, 2, 2
2023/12/2, 83, 29, 14, 8, 2, 2
2023/12/3, 83, 29, 19, 16, 2, 2
2023/12/4, 75, 33, 6, 12, 2, 2
2023/12/5, 83, 28, 7, 6, 2, 2
2023/12/6, 81, 28, 17, 18, 2, 3
2023/12/7, 80, 33, 19, 13, 2, 2
2023/12/8, 89, 26, 21, 14, 2, 3
2023/12/10, 67, 26, 9, 17, 2, 2
2023/12/11, 77, 21, 22, 15, 2, 2
2023/12/12, 73, 29, 14, 11, 1, 2
2023/12/13, 72, 30, 7, 12, 1, 2
2023/12/15, 93, 26, 5, 7, 1, 2
2023/12/16, 86, 32, 6, 7, 1, 3
2023/12/17, 98, 34, 4, 8, 1, 3
2023/12/18, 96, 43, 2, 13, 1, 4
2023/12/19, 111, 35, 23, 13, 1, 4
2023/12/20, 95, 39, 6, 17, 1, 4
2023/12/21, 89, 35, 6, 15, 1, 4
2023/12/22, 96, 32, 10, 10, 1, 4
2023/12/23, 91, 33, 5, 7, 1, 4
2023/12/24, 98, 36, 4, 8, 1, 5
2023/12/25, 101, 38, 5, 11, 2, 5
2023/12/26, 91, 23, 16, 9, 2, 3
2023/12/27, 79, 25, 14, 16, 2, 4
2023/12/28, 84, 34, 1, 19, 2, 6
2023/12/29, 87, 35, 14, 14, 2, 4
2023/12/30, 91, 26, 22, 10, 2, 3
2023/12/31, 77, 33, 16, 10, 2, 4
2023/7/1, 11, 5, 16, 1, , 3
2023/7/2, 10, 11, 21, 3, , 3
2023/7/3, 12, 12, 19, 3, , 3
2023/7/4, 10, 12, 17, 4, , 3
2023/7/5, 13, 15, 21, 4, , 3
2023/7/6, 21, 18, 23, 5, , 3
2023/7/7, 12, 13, 23, 3, , 2
2023/7/8, 14, 13, 27, 4, , 1
2023/7/9, 12, 13, 34, 6, , 1
2023/7/10, 14, 15, 19, 6, 1, 1
2023/7/11, 13, 11, 28, 5, , 1
2023/7/12, 10, 13, 36, 7, 1, 1
2023/7/13, 16, 12, 18, 7, 1, 1
2023/7/14, 12, 13, 29, 3, 1, 1
2023/7/15, 15, 18, 28, 4, 1, 1
2023/7/16, 20, 19, 30, 7, 1, 1
2023/7/17, 20, 25, 35, 6, 1, 1
2023/7/18, 33, 16, 24, 5, 1, 2
2023/7/19, 11, 17, 24, 5, 1, 1
2023/7/20, 19, 14, 23, 6, 1, 1
2023/7/21, 12, 12, 26, 4, 1, 1
2023/7/22, 12, 11, 19, 3, 1, 1
2023/7/23, 12, 14, 23, 5, 1, 1
2023/7/24, 11, 18, 27, 5, 1, 1
2023/7/25, 20, 14, 22, 6, 1, 1
2023/7/26, 18, 21, 25, 5, 1, 1
2023/7/27, 15, 9, 12, 5, 1, 1
2023/7/28, 10, 9, 22, 3, 1, 1
2023/7/29, 8, 10, 30, 3, 1, 1
2023/7/30, 14, 14, 27, 5, 1, 1
2023/7/31, 14, 9, 21, 6, 1, 1
2023/8/1, 9, 13, 27, 6, 1, 1
2023/8/2, 13, 21, 29, 6, 1, 1
2023/8/3, 11, 19, 28, 6, 1, 1
2023/8/4, 13, 12, 31, 4, 1, 1
2023/8/5, 10, 11, 28, 2, 1, 1
2023/8/6, 12, 17, 27, 6, 1, 1
2023/8/7, 8, 22, 35, 7, 1, 1
2023/8/8, 20, 33, 36, 6, 1, 1
2023/8/9, 47, 21, 22, 6, 1, 1
2023/8/10, 17, 19, 16, 5, 1, 1
2023/8/11, 16, 11, 32, 4, , 1
2023/8/12, 10, 15, 30, 3, 1, 1
2023/8/13, 13, 13, 25, 4, 1, 1
2023/8/14, 12, 8, 22, 3, 1, 1
2023/8/15, 9, 10, 31, 5, 1, 1
2023/8/16, 9, 14, 28, 5, 1, 1
2023/8/17, 12, 18, 19, 5, 1, 2
2023/8/18, 16, 10, 19, 5, 1, 1
2023/8/19, 10, 9, 25, 4, 1, 1
2023/8/20, 8, 7, 30, 8, 1, 1
2023/8/21, 19, 22, 34, 9, 1, 2
2023/8/22, 22, 32, 38, 12, 1, 2
2023/8/23, 36, 31, 28, 8, 1, 1
2023/8/24, 34, 17, 23, 6, 1, 1
2023/8/25, 13, 11, 25, 3, 1, 1
2023/8/26, 8, 11, 26, 4, 1, 1
2023/8/27, 11, 13, 19, 6, 1, 1
2023/8/28, 10, , 24, 6, 1, 2
2023/8/30, 13, 6, 21, 6, 1, 
2023/8/31, 11, 7, 18, 6, 1, 
2023/9/1, 7, 7, 13, 5, 2, 
2023/9/2, 9, 8, 14, 7, 2, 
2023/9/3, 7, 11, 26, 8, 2, 
2023/9/4, 8, 9, 17, 8, 1, 
2023/9/5, 11, 13, 31, 8, 1, 
2023/9/6, 13, 12, 27, 8, 2, 
2023/9/7, 16, 16, 23, 8, 3, 
2023/9/8, 17, 11, 12, 7, 2, 
2023/9/9, 10, 9, 13, 5, 3, 
2023/9/10, 7, 12, 18, 8, 3, 
2023/9/11, 13, 12, 21, 6, 3, 
2023/9/12, 11, 11, 21, 6, 2, 
2023/9/13, 12, 12, 25, 9, 3, 
2023/9/14, 16, 14, 28, 9, 3, 
2023/9/15, 12, 10, , 6, 3, 
2023/9/16, 12, 8, 26, 6, 3, 
2023/9/17, 10, 15, 26, 8, 3, 
2023/9/18, 13, 13, 23, 7, 3, 
2023/9/19, 10, 10, 24, 7, 3, 
2023/9/20, 7, 11, 23, 7, 3, 
2023/9/21, 12, 13, 22, 7, 3, 
2023/9/22, 9, 10, 22, 6, 3, 
2023/9/23, 6, 10, 28, 5, 3, 
2023/9/24, 12, 15, 27, 11, 3, 
2023/9/25, 15, 13, 18, 9, 3, 
2023/9/26, 12, 11, 16, 8, 3, 
2023/9/27, 13, 11, 17, 8, 2, 
2023/9/28, 8, 12, 12, 11, 2, 
2023/9/29, 8, 11, 22, 10, 2, 
2023/9/30, 10, 15, 28, 9, 2, 
2023/4/1, 15, 12, 36, 5, , 3
2023/4/2, 9, 19, 15, 12, , 4
2023/4/3, 18, 21, 32, 9, , 4
2023/4/4, 19, 19, 33, 12, , 4
2023/4/5, 16, 15, 38, 8, , 3
2023/4/6, 10, 19, 41, 8, , 4
2023/4/7, 14, 21, 40, 11, , 4
2023/4/8, 19, 28, 41, 9, , 4
2023/4/9, 26, 20, 30, 7, , 4
2023/4/10, 13, 16, 34, 5, , 4
2023/4/11, 11, 18, 34, 7, , 2
2023/4/12, 16, 13, 30, 7, , 1
2023/4/13, 11, 15, 29, 9, , 1
2023/4/14, 13, 18, 27, 7, , 1
2023/4/15, 15, 12, 29, 5, , 1
2023/4/16, 14, 16, 32, 7, , 1
2023/4/17, 14, 19, 39, 8, , 1
2023/4/18, 13, 23, 38, 8, , 1
2023/4/19, 26, 22, 32, 8, , 1
2023/4/20, 25, 20, 16, 11, , 1
2023/4/21, 20, 18, 31, 5, , 1
2023/4/22, 17, 15, 22, 3, , 1
2023/4/23, 13, 15, 18, 6, , 1
2023/4/24, 8, 14, 22, 5, , 1
2023/4/25, 6, 12, 16, 6, , 1
2023/4/26, 12, 14, 23, 8, , 1
2023/4/27, 12, 16, 28, 7, , 1
2023/4/28, 15, 10, 22, 4, , 1
2023/4/29, 9, 10, 26, 4, , 1
2023/4/30, 8, 11, 29, 4, , 1
2023/5/1, 8, 21, 35, 10, , 1
2023/5/2, 12, 22, 35, 9, , 1
2023/5/3, 19, 14, 28, 7, , 1
2023/5/4, 11, 21, 33, 7, , 1
2023/5/5, 19, 17, 27, 5, , 1
2023/5/6, 22, 15, 32, 4, , 1
2023/5/7, 15, 11, 23, 6, , 1
2023/5/8, 13, 11, 28, 4, , 1
2023/5/9, 14, 21, 32, 6, , 1
2023/5/10, 19, 19, 30, 6, , 1
2023/5/11, 17, 14, 28, 6, , 1
2023/5/12, 9, 11, 32, 4, , 1
2023/5/13, 17, 14, 34, 4, , 1
2023/5/14, 15, 16, 31, 4, , 1
2023/5/15, 20, 20, 30, 6, , 1
2023/5/16, 16, 22, 33, 2, , 1
2023/5/17, 19, 19, 36, 6, , 1
2023/5/18, 27, 23, 35, 6, , 1
2023/5/19, 29, 21, 36, 4, , 1
2023/5/20, 23, 19, 37, 3, , 1
2023/5/21, 22, 17, 33, 7, , 1
2023/5/22, 17, 18, 30, 5, , 1
2023/5/23, 22, 23, 30, 7, , 1
2023/5/24, 31, 27, 38, 5, , 1
2023/5/25, 29, 17, 37, 9, , 1
2023/5/26, 17, 15, 29, 8, , 1
2023/5/27, 16, 15, 26, 6, , 1
2023/5/28, 15, 22, 21, 9, , 2
2023/5/29, 27, 21, 24, 8, , 2
2023/5/30, 32, 19, 28, 7, , 2
2023/5/31, 26, 19, 31, 7, , 2
2023/6/1, 23, 14, 29, 7, , 2
2023/6/2, 12, 13, 37, 5, , 2
2023/6/3, 17, , , , , 
2023/6/5, 22, 16, 31, 6, , 3
2023/6/6, 16, 17, 13, 9, , 3
2023/6/7, 13, 13, 18, 7, , 3
2023/6/8, 9, 11, 22, 8, , 2
2023/6/9, 11, 13, 28, 5, , 2
2023/6/10, 12, 15, 24, 3, , 2
2023/6/11, 14, 13, 20, 8, , 2
2023/6/12, 9, 12, 24, 6, , 2
2023/6/13, 11, 13, 27, 5, , 2
2023/6/14, 12, 14, 31, 6, , 2
2023/6/15, 15, 19, 26, 8, , 3
2023/6/16, 20, 14, 25, 4, , 2
2023/6/17, 15, 16, 29, 4, , 3
2023/6/18, 23, 13, 18, 6, , 3
2023/6/19, 11, 14, 27, 4, , 2
2023/6/20, 9, 12, 22, 6, , 2
2023/6/21, 13, 17, 28, 5, , 3
2023/6/22, 19, 16, 35, 7, , 3
2023/6/23, 25, 25, 37, 6, , 3
2023/6/24, 45, 18, 21, 3, , 3
2023/6/25, 31, 12, 18, 4, , 2
2023/6/26, 12, 17, 21, 4, , 3
2023/6/27, 20, 15, 26, 4, , 3
2023/6/28, 18, 17, 25, 5, , 2
2023/6/29, 10, 15, 24, 5, , 2
2023/6/30, 6, 10, 20, 3, , 3
2023/1/2, 25, 23, 5, 9, , 3
2023/1/3, 30, 28, 4, 9, , 3
2023/1/4, 49, 29, 2, 10, 1, 3
2023/1/5, 54, 16, 21, 6, , 1
2023/1/6, 26, 15, 20, 10, 1, 1
2023/1/7, 19, 10, 22, 7, 1, 1
2023/1/8, 16, 29, 9, 15, 1, 1
2023/1/9, 42, 26, 8, 14, , 1
2023/1/10, 36, 25, 14, 14, , 1
2023/1/11, 31, 37, 3, 14, 1, 2
2023/1/12, 66, 29, 12, 15, , 2
2023/1/13, 44, 15, 21, 8, 1, 1
2023/1/14, 23, 11, 24, 5, , 1
2023/1/15, 15, 7, 29, 6, 1, 1
2023/1/16, 9, 14, 30, 8, 2, 1
2023/1/17, 11, 15, 23, 12, 1, 1
2023/1/18, 24, 34, 11, 19, 1, 3
2023/1/19, 63, 16, 10, 14, 1, 1
2023/1/20, 21, 15, 20, 8, 1, 1
2023/1/21, 15, 18, 4, 7, , 1
2023/1/22, 27, 22, 18, 9, , 1
2023/1/23, 29, 19, 19, 11, , 1
2023/1/24, 28, 23, 12, 11, , 2
2023/1/25, 31, 24, 13, 15, , 2
2023/1/26, 38, 19, 25, 14, , 1
2023/1/27, 19, 16, 25, 9, , 1
2023/1/28, 21, 16, 22, 8, , 1
2023/1/29, 21, 26, 16, 12, , 2
2023/1/30, 36, 33, 10, 15, , 3
2023/1/31, 56, 35, 12, 15, , 3
2023/2/1, 55, 34, 12, 13, , 3
2023/2/2, 50, 41, 7, 19, 1, 4
2023/2/3, 63, 38, 12, 17, 1, 3
2023/2/4, 61, 28, 17, 10, , 3
2023/2/5, 48, 25, 15, 13, , 2
2023/2/6, 39, 24, 27, 10, , 2
2023/2/7, 30, 19, 26, 13, , 2
2023/2/8, 20, 27, 19, 16, , 3
2023/2/9, 34, 27, 19, 18, , 3
2023/2/10, 37, 26, 23, 16, , 3
2023/2/11, 37, 19, 29, 12, , 2
2023/2/12, 26, 44, 20, 19, 1, 3
2023/2/13, 40, 39, 25, 15, , 3
2023/2/14, 38, 33, 21, 18, , 3
2023/2/15, 38, 41, 19, 17, , 3
2023/2/16, 49, 43, 19, 18, , 3
2023/2/17, 50, 33, 22, 17, , 3
2023/2/18, 42, 30, 24, 11, , 3
2023/2/19, 42, 48, 6, 15, , 4
2023/2/20, 74, 45, 19, 9, , 3
2023/2/21, 58, 30, 19, 9, , 3
2023/2/22, 35, 14, 27, 9, , 2
2023/2/23, 13, 18, 24, 10, , 3
2023/2/24, 23, 17, 23, 10, 1, 2
2023/2/25, 25, 17, 27, 5, , 2
2023/2/26, 32, 22, 30, 7, , 2
2023/2/27, 23, 20, 29, 9, , 2
2023/2/28, 20, 23, 23, 13, , 3
2023/3/1, 30, 24, 22, 15, , 3
2023/3/2, 35, 27, 28, 14, , 4
2023/3/3, 39, 24, 30, 13, , 3
2023/3/4, 30, 21, 13, 11, , 4
2023/3/5, 36, 17, 17, 12, , 3
2023/3/6, 23, 19, 28, 11, , 3
2023/3/7, 13, 17, 23, 8, , 3
2023/3/8, 14, 24, 30, 7, , 3
2023/3/9, 17, 22, 26, 11, , 3
2023/3/10, 19, 10, 17, 4, , 3
2023/3/11, 10, 16, 21, 5, , 3
2023/3/12, 24, 20, 31, 8, , 3
2023/3/13, 14, 21, 30, 9, , 3
2023/3/14, 12, 17, 23, 11, , 3
2023/3/15, 20, 24, 29, 12, , 4
2023/3/16, 33, 14, 28, 10, , 3
2023/3/17, 14, 11, 28, 6, , 3
2023/3/18, 14, 11, 27, 6, , 3
2023/3/19, 10, 13, 28, 7, , 3
2023/3/20, 15, 16, 33, 8, , 3
2023/3/21, 20, 20, 30, 9, , 3
2023/3/22, 18, 16, 25, 9, , 3
2023/3/23, 10, 16, 35, 9, , 3
2023/3/24, 12, 17, 27, 7, , 3
2023/3/25, 20, 21, 35, 5, , 3
2023/3/26, 19, 17, 32, 12, , 3
2023/3/27, 14, 29, 29, 17, , 4
2023/3/28, 23, 34, 36, 9, , 4
2023/3/29, 19, 35, 34, 7, , 3
2023/3/30, 24, 30, 33, 6, , 3
2023/3/31, 32, 21, 32, 6, , 3
2022/10/1, 17, 13, 24, 10, 2, 3
2022/10/2, 16, 15, 25, 16, 2, 3
2022/10/3, 19, 17, 28, 15, 2, 3
2022/10/4, 13, 19, 30, 10, 2, 3
2022/10/5, 14, 29, 25, 9, 2, 3
2022/10/6, 27, 42, 21, 8, 1, 2
2022/10/7, 41, 48, 31, 8, , 1
2022/10/8, 53, 38, 26, 4, 1, 1
2022/10/9, 42, 18, 14, 8, 1, 1
2022/10/10, 28, 16, 18, 6, 1, 1
2022/10/11, 20, 18, 20, 6, , 1
2022/10/12, 21, 15, 18, 7, , 1
2022/10/13, 21, 11, 14, 6, , 1
2022/10/14, 13, 11, 17, 6, 1, 1
2022/10/15, 19, 10, 20, 3, 1, 1
2022/10/16, 13, 21, 9, 9, , 1
2022/10/17, 24, 29, 21, 8, 1, 1
2022/10/18, 31, 20, 23, 12, 1, 1
2022/10/19, 24, 18, 25, 10, 2, 1
2022/10/20, 19, 24, 20, 13, 1, 1
2022/10/21, 25, 19, 25, 6, 1, 1
2022/10/22, 21, 16, 29, 4, 1, 1
2022/10/23, 21, 23, 8, 13, 1, 1
2022/10/24, 23, 20, 13, 13, 1, 1
2022/10/25, 26, 18, 18, 10, 1, 1
2022/10/26, 20, 25, 12, 10, 1, 1
2022/10/27, 26, 15, 11, 12, , 1
2022/10/28, 21, 18, 11, 11, 1, 1
2022/10/29, 25, 20, 12, 6, 1, 1
2022/10/30, 20, 17, 17, 8, 1, 1
2022/10/31, 17, 23, 16, 6, 1, 1
2022/11/1, 23, 25, 3, 7, , 1
2022/11/2, 24, 25, 17, 11, 1, 1
2022/11/3, 27, 27, 12, 10, 1, 1
2022/11/4, 31, 27, 6, 8, 1, 1
2022/11/5, 38, 28, 19, 8, 1, 1
2022/11/6, 46, 19, 19, 10, 1, 1
2022/11/7, 18, 24, 21, 11, 1, 1
2022/11/8, 24, 20, 12, 10, 1, 1
2022/11/9, 18, 29, 8, 9, 1, 1
2022/11/10, 23, 23, 11, 5, 1, 1
2022/11/11, 31, 29, 12, 7, 1, 1
2022/11/12, 35, 27, 16, 6, 1, 1
2022/11/13, 45, 22, 13, 10, 1, 1
2022/11/14, 24, 18, 17, 9, 1, 1
2022/11/15, 17, 14, 18, 10, 1, 1
2022/11/16, 13, 21, 21, 8, 1, 1
2022/11/17, 19, 22, 13, 9, 1, 1
2022/11/18, 20, 27, 6, 9, 1, 1
2022/11/19, 36, 25, 16, 9, 1, 1
2022/11/20, 39, 18, 25, 7, 1, 1
2022/11/21, 20, 21, 17, 15, 1, 1
2022/11/22, 29, 28, 21, 10, 1, 1
2022/11/23, 36, 27, 15, 15, 1, 1
2022/11/24, 40, 29, 8, 10, 1, 1
2022/11/25, 38, 25, 5, 6, , 2
2022/11/26, 32, 21, 5, 7, 1, 1
2022/11/27, 33, 28, 4, 12, 1, 1
2022/11/28, 37, 33, 5, 9, 1, 2
2022/11/29, 45, 27, 7, 9, 1, 2
2022/11/30, 47, 28, 7, 8, 1, 1
2022/12/1, 41, 21, 11, 8, 1, 1
2022/12/2, 30, 27, 6, 7, 1, 2
2022/12/3, 47, 29, 4, 7, 2, 2
2022/12/4, 52, 36, 3, 11, 2, 3
2022/12/5, 57, 32, 4, 6, 1, 2
2022/12/6, 46, 36, 3, 8, 1, 3
2022/12/7, 51, 19, 13, 7, 2, 1
2022/12/8, 28, 20, 18, 6, 2, 1
2022/12/9, 20, 20, 19, 6, 1, 1
2022/12/10, 26, 24, 11, 6, 2, 2
2022/12/11, 37, 21, 17, 11, 2, 2
2022/12/12, 27, 31, 10, 19, 2, 3
2022/12/13, 40, 28, 11, 15, 2, 2
2022/12/14, 39, 24, 11, 14, 2, 2
2022/12/15, 37, 25, 8, 8, 2, 2
2022/12/16, 30, 29, 5, 8, 2, 2
2022/12/17, 38, 21, 22, 7, 2, 1
2022/12/18, 29, 17, 20, 8, 1, 1
2022/12/19, 19, 17, 21, 12, 1, 1
2022/12/20, 17, 27, 16, 16, 1, 2
2022/12/21, 33, 20, 22, 9, 1, 1
2022/12/22, 22, 16, 24, 10, 1, 1
2022/12/23, 19, 19, 26, 7, 1, 1
2022/12/24, 28, 15, 20, 7, 1, 1
2022/12/25, 22, 18, 11, 10, 1, 2
2022/12/26, 19, 29, 4, 9, 1, 2
2022/12/27, 39, 24, 12, 12, 1, 2
2022/12/28, 31, 22, 15, 19, 1, 2
2022/12/29, 36, 16, 26, 7, 1, 1
2022/12/30, 15, 35, 27, 4, 1, 1
2022/12/31, 33, 15, 17, 8, 1, 2
2023/1/1, 25, 21, 12, 12, 1, 2
2022/7/1, 26, 20, 26, 4, 1, 1
2022/7/2, 32, 12, 17, 3, 1, 1
2022/7/3, 22, 12, 24, 4, 1, 1
2022/7/4, 15, 16, 23, 5, 1, 1
2022/7/5, 27, 21, 29, 5, 1, 1
2022/7/6, 34, 22, 31, 4, , 1
2022/7/7, 41, 19, 31, 5, , 1
2022/7/8, 43, 15, 39, 5, 1, 1
2022/7/9, 33, 18, 47, 5, 1, 1
2022/7/10, 52, 30, 45, 8, 1, 1
2022/7/11, 63, 29, 47, 11, 1, 1
2022/7/12, 63, 38, 54, 12, 1, 2
2022/7/13, 82, 46, 54, 11, 1, 2
2022/7/14, 87, 53, 53, 11, 1, 2
2022/7/15, 103, 50, 49, 8, 2, 2
2022/7/16, 99, 33, 44, 6, 1, 1
2022/7/17, 69, 29, 32, 6, 1, 1
2022/7/18, 57, 16, 27, 4, 1, 1
2022/7/19, 37, 30, 39, 6, 1, 1
2022/7/20, 71, 32, 37, 6, 1, 1
2022/7/21, 69, 17, 26, 5, 1, 1
2022/7/22, 38, 17, 35, 3, 1, 1
2022/7/23, 46, 15, 34, 4, 1, 1
2022/7/24, 43, 13, 21, 3, 1, 1
2022/7/25, 33, 15, 26, 5, 1, 1
2022/7/26, 35, 14, 35, 5, 1, 1
2022/7/27, 35, 19, 27, 6, 1, 1
2022/7/28, 36, 13, 25, 5, 1, 1
2022/7/29, 37, 14, 27, 3, 1, 1
2022/7/30, 33, 17, 31, 3, 1, 1
2022/7/31, 46, 17, 31, 5, 1, 1
2022/8/1, 38, 23, 38, 6, 1, 2
2022/8/2, 49, 17, 29, 4, 2, 1
2022/8/3, 40, 15, 25, 3, 2, 1
2022/8/4, 35, 11, 24, 4, 1, 1
2022/8/5, 25, 16, 36, 4, 2, 1
2022/8/6, 35, 30, 37, 4, 2, 1
2022/8/7, 51, 27, 34, 7, 2, 2
2022/8/8, 52, 24, 42, 7, 2, 2
2022/8/9, 49, 37, 29, 8, 2, 2
2022/8/10, 65, 35, 43, 7, 2, 2
2022/8/11, 64, 28, 37, 7, 1, 2
2022/8/12, 58, 21, 38, 5, 2, 1
2022/8/13, 52, 21, 46, 3, 2, 1
2022/8/14, 50, 23, 43, 3, 2, 2
2022/8/15, 53, 14, 19, 5, 1, 2
2022/8/16, 35, 18, 26, 5, 2, 1
2022/8/17, 39, 25, 30, 6, 1, 1
2022/8/18, 54, 19, 35, 8, 1, 1
2022/8/19, 31, 10, 38, 6, 1, 1
2022/8/20, 29, 10, 28, 4, 1, 1
2022/8/21, 27, 9, 16, 5, 1, 2
2022/8/22, 20, 11, 27, 4, 2, 2
2022/8/23, 31, 19, 32, 5, 1, 2
2022/8/24, 39, 8, 16, 3, 2, 2
2022/8/25, 18, 11, 24, 6, 1, 2
2022/8/26, 26, 17, 41, 3, 2, 2
2022/8/27, 40, 19, 42, 4, 2, 2
2022/8/28, 44, 28, 37, 8, 2, 2
2022/8/29, 56, 24, 34, 6, 2, 2
2022/8/30, 55, 21, 33, 6, 1, 2
2022/8/31, 56, 13, 23, 6, 2, 2
2022/9/1, 39, 15, 31, 6, 2, 2
2022/9/2, 32, 20, 35, 4, 2, 2
2022/9/3, 35, 20, 28, 5, 2, 2
2022/9/4, 38, 20, 24, 5, 2, 2
2022/9/5, 35, 20, 29, 7, 2, 2
2022/9/6, 26, 16, 25, 8, 2, 2
2022/9/7, 28, 13, 23, 7, 2, 2
2022/9/8, 19, 8, 23, 8, 1, 2
2022/9/9, 14, 11, 29, 7, 2, 2
2022/9/10, 24, 13, 29, 6, 2, 2
2022/9/11, 26, 19, 19, 11, 3, 2
2022/9/12, 21, 14, 12, 12, 3, 3
2022/9/13, 19, 15, 14, 10, 3, 3
2022/9/14, 21, 14, 22, 5, 2, 2
2022/9/15, 8, 16, 21, 7, 2, 3
2022/9/16, 43, 17, 27, 9, 2, 3
2022/9/17, 48, 15, 38, 9, 2, 2
2022/9/18, 38, 20, 37, 11, 2, 3
2022/9/19, 49, 22, 35, 9, 2, 3
2022/9/20, 53, 20, 33, 6, 2, 3
2022/9/21, 34, 20, 35, 11, 2, 3
2022/9/22, 26, 22, 30, 9, 2, 3
2022/9/23, 38, 15, 25, 3, 2, 2
2022/9/24, 11, 12, 28, 3, 2, 2
2022/9/25, 10, 16, 27, 9, 2, 3
2022/9/26, 21, 18, 26, 8, 2, 3
2022/9/27, 24, 15, 23, 7, 2, 3
2022/9/28, 19, 14, 21, 9, 2, 3
2022/9/29, 22, 14, 21, 9, 2, 3
2022/9/30, 18, 13, 23, 9, 2, 3
2022/4/1, 47, 18, 33, 5, , 1
2022/4/2, 45, 13, 34, 3, , 1
2022/4/3, 42, 21, 34, 7, , 2
2022/4/4, 53, 26, 34, 8, , 2
2022/4/5, 61, 21, 26, 8, , 1
2022/4/6, 48, 22, 31, 7, , 1
2022/4/7, 40, 18, 25, 11, , 1
2022/4/8, 35, 22, 34, 8, , 1
2022/4/9, 48, 20, 28, 5, , 1
2022/4/10, 41, 19, , 11, , 1
2022/4/11, 39, 19, 28, 9, , 1
2022/4/12, 37, 18, 27, 8, , 1
2022/4/13, 33, 14, 31, 5, , 1
2022/4/14, 38, 17, 32, 5, , 1
2022/4/15, 44, 21, 37, 6, , 1
2022/4/16, 47, 26, 33, 5, , 1
2022/4/17, 60, 19, 37, 6, , 1
2022/4/18, 44, 16, 36, 5, , 1
2022/4/19, 41, 16, 36, 8, , 1
2022/4/20, 39, 19, 32, 9, , 1
2022/4/21, 44, 15, 29, 11, 1, 1
2022/4/22, 38, 13, 36, 7, , 1
2022/4/23, 41, 21, 30, 7, , 1
2022/4/24, 49, 24, 34, 7, , 1
2022/4/25, 52, 20, 17, 12, , 1
2022/4/26, 41, 22, 25, 9, , 1
2022/4/27, 39, 16, 29, 7, , 1
2022/4/28, 35, 27, 32, 8, , 1
2022/4/29, 45, 23, 39, 8, , 1
2022/4/30, 45, 21, 38, 4, , 1
2022/5/1, 47, 23, 37, 7, , 1
2022/5/2, 52, 21, 35, 7, , 1
2022/5/3, 53, 24, 31, 7, , 1
2022/5/4, 50, 24, 33, 7, , 1
2022/5/5, 54, 24, 36, 7, , 1
2022/5/6, 53, 18, 39, 5, , 1
2022/5/7, 34, 17, 38, 6, , 1
2022/5/8, 33, 19, 40, 9, , 1
2022/5/9, 39, 21, 47, 9, , 1
2022/5/10, 46, 24, 38, 7, , 1
2022/5/11, 49, 20, 34, 7, , 1
2022/5/12, 36, 23, 39, 8, , 1
2022/5/13, 40, 21, 31, 8, , 1
2022/5/14, 46, 21, 26, 3, , 1
2022/5/15, 28, 16, 25, 6, , 1
2022/5/16, 19, 13, 19, 5, , 1
2022/5/17, 17, 10, 28, 5, , 1
2022/5/18, 22, 16, 30, 8, , 1
2022/5/19, 35, 21, 29, 7, , 1
2022/5/20, 43, 29, 23, 6, , 1
2022/5/21, 43, 23, 29, 5, , 1
2022/5/22, 39, 18, 28, 6, , 1
2022/5/23, 34, 15, 28, 7, , 1
2022/5/24, 34, 16, 32, 6, , 1
2022/5/25, 29, 16, 28, 7, , 1
2022/5/26, 25, 17, 31, 6, , 1
2022/5/27, 30, 18, 40, 7, , 1
2022/5/28, 27, 23, 35, 3, 1, 1
2022/5/29, 44, 21, 32, 7, , 1
2022/5/30, 45, 16, 10, 9, 1, 1
2022/5/31, 28, 17, 27, 7, , 1
2022/6/1, 23, 14, 27, 6, 1, 1
2022/6/2, 20, 14, 20, 9, 1, 1
2022/6/3, 28, 17, 26, 5, , 1
2022/6/4, 25, 13, 30, 4, , 1
2022/6/5, 26, 13, 20, 5, , 1
2022/6/6, 20, 12, 20, 5, , 1
2022/6/7, 20, 9, 12, 5, , 1
2022/6/8, 14, 11, 22, 5, , 1
2022/6/9, 13, 18, 23, 7, , 1
2022/6/10, 32, 10, 20, 2, , 1
2022/6/11, 20, 14, 21, 2, , 1
2022/6/12, 17, 15, 23, 5, , 1
2022/6/13, 21, 35, 32, 6, , 1
2022/6/14, 46, 41, 28, 10, , 1
2022/6/15, 60, 45, 24, 7, 1, 1
2022/6/16, 66, 49, 29, 13, 1, 2
2022/6/17, 80, 32, 27, 4, 1, 1
2022/6/18, 49, 13, 22, 4, 1, 1
2022/6/19, 20, 11, 22, 6, 1, 1
2022/6/20, 31, 13, 16, 9, 1, 1
2022/6/21, 18, 12, 25, 5, 1, 1
2022/6/22, 14, 17, 28, 6, 1, 1
2022/6/23, 23, 12, 23, 3, 1, 1
2022/6/24, 20, 16, 31, 4, 1, 1
2022/6/25, 25, 12, 26, 3, 1, 1
2022/6/26, 29, 16, 29, 6, 1, 1
2022/6/27, 31, 15, 33, 5, 1, 1
2022/6/28, 27, 15, 25, 5, 1, 1
2022/6/29, 31, 17, 25, 6, 1, 1
2022/6/30, 36, 12, 33, 6, , 1
2022/1/3, 50, 27, 22, 10, 1, 4
2022/1/4, 52, 23, 10, 14, 1, 5
2022/1/5, 57, 23, 9, 6, 1, 5
2022/1/6, 56, 28, 7, 11, , 3
2022/1/7, 57, 36, 2, 12, 1, 1
2022/1/8, 84, 15, 13, 13, , 1
2022/1/9, 41, 20, 9, 12, , 1
2022/1/10, 42, 22, 12, 11, , 1
2022/1/11, 48, 25, 11, 11, , 1
2022/1/12, 62, 30, 7, 14, , 1
2022/1/13, 66, 33, 6, 16, , 1
2022/1/14, 77, 37, 9, 12, , 2
2022/1/15, 94, 31, 12, 9, , 1
2022/1/16, 79, 41, 3, 14, , 1
2022/1/17, 94, 48, 4, 13, , 1
2022/1/18, 88, 44, 3, 13, , 1
2022/1/19, 90, 37, 8, 12, , 1
2022/1/20, 78, 33, 11, 13, , 1
2022/1/21, 73, 30, 18, 12, , 1
2022/1/22, 68, 32, 12, 11, , 1
2022/1/23, 81, 58, 6, 17, , 1
2022/1/24, 101, 48, 4, 17, , 1
2022/1/25, 104, 40, 8, 16, , 1
2022/1/26, 86, 41, 8, 15, , 1
2022/1/27, 85, 50, 9, 14, 1, 1
2022/1/28, 106, 44, 9, 15, 1, 2
2022/1/29, 101, 39, 9, 16, 1, 2
2022/1/30, 93, 31, 16, 12, , 1
2022/1/31, 76, 27, 12, 14, , 1
2022/2/1, 56, 47, 5, 15, , 1
2022/2/2, 71, 37, 16, 14, , 1
2022/2/3, 69, 37, 15, 16, , 1
2022/2/4, 64, 18, 26, 7, , 1
2022/2/5, 42, 24, 17, 10, , 1
2022/2/6, 53, 27, 14, 14, , 1
2022/2/7, 56, 28, 11, 15, , 1
2022/2/8, 58, 32, 16, 17, , 1
2022/2/9, 64, 47, 8, 17, , 1
2022/2/10, 79, 47, 13, 13, , 1
2022/2/11, 79, 42, 14, 10, , 1
2022/2/12, 74, 25, 22, 9, , 1
2022/2/13, 54, 23, 15, 12, , 1
2022/2/14, 52, 40, 4, 15, , 1
2022/2/15, 78, 26, 21, 13, , 1
2022/2/16, 40, 20, 19, 9, , 1
2022/2/17, 35, 25, 19, 12, , 1
2022/2/18, 52, 18, 26, 7, , 1
2022/2/19, 44, 20, 21, 9, , 1
2022/2/20, 48, 25, 21, 11, , 1
2022/2/21, 48, 22, 18, 12, , 1
2022/2/22, 46, 72, 11, 15, , 1
2022/2/23, 63, , 26, 10, , 1
2022/2/24, 64, 23, 19, 14, , 1
2022/2/25, 55, 30, 14, 14, , 1
2022/2/26, 69, 24, 26, 10, , 1
2022/2/27, 56, 30, 19, 13, , 1
2022/2/28, 67, 31, 16, 11, , 1
2022/3/1, 65, 23, 22, 13, , 1
2022/3/2, 42, 17, 23, 11, , 1
2022/3/3, 45, 20, 24, 10, , 1
2022/3/4, 50, 16, 28, 6, , 1
2022/3/5, 47, 11, 32, 4, , 1
2022/3/6, 36, 17, 30, 9, , 1
2022/3/7, 47, 21, 24, 14, , 1
2022/3/8, 48, 18, 18, 12, , 1
2022/3/9, 46, 19, 21, 8, , 1
2022/3/10, 45, 20, 27, 12, , 1
2022/3/11, 45, 22, 16, 11, , 1
2022/3/12, 49, 14, 25, 7, , 1
2022/3/13, 43, 17, 18, 10, , 1
2022/3/14, 48, 60, 5, 11, , 2
2022/3/15, 69, 76, 30, 6, , 2
2022/3/16, 81, 16, 26, 6, , 1
2022/3/17, 43, 28, 24, 11, , 1
2022/3/18, 52, 31, 22, 8, , 1
2022/3/19, 55, 24, 24, 7, , 1
2022/3/20, 47, 23, 28, 8, , 1
2022/3/21, 44, 17, 21, 11, 1, 1
2022/3/22, 33, 17, 24, 11, , 2
2022/3/23, 35, 24, 29, 10, , 2
2022/3/24, 50, 46, 21, 10, 1, 2
2022/3/25, 60, 44, 23, 9, 1, 2
2022/3/26, 69, 29, 26, 7, , 1
2022/3/27, 53, 51, 23, 10, 1, 2
2022/3/28, 77, 68, 31, 7, 1, 2
2022/3/29, 87, 38, 32, 9, 1, 1
2022/3/30, 64, 26, 27, 8, , 2
2022/3/31, 53, 22, 30, 8, , 1
2021/10/1, 21, 8, 14, 5, 2, 2
2021/10/2, 6, 13, 24, 3, 2, 2
2021/10/3, 25, 16, 27, 8, 1, 1
2021/10/4, 25, 13, 19, 17, 1, 1
2021/10/5, 18, 15, 18, 14, , 1
2021/10/6, 20, 14, 19, 17, 1, 1
2021/10/7, 18, 19, 16, 21, 1, 1
2021/10/8, 23, 17, 23, 8, 1, 1
2021/10/9, 25, 17, 26, 6, 1, 1
2021/10/10, 36, 18, 21, 19, 1, 1
2021/10/11, 42, 17, 21, 15, 1, 1
2021/10/12, 37, 19, 19, 24, 1, 1
2021/10/13, 37, 19, 11, 24, 1, 1
2021/10/14, 32, 20, 23, 20, 1, 1
2021/10/15, 34, 19, 10, 16, 1, 2
2021/10/16, 39, 14, 19, 10, 1, 1
2021/10/17, 19, 11, 9, 18, 1, 2
2021/10/18, 17, 13, 15, 12, 1, 1
2021/10/19, 15, 17, 23, 12, 1, 1
2021/10/20, 29, 22, 23, 11, 1, 1
2021/10/21, 37, 15, 20, 14, 1, 1
2021/10/22, 27, 16, 14, 11, 1, 2
2021/10/23, 33, 18, 11, 12, 1, 2
2021/10/24, 50, 19, 14, 15, 1, 2
2021/10/25, 45, 21, 10, 20, 1, 2
2021/10/26, 42, 20, 10, 19, 1, 2
2021/10/27, 37, 29, 19, 25, 2, 3
2021/10/28, 59, 14, 16, 23, 2, 2
2021/10/29, 36, 16, 21, 16, 2, 2
2021/10/30, 24, 12, 21, 9, 1, 2
2021/10/31, 16, 18, 24, 9, 2, 1
2021/11/1, 33, 15, 20, 19, 2, 2
2021/11/2, 31, 22, 15, 15, 1, 2
2021/11/3, 44, 20, 14, 14, 1, 2
2021/11/4, 49, 19, 14, 18, , 2
2021/11/5, 44, 23, 13, 16, , 2
2021/11/6, 54, 24, 14, 11, , 3
2021/11/7, 55, 25, 9, 22, 1, 3
2021/11/8, 55, 23, 10, 20, 1, 3
2021/11/9, 49, 32, 9, 23, 1, 3
2021/11/10, 62, 35, 7, 9, 1, 3
2021/11/11, 78, 36, 5, 9, 1, 3
2021/11/12, 80, 30, 5, 8, 1, 3
2021/11/13, 71, 31, 11, 6, 2, 3
2021/11/14, 73, 24, 17, 8, 1, 3
2021/11/15, 57, 24, 10, 12, 1, 3
2021/11/16, 48, 22, 16, 11, 1, 3
2021/11/17, 50, 23, 11, 11, 1, 3
2021/11/18, 55, 31, 4, 14, 1, 4
2021/11/19, 65, 31, 4, 11, 1, 5
2021/11/20, 75, 31, 14, 9, 1, 3
2021/11/21, 72, 17, 19, 9, 1, 2
2021/11/22, 42, 16, 21, 8, 1, 2
2021/11/23, 43, 22, 19, 10, 1, 2
2021/11/24, 47, 20, 20, 8, 1, 2
2021/11/25, 49, 20, 17, 12, 1, 2
2021/11/26, 49, 19, 25, 6, 1, 2
2021/11/27, 48, 17, 13, 7, , 3
2021/11/28, 56, 21, 14, 13, , 3
2021/11/29, 46, 32, 6, 10, 1, 4
2021/11/30, 69, 26, 17, 11, 1, 4
2021/12/1, 63, 24, 14, 11, 1, 3
2021/12/2, 49, 28, 15, 13, 1, 4
2021/12/3, 53, 17, 23, 8, 1, 3
2021/12/4, 35, 17, 24, 6, , 3
2021/12/5, 42, 23, 6, 11, 1, 5
2021/12/6, 55, 19, 22, 9, 1, 4
2021/12/7, 46, 15, 23, 7, 1, 3
2021/12/8, 47, 20, 14, 14, 1, 4
2021/12/9, 48, 28, 22, 12, 1, 4
2021/12/10, 49, 39, 10, 11, 1, 4
2021/12/11, 65, 21, 8, 4, , 4
2021/12/12, 55, 18, 8, 8, 1, 4
2021/12/13, 47, 27, 3, 8, 1, 4
2021/12/14, 62, 37, 2, 11, 3, 6
2021/12/15, 83, 49, 1, 12, 2, 6
2021/12/16, 106, 60, 1, 13, 1, 7
2021/12/17, 109, 43, 2, 12, 1, 7
2021/12/18, 103, 35, 4, 10, 1, 6
2021/12/19, 83, 28, 10, 14, 2, 5
2021/12/20, 59, 25, 11, 11, 2, 4
2021/12/21, 45, 21, 22, 12, 2, 4
2021/12/22, 50, 19, 22, 13, 2, 5
2021/12/23, 43, 21, 23, 13, 2, 5
2021/12/24, 48, 19, 14, 7, 2, 5
2021/12/25, 43, 14, 22, 7, 2, 5
2021/12/26, 30, 34, 28, 4, 2, 4
2021/12/27, 53, 20, 26, 6, 1, 4
2021/12/28, 33, 22, 14, 12, 1, 5
2021/12/29, 38, 16, 16, 8, 1, 5
2021/12/30, 45, 17, 18, 6, 1, 4
2021/12/31, 46, 16, 19, 5, 1, 4
2022/1/1, 43, 19, 14, 7, 1, 4
2022/1/2, 43, 19, 12, 9, 1, 5
2021/7/1, 46, 22, 14, 9, , 1
2021/7/2, 44, 13, 24, 3, , 1
2021/7/3, 18, 15, 21, 2, , 1
2021/7/4, 20, 14, 16, 3, , 1
2021/7/5, 14, 16, 23, 4, 1, 1
2021/7/6, 32, 17, 19, 4, , 1
2021/7/7, 27, 17, 23, 4, , 1
2021/7/8, 36, 20, 27, 5, , 3
2021/7/9, 43, 21, 23, 4, 1, 1
2021/7/10, 38, 18, 25, 2, 1, 1
2021/7/11, 33, 26, 18, 4, , 1
2021/7/12, 39, 19, 19, 5, , 1
2021/7/13, 41, 18, 23, 5, , 1
2021/7/14, 30, 17, 25, 4, , 1
2021/7/15, 29, 20, 38, 6, , 1
2021/7/16, 15, 23, 44, 6, 1, 1
2021/7/17, 20, 26, 43, 4, 1, 1
2021/7/18, 39, 25, 33, 6, 1, 1
2021/7/19, 33, 22, 30, 5, 1, 1
2021/7/20, 23, 29, 27, 6, , 1
2021/7/21, 30, 27, 27, 6, 1, 1
2021/7/22, 40, 20, 24, 5, 1, 1
2021/7/23, 21, 14, 22, 3, 1, 1
2021/7/24, 9, 15, 21, 2, 1, 1
2021/7/25, 14, 18, 31, 5, 1, 1
2021/7/26, 14, 19, 26, 5, 1, 1
2021/7/27, 17, 17, 32, 5, 1, 1
2021/7/28, 16, 24, 31, 5, 1, 1
2021/7/29, 21, 20, 22, 5, 1, 1
2021/7/30, 15, 22, 28, 3, 1, 1
2021/7/31, 34, 14, 24, 4, 1, 1
2021/8/1, 24, 17, 24, 6, 1, 1
2021/8/2, 15, 18, 23, 6, 1, 1
2021/8/3, 16, 11, 27, 4, 1, 1
2021/8/4, 7, 14, 20, 4, , 1
2021/8/5, 6, 17, 26, 5, 1, 1
2021/8/6, 8, 15, 22, 3, 1, 1
2021/8/7, 10, 14, 28, 3, 1, 1
2021/8/8, 7, 20, 32, 7, 1, 1
2021/8/9, 20, 27, 34, 6, 1, 1
2021/8/10, 24, 20, 28, 6, 1, 1
2021/8/11, 17, 21, 30, 7, 1, 1
2021/8/12, 21, 22, 35, 7, 1, 1
2021/8/13, 20, 24, 38, 4, 1, 1
2021/8/14, 31, 16, 30, 2, 1, 1
2021/8/15, 13, 17, 29, 4, , 1
2021/8/16, 11, 22, 29, 5, 1, 1
2021/8/17, 18, 26, 32, 5, 1, 1
2021/8/18, 28, 19, 33, 6, 1, 1
2021/8/19, 14, 22, 30, 5, 1, 1
2021/8/20, 14, 11, 19, 4, 1, 1
2021/8/21, 8, 16, 21, 3, , 1
2021/8/22, 6, 33, 23, 5, 1, 1
2021/8/23, 46, , 29, 6, 1, 1
2021/8/25, 41, 35, 33, 8, 1, 1
2021/8/26, 37, 37, 43, 7, 1, 1
2021/8/27, 33, 34, 28, 4, 1, 1
2021/8/28, 34, 28, 27, 2, 1, 1
2021/8/29, 31, 28, 28, 6, 2, 1
2021/8/30, 25, 51, 30, 7, 2, 1
2021/8/31, 22, 29, 18, 9, 1, 1
2021/9/1, 13, 26, 28, 7, 1, 1
2021/9/2, 23, 23, 30, 7, 1, 1
2021/9/3, 20, 21, 34, 7, 1, 1
2021/9/4, 21, 18, 40, 7, 2, 1
2021/9/5, 16, 37, 31, 13, 2, 1
2021/9/6, 27, 21, 20, 8, 2, 1
2021/9/7, 20, 19, 15, 9, 1, 1
2021/9/8, 13, 22, 18, 8, 2, 1
2021/9/9, 7, 20, 20, 8, 1, 1
2021/9/10, 9, 19, 26, 5, 1, 1
2021/9/11, 9, 15, 26, 6, 2, 1
2021/9/12, 8, 19, 12, 10, 2, 1
2021/9/13, 10, 17, 18, 6, 2, 1
2021/9/17, 18, 19, 23, 5, 2, 1
2021/9/18, 16, 16, 26, 4, 1, 1
2021/9/19, 10, 19, 27, 6, 1, 1
2021/9/20, 14, 18, 25, 7, 1, 1
2021/9/21, 24, 19, 26, 9, 1, 1
2021/9/22, 44, 20, 30, 7, 2, 1
2021/9/23, 41, 21, 26, 9, 2, 2
2021/9/24, 35, 16, 27, 7, 2, 2
2021/9/25, 18, 15, 25, 5, 1, 1
2021/9/26, 15, 12, 19, 10, 1, 1
2021/9/27, 17, 16, 29, 7, 1, 1
2021/9/28, 28, 14, 22, 8, 1, 1
2021/9/29, 21, 15, 16, 9, 1, 2
2021/9/30, 28, 11, 19, 8, 1, 2
2021/4/1, 104, 28, 18, 4, 2, 3
2021/4/2, 42, 46, 28, 5, 1, 3
2021/4/3, 61, 37, 32, 5, 2, 3
2021/4/4, 58, 28, 31, 8, 1, 3
2021/4/5, 40, 43, 33, 6, 1, 3
2021/4/6, 70, 30, 31, 10, 1, 3
2021/4/7, 38, 46, 37, 10, 1, 3
2021/4/8, 54, 42, 8, 12, , 2
2021/4/9, 61, 19, , 8, , 1
2021/4/10, 31, 18, 7, 2, , 1
2021/4/11, 21, 21, 3, 10, , 1
2021/4/12, 27, 19, 1, 10, , 1
2021/4/13, 29, 21, 27, 6, , 1
2021/4/14, 26, 31, 35, 7, , 1
2021/4/15, 50, 26, 34, 6, , 1
2021/4/16, 44, 20, 40, 5, , 1
2021/4/17, 36, 23, 41, 5, , 1
2021/4/18, 40, 26, 39, 9, , 1
2021/4/19, 35, 19, 25, 10, , 1
2021/4/20, 25, 19, 19, 8, , 1
2021/4/21, 26, 22, 28, 8, , 1
2021/4/22, 24, 24, 21, 10, , 1
2021/4/23, 28, 22, 32, 6, , 1
2021/4/24, 30, 18, 15, 6, , 1
2021/4/25, 31, 26, 22, 8, , 1
2021/4/26, 25, 22, 28, 6, , 1
2021/4/27, 27, 30, 34, 7, , 1
2021/4/28, 49, 18, 32, 7, , 1
2021/4/29, 29, 19, 35, 8, , 1
2021/4/30, 27, 17, 37, 3, , 1
2021/5/1, 27, 15, 39, 3, , 1
2021/5/2, 32, 20, 41, 6, , 1
2021/5/3, 31, 19, 35, 5, , 1
2021/5/4, 27, 20, 28, 6, , 1
2021/5/5, 25, 18, 21, 6, , 1
2021/5/6, 19, 24, 26, 9, , 1
2021/5/7, 28, 23, 33, 3, , 1
2021/5/8, 36, 19, 30, 3, , 1
2021/5/9, 31, 18, 27, 9, , 1
2021/5/10, 38, 19, 32, 8, , 1
2021/5/11, 32, 20, 32, 4, , 1
2021/5/12, 32, 17, 27, 9, , 1
2021/5/13, 32, 22, 29, 5, , 1
2021/5/14, 39, 14, 20, 2, , 
2021/5/15, 17, 16, 31, 1, , 1
2021/5/16, 24, 22, 31, 3, , 1
2021/5/17, 43, 19, 21, 7, , 1
2021/5/18, 28, 20, 27, 7, , 1
2021/5/19, 30, 19, 35, 6, , 1
2021/5/20, 32, 20, 35, 5, , 1
2021/5/21, 31, 19, 32, 3, , 1
2021/5/22, 29, 16, 27, 2, , 1
2021/5/23, 26, 24, 24, 6, , 1
2021/5/24, 39, 27, 32, 6, , 1
2021/5/25, 44, 29, 33, 7, , 1
2021/5/26, 44, 31, 35, 8, , 1
2021/5/27, 50, 28, 41, 7, , 1
2021/5/28, 53, 25, 31, 4, , 1
2021/5/29, 47, 22, 31, 2, , 1
2021/5/30, 42, 30, 34, 8, 1, 1
2021/5/31, 48, 28, 41, 5, 1, 1
2021/6/1, 51, 22, 32, 6, , 1
2021/6/2, 43, 17, 30, 5, , 1
2021/6/3, 28, 19, 32, 6, , 1
2021/6/4, 30, 18, 35, 4, , 1
2021/6/5, 31, 18, 30, 2, , 1
2021/6/6, 36, 23, 34, 6, , 1
2021/6/7, 43, 23, 33, 5, , 1
2021/6/8, 42, 20, 30, 6, , 1
2021/6/9, 40, 24, 30, 5, , 1
2021/6/10, 47, 23, 25, 4, , 1
2021/6/11, 38, 21, 30, 4, , 1
2021/6/12, 37, 25, 37, 5, , 1
2021/6/13, 41, 28, 29, 7, , 1
2021/6/14, 44, 29, 34, 6, , 1
2021/6/15, 46, 23, 25, 7, , 1
2021/6/16, 41, 22, 17, 8, 1, 1
2021/6/17, 33, 15, 18, 6, 1, 1
2021/6/18, 28, 16, 28, 4, , 1
2021/6/19, 27, 15, 24, 2, 1, 1
2021/6/20, 26, 17, 21, 5, , 1
2021/6/21, 28, 19, 30, 5, , 1
2021/6/22, 31, 24, 29, 5, , 1
2021/6/23, 45, 23, 28, 6, , 1
2021/6/24, 41, 23, 36, 6, , 1
2021/6/25, 39, 24, 38, 3, , 1
2021/6/26, 46, 19, 29, 1, , 1
2021/6/27, 37, 25, 27, 5, , 1
2021/6/28, 42, 25, 28, 5, , 1
2021/6/29, 45, 22, 30, 5, , 1
2021/6/30, 43, 24, 31, 7, , 1
2021/1/4, 48, 32, 1, 14, 2, 1
2021/1/5, 68, 27, 7, 9, 1, 1
2021/1/6, 67, 28, 9, 10, 1, 1
2021/1/7, 67, 26, 16, 11, 1, 1
2021/1/8, 61, 23, 24, 7, 1, 1
2021/1/9, 59, 19, 26, 3, 1, 1
2021/1/10, 41, 32, 14, 15, , 1
2021/1/11, 57, 47, 6, 18, , 2
2021/1/12, 86, 55, 3, 18, , 3
2021/1/13, 111, 62, 3, 16, , 3
2021/1/14, 124, 44, 13, 11, , 2
2021/1/15, 87, 36, 11, 9, , 2
2021/1/16, 82, 54, 4, 12, 1, 3
2021/1/17, 119, 54, 3, 15, 1, 3
2021/1/18, 100, 40, 23, 11, 1, 2
2021/1/19, 82, 19, 23, 12, 2, 1
2021/1/20, 32, 28, 26, 7, 1, 1
2021/1/21, 29, 23, 27, 14, 1, 1
2021/1/22, 34, 18, 28, 7, 1, 1
2021/1/23, 27, 20, 23, 7, 1, 1
2021/1/24, 29, 26, 5, 18, 1, 3
2021/1/25, 41, 28, 2, 13, 1, 3
2021/1/26, 35, 20, 14, 8, 1, 1
2021/1/27, 17, 32, 10, 9, 1, 1
2021/1/28, 25, 26, 20, 10, 1, 1
2021/1/29, 19, 27, 31, 4, 1, 1
2021/1/30, 36, 19, 26, 3, 1, 1
2021/1/31, 23, 31, 25, 10, 1, 1
2021/2/1, 35, 16, 19, 13, 1, 1
2021/2/2, 22, 22, 25, 12, 2, 1
2021/2/3, 30, 22, 11, 15, 2, 1
2021/2/4, 30, 22, 18, 11, 1, 1
2021/2/5, 35, 13, 27, 5, 1, 1
2021/2/6, 21, 24, 17, 9, 1, 2
2021/2/7, 55, 16, 28, 16, 2, 1
2021/2/8, 27, 14, 24, 10, 2, 1
2021/2/9, 24, 23, 18, 13, 1, 1
2021/2/10, 33, 20, 11, 13, 1, 2
2021/2/11, 32, 26, 19, 15, 1, 1
2021/2/12, 33, 29, 16, 10, , 2
2021/2/13, 45, 23, 20, 7, 1, 1
2021/2/14, 35, 26, 24, 15, 1, 2
2021/2/15, 41, 23, 27, 7, 1, 1
2021/2/16, 41, 22, 14, 12, 1, 2
2021/2/17, 44, 17, 26, 12, 1, 1
2021/2/18, 23, 31, 23, 10, 2, 1
2021/2/19, 41, 40, 26, 7, 2, 1
2021/2/20, 52, 13, 30, 4, 1, 1
2021/2/21, 25, 27, 16, 13, 1, 2
2021/2/22, 51, 22, 28, 11, 1, 2
2021/2/23, 38, 26, 24, 11, 1, 1
2021/2/24, 37, 16, 24, 12, , 1
2021/2/25, 25, 33, 11, 10, 1, 2
2021/2/26, 44, 38, 18, 5, 1, 2
2021/2/27, 49, 27, 17, 5, 1, 2
2021/2/28, 44, 39, 16, 12, 1, 2
2021/3/1, 64, 38, 18, 12, 1, 2
2021/3/2, 54, 42, 15, 10, 1, 3
2021/3/3, 59, 63, 9, 13, 1, 3
2021/3/4, 78, 56, 21, 8, 1, 2
2021/3/5, 72, 28, 23, 4, 1, 2
2021/3/6, 46, 28, 26, 2, 1, 2
2021/3/7, 50, 20, 29, 5, 1, 2
2021/3/8, 37, 27, 28, 10, 1, 2
2021/3/9, 50, 30, 17, 11, 1, 2
2021/3/10, 58, 17, 16, 9, , 2
2021/3/11, 19, 20, 25, 9, 1, 2
2021/3/12, 28, 21, 25, 10, , 2
2021/3/13, 38, 18, 27, 6, , 2
2021/3/14, 34, 21, 26, 9, 1, 2
2021/3/15, 34, 26, 25, 7, , 2
2021/3/16, 41, 22, 23, 7, 1, 2
2021/3/17, 35, 23, 30, 7, , 2
2021/3/18, 36, 17, 29, 3, , 2
2021/3/19, 29, 21, 32, 5, 1, 2
2021/3/20, 36, 16, 32, 3, , 2
2021/3/21, 34, 22, 25, 10, 1, 3
2021/3/22, 39, 28, 34, 11, 1, 3
2021/3/23, 42, 25, 30, 9, 1, 3
2021/3/24, 50, 22, 30, 8, 1, 2
2021/3/25, 36, 20, 30, 8, , 2
2021/3/26, 28, 21, 31, 7, 1, 3
2021/3/27, 35, 26, 32, 9, 1, 3
2021/3/28, 44, 40, 13, 16, 1, 4
2021/3/29, 56, 47, 5, 16, 1, 4
2021/3/30, 70, 79, 26, 18, 2, 4
2021/3/31, 87, 78, 24, 11, 2, 4
2020/10/1, 13, 19, 24, 7, 2, 3
2020/10/2, 26, 21, 25, 7, 1, 3
2020/10/3, 28, 20, 19, 6, 2, 3
2020/10/4, 27, 28, 12, 12, 1, 3
2020/10/5, 29, 23, 17, 10, 1, 3
2020/10/6, 15, 26, 17, 10, 1, 3
2020/10/7, 18, 27, 16, 9, 1, 1
2020/10/8, 26, 23, 19, 8, 1, 1
2020/10/9, 27, 16, 23, 5, 1, 
2020/10/10, 16, 19, 29, 3, 1, 1
2020/10/11, 13, 17, 21, 6, 1, 
2020/10/12, 15, 18, 25, 7, 1, 1
2020/10/13, 13, 22, 19, 9, 1, 
2020/10/14, 24, 22, 21, 10, 1, 1
2020/10/15, 27, 25, 18, 12, 1, 1
2020/10/16, 36, 27, 20, 9, 1, 1
2020/10/17, 51, 24, 20, 10, 2, 1
2020/10/18, 34, 36, 19, 12, 2, 1
2020/10/19, 38, 23, 5, 12, 2, 1
2020/10/20, 19, 22, 8, 14, 2, 1
2020/10/21, 19, 21, 17, 9, 2, 1
2020/10/22, 23, 26, 19, 11, 1, 1
2020/10/23, 24, 18, 25, 8, 1, 1
2020/10/24, 16, 15, 25, 5, 2, 1
2020/10/25, 35, 22, 16, 9, 1, 1
2020/10/26, 26, 29, 15, 16, 1, 1
2020/10/27, 32, 27, 14, 10, 1, 1
2020/10/28, 31, 29, 9, 12, 1, 1
2020/10/29, 44, 27, 7, 10, 1, 1
2020/10/30, 40, 26, 10, 8, 1, 1
2020/10/31, 43, 14, 13, 5, 1, 1
2020/11/1, 10, 17, 11, 10, 1, 1
2020/11/2, 18, 22, 22, 7, 1, 1
2020/11/3, 28, 21, 22, 8, 1, 1
2020/11/4, 29, 27, 23, 10, 1, 1
2020/11/5, 30, 31, 8, 16, 2, 1
2020/11/6, 39, 19, 12, 11, 2, 1
2020/11/7, 25, 16, 17, 6, 1, 1
2020/11/8, 17, 24, 12, 10, 1, 1
2020/11/9, 26, 34, 6, 10, 1, 1
2020/11/10, 46, 26, 12, 9, 2, 1
2020/11/11, 51, 31, 8, 12, 2, 1
2020/11/12, 42, 27, 16, 11, 1, 1
2020/11/13, 44, 25, 14, 7, 2, 1
2020/11/14, 41, 11, 16, 5, 1, 1
2020/11/15, 11, 31, 6, 8, 1, 1
2020/11/16, 35, 22, 7, 8, 1, 1
2020/11/17, 35, 30, 11, 11, 1, 1
2020/11/18, 41, 26, 16, 8, 1, 1
2020/11/19, 44, 21, 13, 6, 1, 1
2020/11/20, 31, 22, 7, 7, 1, 1
2020/11/21, 48, 26, 4, 9, 1, 1
2020/11/22, 60, 41, 1, 12, 1, 2
2020/11/23, 88, 36, , 10, 2, 2
2020/11/24, 74, 22, 6, 13, 2, 1
2020/11/25, 48, 24, 3, 11, 2, 1
2020/11/26, 45, 35, , 10, 2, 2
2020/11/27, 61, 23, 20, 8, 3, 1
2020/11/28, 41, 21, 16, 8, 2, 1
2020/11/29, 36, 28, 6, 12, 1, 1
2020/11/30, 40, 34, 1, 10, 2, 1
2020/12/1, 58, 24, 13, 12, 1, 1
2020/12/2, 47, 23, 22, 10, 2, 1
2020/12/3, 51, 15, 17, 11, 2, 1
2020/12/4, 30, 20, 11, 10, 2, 1
2020/12/5, 52, 17, 9, 7, 2, 1
2020/12/6, 39, 20, 17, 12, 2, 1
2020/12/7, 35, 17, 16, 6, 1, 1
2020/12/8, 37, 39, 3, 13, 2, 2
2020/12/9, 80, 53, , 23, 3, 6
2020/12/10, 116, 24, 16, 14, 2, 1
2020/12/11, 34, 40, 13, 10, 2, 1
2020/12/12, 53, 19, , 8, 2, 1
2020/12/13, 28, 16, 15, 14, 2, 1
2020/12/14, 31, 20, 17, 15, 2, 1
2020/12/15, 37, 22, 19, 13, 2, 1
2020/12/16, 39, 31, 10, 13, 2, 1
2020/12/17, 56, 16, 14, 8, 2, 1
2020/12/18, 30, 26, 7, 13, 2, 2
2020/12/19, 45, 28, 7, 10, 1, 2
2020/12/20, 47, 28, 4, 18, 2, 2
2020/12/21, 42, 24, 6, 12, 2, 1
2020/12/22, 32, 21, 14, 12, 1, 1
2020/12/23, 38, 20, 7, 8, 1, 1
2020/12/24, 44, 12, 19, 4, 1, 1
2020/12/25, 26, 22, 10, 9, 1, 1
2020/12/26, 53, 23, 28, 6, 2, 1
2020/12/27, 54, 25, 22, 14, 2, 1
2020/12/28, 38, 22, 17, 13, 2, 1
2020/12/29, 46, 24, 4, 11, 1, 2
2020/12/30, 54, 18, 21, 12, 1, 2
2020/12/31, 45, 16, 10, 6, 2, 1
2021/1/1, 46, 22, 9, 6, 1, 1
2021/1/2, 50, 20, 5, 6, 1, 2
2021/1/3, 52, 23, 7, 9, 2, 2
2020/7/1, 7, 20, 26, 6, , 1
2020/7/2, 11, 19, 27, 6, , 1
2020/7/3, 14, 18, 25, 4, , 1
2020/7/4, 13, 14, 22, 2, , 1
2020/7/5, 5, 20, 18, 4, , 1
2020/7/6, 9, 25, 33, 5, , 1
2020/7/7, 12, 29, 24, 4, 1, 1
2020/7/8, 26, 26, 30, 6, , 1
2020/7/9, 18, 21, 19, 6, , 1
2020/7/10, 11, 20, 25, 4, 1, 1
2020/7/11, 12, 23, 38, 3, 1, 1
2020/7/12, 19, 27, 35, 5, , 1
2020/7/13, 17, 25, 33, 7, , 1
2020/7/14, 19, 21, 22, 5, , 1
2020/7/15, 13, 25, 29, 5, , 1
2020/7/16, 20, 19, 32, 5, 1, 1
2020/7/17, 12, 23, 49, 7, 1, 1
2020/7/18, 16, 29, 41, 5, 1, 1
2020/7/19, 39, 27, 31, 5, 1, 1
2020/7/20, 29, 26, 31, 6, , 1
2020/7/21, 23, 32, 41, 7, , 1
2020/7/22, 33, 33, 37, 7, , 1
2020/7/23, 32, 25, 29, 7, , 1
2020/7/24, 26, 17, 24, 3, 1, 1
2020/7/25, 11, 11, 31, 3, , 1
2020/7/26, 16, 19, 30, 6, 1, 1
2020/7/27, 17, 16, 19, 5, 1, 1
2020/7/28, 9, 20, 30, 5, 1, 1
2020/7/29, 11, 26, 45, 7, 1, 1
2020/7/30, 24, 23, 31, 7, 1, 1
2020/7/31, 27, 18, 22, 4, 1, 1
2020/8/1, 10, 13, 25, 2, 1, 1
2020/8/2, 9, 17, 24, 5, 1, 1
2020/8/3, 13, 11, 33, 7, 1, 1
2020/8/4, 10, , 39, 8, 1, 1
2020/8/7, 30, 28, 38, 7, 1, 1
2020/8/8, 21, 26, 40, 4, 1, 1
2020/8/9, 27, 25, 29, 6, 1, 2
2020/8/10, 23, 29, 36, 8, 1, 2
2020/8/11, 32, 19, 13, 10, 1, 2
2020/8/12, 12, 17, 28, 8, 1, 1
2020/8/13, 11, 17, 29, 6, 1, 1
2020/8/14, 17, 14, 25, 4, 1, 1
2020/8/15, 14, 14, 22, 5, 1, 1
2020/8/16, 9, 20, 10, 9, 1, 2
2020/8/17, 11, 17, 10, 6, 1, 2
2020/8/18, 14, 23, 7, 6, 1, 2
2020/8/19, 13, 21, 22, 6, 1, 2
2020/8/20, 13, 21, 17, 8, 1, 2
2020/8/21, 18, 17, 26, 6, 1, 1
2020/8/22, 16, 13, 24, 4, , 2
2020/8/23, 11, 18, 30, 9, 1, 2
2020/8/24, 17, 15, 23, 8, 1, 2
2020/8/25, 17, 13, 19, 6, 1, 2
2020/8/26, 10, 11, 24, 5, 1, 2
2020/8/27, 7, 18, 23, 5, 1, 2
2020/8/28, 16, 18, 23, 5, 1, 2
2020/8/29, 21, 15, 28, 3, 1, 2
2020/8/30, 21, 19, 33, 9, 1, 2
2020/8/31, 18, 16, 34, 8, 1, 2
2020/9/1, 16, 18, 32, 8, 1, 2
2020/9/2, 19, 21, 40, 11, 1, 2
2020/9/3, 23, 29, 47, 12, 1, 2
2020/9/4, 32, 21, 29, 5, 1, 2
2020/9/5, 30, 11, 25, 3, 1, 2
2020/9/6, 9, 20, 23, 7, 1, 2
2020/9/7, 22, 21, 34, 9, 1, 2
2020/9/8, 15, 21, 35, 11, 1, 2
2020/9/9, 18, 26, 41, 10, 1, 2
2020/9/10, 33, 26, 42, 13, 1, 2
2020/9/11, 31, 25, 39, 12, 1, 2
2020/9/12, 24, 30, 40, 11, 1, 2
2020/9/13, 28, 44, 31, 12, 1, 3
2020/9/14, 56, 25, 25, 10, 1, 2
2020/9/15, 33, 22, 24, 11, 1, 2
2020/9/16, 18, 29, 26, 11, 2, 2
2020/9/17, 22, 22, 25, 10, 2, 2
2020/9/18, 13, 11, 21, 8, 1, 3
2020/9/19, 9, 13, 20, 7, 1, 3
2020/9/20, 20, 21, 27, 10, 1, 3
2020/9/21, 16, 22, 25, 10, 2, 3
2020/9/22, 19, 19, 20, 8, 2, 3
2020/9/23, 8, 26, 21, 9, 1, 3
2020/9/24, 18, 30, 25, 8, 1, 3
2020/9/25, 31, 22, 13, 9, 1, 3
2020/9/26, 21, 16, 28, 5, 1, 3
2020/9/27, 12, 22, 18, 10, 1, 3
2020/9/28, 24, 21, 25, 11, 1, 3
2020/9/29, 18, 21, 29, 9, 2, 3
2020/9/30, 29, 18, 22, 7, 2, 3
2020/4/1, 48, 14, 32, 6, , 1
2020/4/2, 38, 18, 32, 7, , 1
2020/4/3, 50, 11, 33, 5, , 1
2020/4/4, 32, 10, 30, 4, , 1
2020/4/5, 27, 13, 18, 5, , 1
2020/4/6, 30, 13, 25, 4, , 1
2020/4/7, 27, 17, 24, 5, , 1
2020/4/8, 41, 8, 18, 3, , 1
2020/4/9, 17, 5, 22, 2, , 1
2020/4/10, 8, 9, 24, 2, , 1
2020/4/11, 16, 11, 26, 1, , 1
2020/4/12, 21, 11, 24, 3, , 1
2020/4/13, 23, 12, 22, 5, , 1
2020/4/14, 27, 12, 26, 10, 1, 1
2020/4/15, 24, 14, 26, 11, , 1
2020/4/16, 29, 10, 25, 9, , 1
2020/4/17, 20, 11, 29, 3, , 1
2020/4/18, 26, 11, 25, 1, , 1
2020/4/19, 26, 14, 27, 4, , 1
2020/4/20, 24, 14, 30, 4, , 1
2020/4/21, 30, 16, 28, 6, , 1
2020/4/22, 38, 17, 30, 5, , 1
2020/4/23, 40, 19, 28, 5, , 1
2020/4/24, 39, 14, 27, 3, , 1
2020/4/25, 34, 20, 39, 2, , 
2020/4/26, 47, 12, 31, 6, , 1
2020/4/27, 30, 10, 33, 5, , 1
2020/4/28, 20, 12, 30, 4, , 1
2020/4/29, 18, 12, 28, 3, , 1
2020/4/30, 24, 4, 16, , , 1
2020/5/2, 14, 10, 24, 2, , 1
2020/5/3, 15, 19, 31, 4, , 1
2020/5/4, 25, 17, 31, 7, , 1
2020/5/5, 27, 16, 30, 5, , 1
2020/5/6, 25, 16, 30, 6, , 1
2020/5/7, 24, 21, 22, 7, 1, 1
2020/5/8, 31, 15, 29, 4, , 1
2020/5/9, 27, 8, 29, 1, 1, 1
2020/5/10, 16, 11, 28, 5, 1, 1
2020/5/11, 19, 11, 22, 4, 1, 1
2020/5/12, 11, 13, 30, 5, , 1
2020/5/13, 16, 11, 21, 7, 1, 1
2020/5/14, 10, 13, 30, 5, , 1
2020/5/15, 18, 17, 33, 3, , 1
2020/5/16, 31, 16, 35, 2, , 1
2020/5/17, 31, 18, 40, 7, , 1
2020/5/18, 29, 16, 40, 7, , 1
2020/5/19, 28, 21, 41, 7, , 1
2020/5/20, 49, 22, 38, 6, , 1
2020/5/21, 40, 13, 18, 5, , 1
2020/5/22, 26, 15, 28, 2, , 1
2020/5/23, 24, 14, 26, 2, , 1
2020/5/24, 20, 19, 25, 3, , 1
2020/5/25, 20, 19, 29, 6, , 1
2020/5/26, 25, 20, 33, 8, , 1
2020/5/27, 24, 27, 39, 8, , 1
2020/5/28, 32, 29, 35, 9, , 1
2020/5/29, 31, 25, 38, 6, 1, 1
2020/5/30, 33, 26, 36, 4, 1, 1
2020/5/31, 26, 26, 35, 6, , 1
2020/6/1, 27, 31, 33, 7, , 1
2020/6/2, 36, 30, 29, 5, 1, 1
2020/6/3, 40, 27, 31, 7, , 1
2020/6/4, 38, 24, 30, 6, , 1
2020/6/5, 24, 21, 19, 3, 1, 1
2020/6/6, 26, 14, 30, 2, , 1
2020/6/7, 14, 18, 28, 5, , 1
2020/6/8, 15, 19, 31, 6, , 1
2020/6/9, 17, 21, 33, 5, , 1
2020/6/10, 28, 21, 22, 5, 1, 1
2020/6/11, 23, 20, 23, 8, 1, 1
2020/6/12, 18, 26, 29, 6, 1, 1
2020/6/13, 25, 17, 25, 4, , 1
2020/6/14, 20, 14, 20, 7, , 1
2020/6/15, 9, 16, 27, 7, , 1
2020/6/16, 11, 18, 26, 6, 1, 1
2020/6/17, 10, 17, 28, 5, 1, 1
2020/6/18, 14, 17, 29, 6, 1, 1
2020/6/19, 18, 17, 23, 5, , 1
2020/6/20, 23, 14, 14, 2, , 1
2020/6/21, 16, 21, 31, 7, , 1
2020/6/22, 15, 28, 45, 10, 1, 1
2020/6/23, 37, 31, 36, 4, 1, 1
2020/6/24, 53, 30, 26, 5, 1, 1
2020/6/25, 42, 20, 21, 5, 1, 1
2020/6/26, 30, 11, 12, 3, 1, 1
2020/6/27, 6, 8, 13, 3, 1, 1
2020/6/29, 9, 16, 24, 5, 1, 1
2020/6/30, 16, 18, 18, 4, 1, 1
2020/1/1, 84, 31, , 14, 2, 6
2020/1/2, 88, 42, , 13, 2, 4
2020/1/3, 111, 18, 11, 7, 1, 1
2020/1/4, 46, 22, 3, 10, 1, 1
2020/1/5, 58, 23, 1, 9, 2, 1
2020/1/6, 69, 39, , 14, 2, 1
2020/1/7, 102, 47, , 14, 2, 1
2020/1/8, 116, 50, 17, 18, 3, 2
2020/1/9, 101, 37, 5, 19, 2, 1
2020/1/10, 71, 38, 2, 14, 2, 2
2020/1/11, 94, 41, 2, 14, 4, 1
2020/1/12, 113, 39, 19, 14, 3, 1
2020/1/13, 99, 19, 22, 15, 4, 1
2020/1/14, 41, 24, 25, 23, 3, 1
2020/1/15, 40, 28, 21, 19, 3, 1
2020/1/16, 51, 30, 15, 22, 2, 1
2020/1/17, 54, 22, 26, 12, 2, 1
2020/1/18, 44, 14, 27, 6, 2, 1
2020/1/19, 36, 20, 26, 15, 2, 1
2020/1/20, 46, 19, 23, 13, 2, 1
2020/1/21, 37, 19, 21, 15, 2, 1
2020/1/22, 41, 37, 4, 18, 5, 1
2020/1/23, 72, 42, 9, 21, 3, 1
2020/1/24, 83, 32, 8, 16, 3, 1
2020/1/25, 78, 32, 11, 16, 2, 1
2020/1/26, 79, 15, 17, 21, 3, 1
2020/1/27, 36, 26, 14, 21, 3, 2
2020/1/28, 51, 25, 17, 25, 3, 1
2020/1/29, 58, 18, 11, 25, 3, 1
2020/1/30, 37, 22, 13, 22, 3, 1
2020/1/31, 33, 12, 17, 13, 2, 1
2020/2/1, 12, 23, 19, 12, 3, 1
2020/2/2, 41, 28, 11, 15, 2, 1
2020/2/3, 47, 27, 13, 14, 2, 1
2020/2/4, 52, 20, 16, 14, 3, 1
2020/2/5, 45, 25, 10, 18, 3, 1
2020/2/6, 52, 30, 12, 18, 3, 1
2020/2/7, 64, 27, 26, 17, 2, 1
2020/2/8, 47, 23, 9, 16, 2, 1
2020/2/9, 52, 13, 21, 14, 2, 1
2020/2/10, 22, 26, 12, 15, 2, 1
2020/2/11, 45, 26, 14, 11, 3, 1
2020/2/12, 53, 18, 20, 14, 3, 1
2020/2/13, 41, 19, 15, 16, 3, 1
2020/2/14, 38, 22, 15, 14, 2, 1
2020/2/15, 51, 10, 18, 9, 3, 1
2020/2/16, 18, 16, 24, 15, 2, 1
2020/2/17, 27, 22, 19, 15, 2, 1
2020/2/18, 45, 28, 10, 17, 2, 1
2020/2/19, 65, 25, 20, 18, 2, 1
2020/2/20, 64, 25, 18, 18, 2, 1
2020/2/21, 56, 30, 22, 18, 3, 1
2020/2/22, 76, 24, 19, 16, 2, 1
2020/2/23, 62, 22, 24, 20, 2, 1
2020/2/24, 55, 20, 26, 14, 3, 1
2020/2/25, 46, 17, 27, 15, 2, 1
2020/2/26, 27, 40, 25, 15, 2, 1
2020/2/27, 50, 70, 17, 16, 3, 1
2020/2/28, 90, 32, 30, 7, 3, 1
2020/2/29, 44, 18, 29, 8, 3, 1
2020/3/1, 35, 13, 29, 8, 3, 1
2020/3/2, 21, 19, 16, 17, 3, 1
2020/3/3, 26, 20, 16, 12, 3, 1
2020/3/4, 32, 14, 26, 13, 3, 1
2020/3/5, 27, 21, 28, 14, 2, 1
2020/3/6, 36, 21, 28, 11, 2, 1
2020/3/7, 45, 19, 27, 11, 2, 1
2020/3/8, 45, 27, 26, 14, 2, 1
2020/3/9, 50, 28, 23, 15, 2, 1
2020/3/10, 57, 24, 21, 16, 3, 1
2020/3/11, 55, 21, 28, 11, 3, 1
2020/3/12, 44, 14, 28, 10, 3, 1
2020/3/13, 27, 19, 25, 8, 3, 1
2020/3/14, 50, 17, 27, 6, 3, 1
2020/3/15, 52, 13, 30, 5, 3, 1
2020/3/16, 31, 13, 26, 7, 2, 1
2020/3/17, 27, 23, 21, 11, 4, 1
2020/3/18, 52, 38, 25, 5, 3, 1
2020/3/19, 60, 27, 15, 7, 4, 1
2020/3/20, 58, 19, 18, 5, 4, 1
2020/3/21, 36, 30, 24, 1, 4, 1
2020/3/22, 52, 29, 28, 4, 4, 1
2020/3/23, 59, 18, 30, 6, 3, 1
2020/3/24, 41, 15, 33, 7, 4, 1
2020/3/25, 32, 15, 37, 6, 3, 
2020/3/26, 37, 18, 37, 9, 3, 1
2020/3/27, 44, 16, 37, 7, 3, 1
2020/3/28, 52, 24, 38, 3, 3, 1
2020/3/29, 62, 18, 31, 4, 3, 1
2020/3/30, 41, 11, 21, 8, 3, 1
2020/3/31, 42, 14, 23, 7, 1, 1
2019/10/1, 18, 10, 22, 13, 2, 2
2019/10/2, 23, 10, 14, 12, 2, 2
2019/10/3, 26, 9, 15, 12, 2, 1
2019/10/4, 16, 10, 26, 10, 2, 1
2019/10/5, 21, 9, 26, 10, 2, 1
2019/10/6, 27, 7, 26, 14, 3, 1
2019/10/7, 22, 9, 14, 12, 3, 1
2019/10/8, 18, 13, 25, 12, 2, 1
2019/10/9, 34, 14, 22, 16, 3, 1
2019/10/10, 38, 15, 30, 19, 3, 1
2019/10/11, 37, 22, 32, 14, 3, 1
2019/10/12, 52, 16, 26, 10, 3, 1
2019/10/13, 38, 8, 25, 15, 3, 1
2019/10/14, 25, 14, 14, 16, 2, 1
2019/10/15, 32, 16, 14, 20, 3, 1
2019/10/16, 29, 11, 21, 14, 2, 1
2019/10/17, 27, 14, 22, 14, 2, 1
2019/10/18, 26, 8, 19, 14, 3, 1
2019/10/19, 25, 10, 20, 9, 2, 1
2019/10/20, 29, 12, 19, 10, 2, 1
2019/10/21, 36, 12, 19, 11, 2, 1
2019/10/22, 39, 13, 25, 14, 2, 1
2019/10/23, 38, 16, 20, 17, 2, 1
2019/10/24, 49, 19, 17, 19, 2, 1
2019/10/25, 54, 19, 22, 14, 2, 1
2019/10/26, 56, 22, 6, 13, 2, 2
2019/10/27, 62, 21, 5, 13, 2, 2
2019/10/28, 56, 19, 9, 17, 2, 2
2019/10/29, 47, 18, 2, 18, 2, 2
2019/10/30, 34, 21, 1, 15, 2, 2
2019/10/31, 35, 16, 16, 9, 2, 1
2019/11/1, 27, 11, 24, 10, 3, 1
2019/11/2, 18, 14, 28, 5, 3, 1
2019/11/3, 30, 11, 28, 11, 3, 1
2019/11/4, 29, 11, 18, 13, 2, 1
2019/11/5, 31, 14, 18, 14, 2, 1
2019/11/6, 38, 16, 22, 15, 2, 1
2019/11/7, 39, , 13, 19, 2, 1
2019/11/10, 20, 21, 20, 13, 2, 1
2019/11/11, 38, 29, 7, 17, 2, 2
2019/11/12, 52, 20, 21, 16, 2, 1
2019/11/13, 34, 15, 27, 14, 3, 1
2019/11/14, 25, 16, 22, 11, 2, 1
2019/11/15, 40, 18, 16, 12, 2, 1
2019/11/16, 41, 23, 20, 12, 2, 2
2019/11/17, 56, 19, 12, 12, 2, 1
2019/11/18, 42, 22, 7, 13, 2, 2
2019/11/19, 52, 22, 11, 17, 3, 2
2019/11/20, 57, 20, 11, 19, 3, 3
2019/11/21, 52, 16, 24, 15, 4, 2
2019/11/22, 33, 16, 24, 15, 3, 2
2019/11/23, 34, 22, 7, 17, 3, 3
2019/11/24, 59, 20, 24, 17, 3, 2
2019/11/25, 30, 16, 27, 12, 3, 1
2019/11/26, 25, 16, 26, 16, 3, 2
2019/11/27, 34, 13, 21, 19, 3, 2
2019/11/28, 24, 27, 4, 17, 3, 3
2019/11/29, 44, 20, 25, 13, 2, 2
2019/11/30, 37, 10, 25, 8, 3, 1
2019/12/1, 22, 13, 23, 12, 2, 2
2019/12/2, 29, 16, 10, 13, 2, 2
2019/12/3, 49, 21, 5, 13, 2, 3
2019/12/4, 59, 31, 4, 19, 3, 4
2019/12/5, 77, 36, 2, 14, 3, 5
2019/12/6, 96, 44, 2, 12, 3, 6
2019/12/7, 115, 45, 1, 13, 3, 7
2019/12/8, 113, 32, 4, 15, 2, 4
2019/12/9, 65, 36, , 15, 3, 4
2019/12/10, 84, 31, 16, 21, 2, 4
2019/12/11, 74, 21, 11, 30, 2, 4
2019/12/12, 49, 14, 24, 20, 3, 2
2019/12/13, 23, 12, 27, 15, 3, 2
2019/12/14, 19, 15, 20, 17, 3, 3
2019/12/15, 34, 12, 16, 18, 3, 3
2019/12/16, 32, 27, 16, 19, 3, 4
2019/12/17, 67, 18, 20, 18, 4, 3
2019/12/18, 39, 22, 31, 31, 4, 4
2019/12/19, 54, 17, 29, 27, 4, 4
2019/12/20, 41, 12, 19, 15, 3, 3
2019/12/21, 25, 27, 31, 12, 2, 3
2019/12/22, 48, 34, 1, 25, 3, 6
2019/12/23, 72, 27, 10, 18, 3, 6
2019/12/24, 62, 17, 11, 9, 2, 4
2019/12/25, 35, 29, 9, 17, 2, 4
2019/12/26, 58, 23, 6, 12, 2, 4
2019/12/27, 57, 32, 2, 14, 3, 5
2019/12/28, 84, 35, 4, 14, 3, 7
2019/12/29, 94, , , , , 
2019/7/1, 24, 9, 21, 7, 1, 3
2019/7/2, 24, 12, 36, 9, 1, 2
2019/7/3, 24, 19, 37, 7, 1, 1
2019/7/4, 42, 18, 36, 7, 1, 1
2019/7/5, 44, 15, 38, 5, 1, 1
2019/7/6, 40, 15, 31, 4, 1, 1
2019/7/7, 43, 13, 31, 7, 1, 1
2019/7/8, 39, 15, 37, 6, 1, 1
2019/7/9, 39, 17, 40, 8, 1, 1
2019/7/10, 38, 15, 41, 9, 1, 1
2019/7/11, 36, 18, 37, 10, 1, 1
2019/7/12, 42, 22, 35, 8, 1, 1
2019/7/13, 54, 14, 27, 4, 1, 1
2019/7/14, 26, 13, 31, 7, 1, 1
2019/7/15, 32, 14, 30, 7, 1, 1
2019/7/16, 39, 11, 27, 8, 1, 1
2019/7/17, 30, 8, 26, 12, 1, 1
2019/7/18, 20, 11, 31, 8, 1, 1
2019/7/19, 20, 9, 27, 6, 1, 1
2019/7/20, 22, 9, 28, 4, 1, 1
2019/7/21, 26, 12, 41, 8, 1, 1
2019/7/22, 29, 19, 35, 12, 2, 1
2019/7/23, 51, 15, 31, 10, 2, 1
2019/7/24, 42, 11, 17, 6, 2, 1
2019/7/25, 24, 13, 26, 8, 2, 1
2019/7/26, 29, 12, 19, 5, 2, 1
2019/7/27, 29, 6, 29, 5, 2, 1
2019/7/28, 17, 9, 27, 7, 2, 1
2019/7/29, 23, 11, 28, 7, 1, 1
2019/7/30, 32, 13, 27, 8, 2, 1
2019/7/31, 30, 12, 31, 8, 2, 1
2019/8/1, 27, 11, 37, 8, 2, 1
2019/8/2, 27, 14, 36, 7, 2, 1
2019/8/3, 45, 10, 30, 4, 2, 1
2019/8/4, 33, 9, 28, 7, 2, 1
2019/8/5, 29, 6, 14, 8, 2, 1
2019/8/6, 15, 7, 5, 11, 2, 1
2019/8/7, 13, 9, 4, 7, 2, 1
2019/8/8, 9, 14, 22, 7, 2, 1
2019/8/9, 19, 14, 27, 6, 2, 1
2019/8/10, 27, 11, 26, 4, 2, 1
2019/8/11, 25, 8, 26, 9, 2, 1
2019/8/12, 20, 9, 33, 9, 2, 1
2019/8/13, 26, 11, 20, 9, 2, 1
2019/8/14, 28, 6, 23, 6, 2, 1
2019/8/15, 13, 7, 30, 8, 2, 1
2019/8/16, 12, 5, 22, 5, 2, 1
2019/8/17, 12, 5, 18, 6, 2, 1
2019/8/18, 15, 11, 27, 7, 2, 1
2019/8/19, 21, 10, 26, 8, 2, 1
2019/8/20, 20, 9, 31, 8, 2, 1
2019/8/21, 19, 12, 37, 13, 2, 1
2019/8/22, 23, 13, 51, 16, 2, 1
2019/8/23, 26, 16, 42, 10, 2, 1
2019/8/24, 47, 15, 27, 6, 2, 1
2019/8/25, 38, 10, 35, 11, 2, 1
2019/8/26, 28, 9, 36, 9, 2, 1
2019/8/27, 24, 15, 36, 11, 2, 1
2019/8/28, 39, 13, 33, 10, 2, 1
2019/8/29, 34, 10, 37, 12, 3, 1
2019/8/30, 28, 10, 31, 8, 2, 1
2019/8/31, 32, 9, 23, 4, 2, 1
2019/9/1, 26, 8, 24, 9, 2, 1
2019/9/2, 23, 12, 36, 10, 2, 1
2019/9/3, 25, 14, 29, 10, 2, 1
2019/9/4, 32, 16, 28, 7, , 1
2019/9/5, 25, 16, 27, 9, , 1
2019/9/6, 32, 13, 30, 7, , 1
2019/9/7, 34, 8, 27, 5, , 1
2019/9/8, 21, 9, 25, 9, , 2
2019/9/9, 25, 14, 24, 8, , 1
2019/9/10, 31, 13, 25, 9, , 1
2019/9/11, 26, 13, 31, 13, , 2
2019/9/12, 28, 13, 31, 13, , 2
2019/9/13, 31, 15, 37, 9, , 2
2019/9/14, 35, 20, 33, 8, , 2
2019/9/15, 45, 22, 33, 13, 2, 2
2019/9/16, 44, 12, 29, 14, 2, 2
2019/9/17, 27, 10, 34, 13, 2, 2
2019/9/18, 22, 14, 29, 15, 2, 2
2019/9/19, 30, 16, 30, 13, 2, 2
2019/9/20, 37, 15, 16, 15, 2, 2
2019/9/21, 41, 11, 24, 9, 2, 2
2019/9/22, 24, 12, 18, 14, 1, 2
2019/9/23, 24, 11, 23, 11, 1, 2
2019/9/24, 24, 13, 21, 12, 1, 2
2019/9/25, 26, 14, 17, 11, 2, 2
2019/9/26, 24, 14, 23, 13, 2, 2
2019/9/27, 31, 14, 28, 11, 1, 2
2019/9/28, 33, 11, 14, 9, 1, 2
2019/9/29, 28, 7, 19, 8, 2, 2
2019/9/30, 15, 10, 26, 10, 2, 2
2019/4/1, 41, 17, 37, 12, , 
2019/4/2, 48, 14, 32, 8, , 
2019/4/3, 41, 10, 23, 14, , 
2019/4/4, 31, 8, 29, 14, 1, 
2019/4/5, 33, 6, 34, 10, 1, 
2019/4/6, 33, 6, 21, 12, , 
2019/4/7, 36, 9, 32, 15, , 
2019/4/8, 42, 8, 29, 14, , 
2019/4/9, 28, 7, 30, 13, , 
2019/4/10, 26, 9, 29, 10, , 
2019/4/11, 33, 10, 39, 13, , 
2019/4/12, 40, 12, 29, 10, , 
2019/4/13, 45, 10, 14, 8, 1, 
2019/4/14, 33, 7, 35, 11, , 
2019/4/15, 16, 10, 32, 10, , 
2019/4/16, 23, 9, 25, 13, 1, 
2019/4/17, 22, 8, 35, 8, , 
2019/4/18, 23, 5, 40, 5, , 
2019/4/19, 13, 10, 46, 5, , 
2019/4/20, 29, 14, 50, 7, , 
2019/4/21, 39, 11, 41, 11, 1, 
2019/4/22, 37, 9, 34, 10, 1, 
2019/4/23, 33, 8, 33, 10, 1, 
2019/4/24, 33, 8, 31, 16, , 
2019/4/25, 30, 10, 33, 11, , 
2019/4/26, 30, 12, 30, 8, , 
2019/4/27, 34, 9, 30, 7, , 
2019/4/28, 27, 10, 35, 10, , 
2019/4/29, 29, 13, 31, 9, 1, 
2019/4/30, 38, 14, 15, 4, , 
2019/5/1, 40, 7, 31, 12, , 
2019/5/2, 25, 10, 34, 10, , 
2019/5/3, 29, 8, 39, 7, , 1
2019/5/4, 22, 9, 38, 6, , 1
2019/5/5, 28, 16, 37, 11, , 1
2019/5/6, 49, 15, 28, 9, , 1
2019/5/7, 43, 15, 33, 8, , 1
2019/5/8, 29, 16, 24, 9, 1, 2
2019/5/9, 37, 10, 31, 9, , 1
2019/5/10, 25, 7, 34, 7, , 1
2019/5/11, 20, 8, 37, 7, 1, 1
2019/5/12, 23, 11, 41, 15, 1, 2
2019/5/13, 28, 17, 47, 13, 1, 2
2019/5/14, 39, 19, 44, 14, 1, 2
2019/5/15, 54, 27, 34, 9, 1, 1
2019/5/16, 57, 15, 32, 4, , 1
2019/5/17, 39, 9, 33, 6, , 1
2019/5/18, 25, 8, 36, 5, , 1
2019/5/19, 23, 14, 32, 10, , 2
2019/5/20, 35, 12, 31, 10, 1, 2
2019/5/21, 36, 13, 37, 9, 1, 2
2019/5/22, 30, 11, 31, 9, , 2
2019/5/23, 28, 10, 30, 8, , 1
2019/5/24, 28, 9, 30, 6, , 1
2019/5/25, 25, 8, 29, 4, , 1
2019/5/26, 25, 11, 27, 7, 1, 2
2019/5/27, 31, 12, 31, 7, , 1
2019/5/28, 30, 11, 24, 9, , 1
2019/5/29, 25, 9, 25, 11, , 2
2019/5/30, 20, 11, 41, 13, 1, 2
2019/5/31, 23, 15, 46, 10, 1, 2
2019/6/1, 43, 12, 38, 9, 1, 2
2019/6/2, 36, 11, 24, 8, 1, 2
2019/6/3, 28, 11, 35, 8, 1, 2
2019/6/4, 25, 11, 32, 7, 1, 1
2019/6/5, 23, 12, 25, 10, 2, 1
2019/6/6, 23, 9, 29, 10, 1, 1
2019/6/7, 26, 9, 30, 8, 1, 1
2019/6/8, 27, 10, 31, 6, 1, 1
2019/6/9, 30, 9, 32, 7, , 1
2019/6/10, 23, 7, 31, 7, , 1
2019/6/11, 24, 11, 31, 9, 1, 1
2019/6/12, 31, 10, 31, 8, 1, 2
2019/6/13, 29, 10, 34, 9, 1, 2
2019/6/14, 30, 8, 35, 6, , 2
2019/6/15, 26, 9, 36, 5, 1, 2
2019/6/16, 31, 14, 30, 10, 1, 2
2019/6/17, 36, 12, 25, 12, 1, 2
2019/6/18, 35, 8, 26, 8, 1, 2
2019/6/19, 19, 7, 24, 9, 1, 2
2019/6/20, 12, 11, 31, 8, 1, 2
2019/6/21, 22, 12, 35, 10, 1, 2
2019/6/22, 27, 13, 22, 7, 1, 2
2019/6/23, 26, 12, 18, 10, 1, 3
2019/6/24, 27, 10, 24, 9, 1, 3
2019/6/25, 27, 10, 21, 7, 1, 3
2019/6/26, 23, 12, 24, 10, 1, 3
2019/6/27, 28, 12, 30, 9, 1, 3
2019/6/28, 28, 16, 30, 6, 1, 3
2019/6/29, 38, 14, 15, 5, 1, 3
2019/6/30, 39, 10, 17, 6, 1, 3
2019/1/1, 86, 27, 4, 13, 1, 5
2019/1/2, 83, 25, 2, 12, 2, 4
2019/1/3, 79, 29, 2, 14, 2, 6
2019/1/4, 91, 38, 1, 19, 2, 7
2019/1/5, 114, 40, 2, 16, 3, 7
2019/1/6, 118, 37, , 15, 1, 6
2019/1/7, 114, 42, 1, 17, 2, 3
2019/1/8, 115, 35, 2, 17, 2, 2
2019/1/9, 97, 20, 11, 15, 2, 1
2019/1/10, 61, 24, 12, 18, 2, 2
2019/1/11, 73, 32, 12, 17, 2, 2
2019/1/12, 89, 31, 10, 15, 2, 2
2019/1/13, 91, 32, 6, 19, 3, 2
2019/1/14, 92, 41, 2, 18, 3, 3
2019/1/15, 108, 47, 1, 16, 3, 4
2019/1/16, 122, 51, 10, 18, 2, 2
2019/1/17, 141, 27, 1, 19, 2, 2
2019/1/18, 83, 24, 3, 20, 3, 3
2019/1/19, 80, 15, 17, 12, 2, 1
2019/1/20, 60, 22, 2, 15, 2, 2
2019/1/21, 66, 32, 6, 19, 2, 3
2019/1/22, 88, 17, 20, 11, 2, 1
2019/1/23, 58, 11, 18, 11, 2, 1
2019/1/24, 28, 16, 15, 14, 2, 1
2019/1/25, 44, 19, 12, 15, 2, 1
2019/1/26, 63, 21, 23, 12, 2, 2
2019/1/27, 62, 22, 17, 18, 2, 1
2019/1/28, 53, 17, 18, 15, 2, 1
2019/1/29, 46, 24, 3, 24, 3, 3
2019/1/30, 71, 24, 22, 20, 3, 2
2019/1/31, 77, 11, 30, 13, 3, 1
2019/2/1, 37, 10, 23, 12, 2, 1
2019/2/2, 44, 16, 14, 13, 2, 1
2019/2/3, 60, 30, 2, 18, 2, 3
2019/2/4, 84, 34, 14, 19, 2, 3
2019/2/5, 84, 30, 6, 18, 3, 2
2019/2/6, 80, 30, 17, 19, 5, 2
2019/2/7, 75, 26, 11, 18, 5, 2
2019/2/8, 68, 17, 20, 16, , 1
2019/2/9, 50, 12, 25, 11, , 1
2019/2/10, 38, 16, 21, 15, , 1
2019/2/11, 48, 22, 14, 19, , 2
2019/2/12, 60, 25, 15, 18, , 2
2019/2/13, 71, 27, 24, 21, 1, 2
2019/2/14, 75, 25, 16, 23, , 2
2019/2/15, 66, 27, 14, 18, 1, 
2019/2/16, 73, 29, 26, 14, , 
2019/2/17, 82, 22, 15, 14, , 
2019/2/18, 63, 16, 13, 13, , 
2019/2/19, 55, 20, 7, 14, , 
2019/2/20, 65, 29, 19, 17, 1, 
2019/2/21, 76, 43, 23, 21, 1, 
2019/2/22, 80, 43, 17, 18, , 
2019/2/23, 82, 26, 22, 12, , 
2019/2/24, 68, 21, 16, 20, , 
2019/2/25, 60, 26, 24, 21, 1, 
2019/2/26, 66, 24, 29, 19, , 
2019/2/27, 61, 19, 19, 16, , 
2019/2/28, 54, 17, 20, 15, , 
2019/3/1, 53, 15, 24, 12, , 
2019/3/2, 47, 13, 26, 7, , 
2019/3/3, 46, 12, 32, 10, , 
2019/3/4, 32, 15, 20, 10, , 
2019/3/5, 37, 8, 25, 15, , 
2019/3/6, 26, 9, 12, 21, , 
2019/3/7, 40, 15, 21, 14, , 
2019/3/8, 50, 15, 18, 9, , 
2019/3/9, 41, 10, 18, 6, , 
2019/3/10, 30, 9, 25, 12, , 
2019/3/11, 27, 14, 20, 11, , 
2019/3/12, 45, 11, 22, 12, , 
2019/3/13, 36, 13, 24, 12, , 
2019/3/14, 48, 15, 18, 16, , 
2019/3/15, 52, 15, 39, 11, , 
2019/3/16, 54, 13, 32, 6, , 
2019/3/17, 46, 9, 31, 10, , 
2019/3/18, 37, 8, 31, 7, , 
2019/3/19, 32, 6, 30, 9, , 
2019/3/20, 29, 8, 31, 14, , 
2019/3/21, 34, 11, 34, 16, , 
2019/3/22, 41, 13, 32, 15, , 
2019/3/23, 48, 15, 36, 10, 1, 
2019/3/24, 50, 16, 32, 10, , 
2019/3/25, 51, 17, 35, 10, , 
2019/3/26, 52, 19, 35, 14, , 
2019/3/27, 43, 17, 33, 13, , 
2019/3/28, 45, 18, 37, 16, , 
2019/3/29, 52, 20, 43, 14, 1, 
2019/3/30, 53, 16, 40, 11, , 
2019/3/31, 48, 15, 33, 13, , 
2018/10/1, 45, 15, 26, 8, 1, 
2018/10/2, 37, 15, 20, 16, 1, 1
2018/10/3, 26, 13, 22, 22, 1, 1
2018/10/4, 21, 17, 32, 21, 2, 1
2018/10/5, 40, 16, 22, 13, 2, 1
2018/10/6, 48, 11, 28, 6, 1, 1
2018/10/7, 28, 12, 27, 17, 2, 1
2018/10/8, 25, 14, 28, 20, 2, 1
2018/10/9, 28, 21, 34, 19, 2, 1
2018/10/10, 44, 21, 28, 17, 2, 1
2018/10/11, 44, 13, 19, 12, 2, 1
2018/10/12, 33, 10, 25, 13, 2, 1
2018/10/13, 24, 10, 26, 8, 2, 1
2018/10/14, 27, 10, 16, 14, 2, 1
2018/10/15, 27, 11, 12, 12, 2, 1
2018/10/16, 27, 12, 4, 13, 2, 1
2018/10/17, 35, 11, 19, 11, 2, 1
2018/10/18, 30, 16, 24, 11, 2, 1
2018/10/19, 46, 20, 25, 11, 2, 1
2018/10/20, 57, 21, 19, 11, 2, 1
2018/10/21, 55, 21, 21, 12, 2, 1
2018/10/22, 55, 17, 19, 16, 2, 1
2018/10/23, 49, 15, 10, 16, 2, 1
2018/10/24, 42, 13, 7, 16, 2, 1
2018/10/25, 39, 17, 16, 12, 2, 1
2018/10/26, 37, 27, 26, 8, 2, 1
2018/10/27, 32, 7, 25, 5, 2, 1
2018/10/28, 26, 8, 19, 11, 2, 1
2018/10/29, 33, 11, 17, 16, 3, 1
2018/10/30, 37, 16, 13, 15, 2, 1
2018/10/31, 52, 17, 14, 11, 2, 1
2018/11/1, 53, 16, 10, 16, 2, 2
2018/11/2, 49, 17, 10, 10, 1, 1
2018/11/3, 54, 16, 12, 9, 2, 1
2018/11/4, 60, 10, 22, 16, 2, 1
2018/11/5, 35, 16, 10, 21, 2, 1
2018/11/6, 45, 16, 25, 16, 2, 1
2018/11/7, 44, 20, 13, 21, 2, 1
2018/11/8, 57, 20, 3, 26, 2, 3
2018/11/9, 55, 20, 25, 17, 2, 1
2018/11/10, 50, 17, 18, 16, 2, 1
2018/11/11, 51, 20, 14, 16, 2, 2
2018/11/12, 59, 24, 4, 13, 2, 2
2018/11/13, 62, 24, 8, 11, 2, 1
2018/11/14, 65, 28, 6, 14, 2, 2
2018/11/15, 59, 31, 6, 15, 2, 2
2018/11/16, 62, 24, 15, 10, 2, 1
2018/11/17, 53, 28, 5, 13, 3, 3
2018/11/18, 59, 28, 5, 11, 3, 2
2018/11/19, 63, 20, 12, 15, 3, 1
2018/11/20, 46, 17, 16, 18, 2, 2
2018/11/21, 50, 10, 20, 19, 2, 1
2018/11/22, 39, 12, 17, 21, 2, 2
2018/11/23, 41, 17, 4, 19, 3, 3
2018/11/24, 52, 21, 16, 9, 2, 2
2018/11/25, 61, 18, 23, 16, 2, 2
2018/11/26, 53, 27, 2, 16, 2, 3
2018/11/27, 69, 24, 17, 15, 2, 1
2018/11/28, 60, 18, 19, 19, 3, 2
2018/11/29, 47, 28, 8, 17, 2, 4
2018/11/30, 64, 28, 19, 16, 2, 3
2018/12/1, 66, 19, 19, 16, 2, 2
2018/12/2, 51, 21, , 23, 2, 4
2018/12/3, 49, 17, 7, 15, 2, 2
2018/12/4, 50, 23, 3, 15, 2, 3
2018/12/5, 57, 33, 11, 12, 2, 3
2018/12/6, 68, 25, 1, 16, 2, 4
2018/12/7, 66, 26, 5, 10, 1, 3
2018/12/8, 70, 32, 5, 12, 2, 4
2018/12/9, 82, 25, 1, 15, 2, 3
2018/12/10, 70, 28, 1, 14, 2, 4
2018/12/11, 75, 40, 2, 18, 3, 5
2018/12/12, 92, 26, 23, 17, 2, 2
2018/12/13, 67, 19, 2, 18, 2, 3
2018/12/14, 53, 24, 8, 20, 2, 3
2018/12/15, 62, 20, 22, 15, 2, 2
2018/12/16, 60, 14, 8, 18, 2, 3
2018/12/17, 70, 12, 20, 18, 2, 2
2018/12/18, 41, 16, 13, 23, 2, 3
2018/12/19, 52, 18, 12, 25, 2, 4
2018/12/20, 54, 21, 8, 23, 2, 3
2018/12/21, 46, 21, 10, 19, 2, 4
2018/12/22, 48, 18, 5, 12, 2, 3
2018/12/23, 49, 17, 2, 11, 1, 4
2018/12/24, 56, 26, 2, 9, 2, 5
2018/12/25, 76, 23, 2, 11, 2, 4
2018/12/26, 75, 26, 1, 11, 2, 5
2018/12/27, 79, 27, 9, 13, 2, 4
2018/12/28, 69, 25, 7, 9, 1, 4
2018/12/29, 71, 23, 4, 10, 2, 4
2018/12/30, 75, , , , , 
2018/7/1, 12, 9, 17, 9, 2, 1
2018/7/2, 8, 10, 27, 7, , 1
2018/7/3, 13, 10, 27, 6, , 1
2018/7/4, 20, 9, 23, 8, , 1
2018/7/5, 16, 14, 24, 10, , 1
2018/7/6, 31, 12, 24, 6, , 1
2018/7/7, 28, 11, 24, 5, , 1
2018/7/8, 26, 13, 30, 8, , 1
2018/7/9, 26, 16, 32, 8, , 1
2018/7/10, 38, 17, 25, 7, , 1
2018/7/11, 45, 12, 28, 5, , 1
2018/7/12, 28, 16, 21, 10, , 1
2018/7/13, 40, 15, 31, 5, , 1
2018/7/14, 42, 15, 26, 4, , 1
2018/7/15, 43, 13, 24, 8, , 1
2018/7/16, 34, 12, 23, 7, , 1
2018/7/17, 30, 13, 26, 7, , 1
2018/7/18, 25, 17, 19, 7, , 1
2018/7/19, 36, 10, 24, 6, , 
2018/7/20, 22, 10, 17, 5, , 1
2018/7/21, 24, 6, 20, 4, , 1
2018/7/22, 18, 10, 32, 7, , 1
2018/7/23, 19, 15, 23, 8, , 1
2018/7/24, 30, 12, 31, 6, , 1
2018/7/25, 25, 12, 27, 9, , 1
2018/7/26, 29, 9, 21, 7, , 1
2018/7/27, 20, 8, 22, 6, , 
2018/7/28, 14, 9, 22, 3, , 1
2018/7/29, 16, 7, 12, 6, , 1
2018/7/30, 10, 7, 21, 5, , 1
2018/7/31, 6, 8, 27, 5, , 1
2018/8/1, 15, 15, 40, 12, 1, 10
2018/8/2, 34, 23, 34, 12, , 1
2018/8/3, 46, 36, 30, 9, , 
2018/8/4, 65, 25, 50, 8, , 
2018/8/5, 57, , , , , 
2018/8/7, 28, 15, 24, 8, 1, 1
2018/8/8, 43, 11, 23, 7, 1, 1
2018/8/9, 27, 9, 28, 9, , 1
2018/8/10, 20, 10, 35, 8, 1, 1
2018/8/11, 29, 13, 20, 8, 1, 1
2018/8/12, 40, 9, 20, 7, 1, 
2018/8/13, 23, 7, 24, 7, 1, 1
2018/8/14, 22, 7, 35, 5, 1, 1
2018/8/15, 11, 10, 24, 7, 1, 1
2018/8/16, 18, 9, 21, 4, 1, 1
2018/8/17, 17, 10, 27, 4, , 1
2018/8/18, 24, 9, 31, 5, 1, 1
2018/8/19, 18, 12, 28, 10, 1, 1
2018/8/20, 28, 16, 35, 11, 1, 1
2018/8/21, 42, 20, 41, 12, 1, 1
2018/8/22, 52, 17, 27, 9, 1, 1
2018/8/23, 47, 12, 25, 7, , 1
2018/8/24, 33, 12, 27, 4, , 1
2018/8/25, 29, 9, 28, 5, 1, 1
2018/8/26, 22, 12, 30, 13, 1, 1
2018/8/27, 20, 15, 33, 9, 1, 1
2018/8/28, 25, 10, 29, 7, , 1
2018/8/29, 30, 12, 27, 6, 1, 1
2018/8/30, 28, 11, 29, 8, 1, 1
2018/8/31, 25, 13, 32, 7, 1, 1
2018/9/1, 27, 12, 31, 10, 1, 1
2018/9/2, 20, 19, 30, 11, 1, 1
2018/9/3, 41, 17, 36, 10, 1, 
2018/9/4, 45, 16, 28, 11, 1, 1
2018/9/5, 41, 13, 30, 9, 1, 
2018/9/6, 28, 10, 32, 10, 1, 1
2018/9/7, 15, 12, 38, 11, 1, 1
2018/9/8, 30, 16, 29, 10, , 1
2018/9/9, 26, 17, 28, 15, 1, 1
2018/9/10, 29, 19, 35, 17, 1, 1
2018/9/11, 30, 17, 42, 17, 1, 1
2018/9/12, 32, 18, 31, 12, 1, 1
2018/9/13, 40, 13, 27, 9, 1, 1
2018/9/14, 40, 14, 33, 9, 1, 1
2018/9/15, 48, 14, 26, 11, 1, 1
2018/9/16, 39, 11, 25, 12, 1, 1
2018/9/17, 35, 11, 23, 11, 1, 1
2018/9/18, 24, 13, 20, 11, 1, 1
2018/9/19, 30, 15, 25, 11, 1, 1
2018/9/20, 30, 13, 21, 12, 1, 1
2018/9/21, 24, 12, 22, 9, 1, 1
2018/9/22, 20, 11, 24, 9, 1, 1
2018/9/23, 24, 7, 21, 6, 1, 1
2018/9/24, 12, 12, 27, 7, 1, 1
2018/9/25, 30, 19, 36, 16, 1, 1
2018/9/26, 36, 23, 29, 17, 1, 1
2018/9/27, 55, 23, 20, 15, 1, 1
2018/9/28, 48, 20, 32, 11, 2, 1
2018/9/29, 48, 16, 30, 8, 1, 1
2018/9/30, 47, 17, 28, 11, 1, 1
2018/4/1, 48, 13, 28, 13, 1, 1
2018/4/2, 41, 12, 29, 14, 1, 1
2018/4/3, 38, 11, 28, 14, 1, 1
2018/4/4, 32, 13, 27, 10, 1, 1
2018/4/5, 41, 19, 22, 23, 1, 1
2018/4/6, 54, 12, 25, 12, 1, 1
2018/4/7, 45, 8, 29, 8, 1, 1
2018/4/8, 31, 7, 32, 12, 1, 1
2018/4/9, 28, 7, 28, 11, 1, 1
2018/4/10, 28, 9, 20, 13, 1, 2
2018/4/11, 44, 13, 19, 16, 2, 1
2018/4/12, 46, 12, 14, 15, 2, 1
2018/4/13, 43, 13, 26, 8, 1, 1
2018/4/14, 43, 13, 27, 6, 1, 1
2018/4/15, 39, 14, 31, 10, 1, 1
2018/4/16, 41, 19, 27, 13, 1, 1
2018/4/17, 50, 20, 33, 11, 1, 1
2018/4/18, 49, 22, 22, 14, 1, 1
2018/4/19, 52, 24, 29, 16, 1, 1
2018/4/20, 53, 30, 21, 13, 1, 1
2018/4/21, 63, 33, 26, 10, 1, 1
2018/4/22, 65, 25, 24, 9, 1, 1
2018/4/23, 55, 26, 27, 8, 1, 
2018/4/24, 53, 22, 23, 6, 1, 
2018/4/25, 49, 13, 29, 8, 1, 1
2018/4/26, 32, 17, 32, 11, 1, 1
2018/4/27, 42, 17, 34, 7, 1, 
2018/4/28, 38, 9, 29, 5, 1, 
2018/4/29, 27, 7, 25, 10, 1, 1
2018/4/30, 33, 10, 32, 6, 1, 1
2018/5/1, 45, 11, 24, 13, 1, 1
2018/5/2, 40, 14, 32, 8, 1, 1
2018/5/3, 36, 15, 31, 10, 1, 1
2018/5/4, 36, 15, 33, 8, 1, 
2018/5/5, 41, 17, 36, 7, 1, 
2018/5/6, 46, 23, 36, 12, 1, 1
2018/5/7, 55, 26, 32, 11, 1, 1
2018/5/8, 63, 17, 27, 8, 1, 1
2018/5/9, 43, 17, 32, 9, 1, 1
2018/5/10, 49, 22, 27, 11, 1, 1
2018/5/11, 57, 15, 29, 6, , 1
2018/5/12, 35, 11, 26, 6, , 
2018/5/13, 31, 14, 25, 10, , 1
2018/5/14, 37, 9, 28, 10, 1, 
2018/5/15, 23, 8, 24, 7, 1, 1
2018/5/16, 18, 12, 35, 5, 1, 1
2018/5/17, 32, 17, 36, 10, 1, 1
2018/5/18, 50, 19, 34, 7, 1, 1
2018/5/19, 53, 14, 36, 7, 1, 
2018/5/20, 41, 17, 36, 11, 2, 1
2018/5/21, 44, 20, 34, 10, 1, 1
2018/5/22, 56, 20, 31, 11, 1, 1
2018/5/23, 50, 18, 28, 9, 1, 1
2018/5/24, 43, 15, 23, 12, 1, 1
2018/5/25, 40, 11, 26, 9, 1, 1
2018/5/26, 22, 12, 32, 5, 1, 1
2018/5/27, 31, 14, 26, 9, 1, 1
2018/5/28, 41, 13, 19, 9, 1, 1
2018/5/29, 35, 16, 23, 10, 1, 1
2018/5/30, 46, 12, 21, 9, 1, 1
2018/5/31, 33, 10, 23, 8, 1, 1
2018/6/1, 20, 9, 26, 6, 1, 1
2018/6/2, 28, 9, 26, 3, 1, 
2018/6/3, 28, 6, 20, 10, 1, 1
2018/6/4, 13, 11, 12, 14, 1, 1
2018/6/5, 17, 12, 17, 11, 1, 1
2018/6/6, 26, 13, 13, 14, 1, 1
2018/6/7, 32, 11, 13, 10, 2, 1
2018/6/8, 20, 10, 18, 9, 2, 1
2018/6/9, 22, 8, 21, 6, 2, 1
2018/6/10, 13, 10, 16, 9, 1, 1
2018/6/11, 13, 10, 19, 10, 1, 1
2018/6/12, 19, 14, 23, 8, 1, 1
2018/6/13, 32, 12, 24, 8, 1, 1
2018/6/14, 33, 11, 15, 7, 1, 1
2018/6/15, 20, 7, 19, 5, 1, 
2018/6/16, 11, 6, 23, 3, 1, 
2018/6/17, 13, 7, 20, 7, 1, 1
2018/6/18, 9, 9, 24, 7, 1, 1
2018/6/19, 15, 17, 24, 11, 2, 1
2018/6/20, 36, 18, 22, 8, 2, 1
2018/6/21, 42, 14, 25, 8, 2, 1
2018/6/22, 24, 14, 32, 7, 2, 1
2018/6/23, 34, 19, 38, 7, 3, 1
2018/6/24, 41, 24, 35, 7, 3, 1
2018/6/25, 60, 14, 19, 7, 3, 1
2018/6/26, 32, 12, 21, 7, 3, 1
2018/6/27, 19, 13, 18, 8, 3, 1
2018/6/28, 25, 13, 22, 12, 3, 1
2018/6/29, 21, 13, 23, 9, 3, 1
2018/6/30, 18, 9, 19, 6, 3, 1
2018/1/7, 48, 15, 4, 14, 4, 1
2018/1/8, 52, 16, 6, 18, 4, 1
2018/1/9, 59, 14, 20, 18, 4, 2
2018/1/10, 51, 17, 16, 17, 3, 1
2018/1/11, 46, 22, 12, 15, 3, 1
2018/1/12, 63, 10, 17, 10, 3, 1
2018/1/13, 49, 7, 15, 5, 3, 1
2018/1/14, 42, 31, , 21, 5, 3
2018/1/15, 93, 21, 8, 17, 4, 1
2018/1/16, 44, 23, 20, 15, 1, 1
2018/1/17, 44, 24, 2, 15, 1, 1
2018/1/18, 72, 29, 11, 18, 1, 2
2018/1/19, 73, 29, , 14, 1, 3
2018/1/20, 82, , 5, 14, 1, 5
2018/1/21, 156, 12, 9, 15, 1, 1
2018/1/22, 37, 22, 7, 15, 1, 1
2018/1/23, 54, 23, 6, 17, 1, 1
2018/1/24, 64, 12, 15, 17, , 1
2018/1/25, 36, 15, 8, 16, , 1
2018/1/26, 53, 23, 9, 12, , 2
2018/1/27, 65, 13, 14, 11, , 1
2018/1/28, 38, 21, 4, 16, , 1
2018/1/29, 62, 25, 2, 16, , 2
2018/1/30, 74, 27, 8, 14, 1, 1
2018/1/31, 80, 21, 22, 15, , 1
2018/2/1, 63, 12, 15, 13, , 1
2018/2/2, 45, 22, 11, 16, 1, 2
2018/2/3, 74, 6, 21, 7, , 1
2018/2/4, 31, 11, 22, 9, , 1
2018/2/5, 36, 14, 15, 15, , 1
2018/2/6, 47, 11, 23, 13, , 1
2018/2/7, 43, 18, 12, 17, , 1
2018/2/8, 58, 21, 13, 16, , 1
2018/2/9, 70, 21, 10, 15, , 1
2018/2/10, 60, 23, 17, 15, , 1
2018/2/11, 71, 16, 12, 14, , 1
2018/2/12, 48, 13, 15, 18, 1, 1
2018/2/13, 48, 10, 21, 12, 1, 1
2018/2/14, 24, 11, 8, 19, 1, 2
2018/2/15, 31, 12, 11, 15, , 1
2018/2/16, 33, 9, 25, 9, , 1
2018/2/17, 29, 9, 23, 8, , 1
2018/2/18, 41, 13, 21, 13, , 1
2018/2/19, 44, 15, 24, 11, , 1
2018/2/20, 45, 15, 26, 11, , 1
2018/2/21, 42, 23, 22, 14, 1, 1
2018/2/22, 55, 28, 22, 18, 1, 1
2018/2/23, 70, 24, 25, 18, 1, 1
2018/2/24, 77, 28, 23, 19, 1, 2
2018/2/25, 84, 26, 21, 19, 2, 1
2018/2/26, 71, 22, 23, 10, 2, 1
2018/2/27, 70, 18, 19, 14, 2, 1
2018/2/28, 66, 12, 16, 16, 2, 1
2018/3/1, 55, 11, 32, 12, 2, 1
2018/3/2, 41, 10, 26, 17, 2, 1
2018/3/3, 41, 13, 24, 13, 1, 1
2018/3/4, 51, 10, 20, 19, 2, 1
2018/3/5, 41, 11, 24, 14, 1, 1
2018/3/6, 47, 18, 14, 16, 1, 1
2018/3/7, 62, 15, 22, 13, 2, 1
2018/3/8, 48, 14, 9, 19, 2, 1
2018/3/9, 43, 11, 28, 8, 1, 1
2018/3/10, 31, 9, 32, 3, 1, 1
2018/3/11, 34, 16, 24, 14, 1, 1
2018/3/12, 46, 18, 23, 13, 1, 1
2018/3/13, 50, 19, 28, 14, 1, 1
2018/3/14, 53, 10, 30, 16, 1, 1
2018/3/15, 35, 9, 24, 17, 1, 1
2018/3/16, 40, 8, 26, 11, 1, 1
2018/3/17, 39, 12, 27, 8, 1, 1
2018/3/18, 53, 12, 26, 13, 1, 1
2018/3/19, 49, 14, 26, 9, , 1
2018/3/20, 48, 17, 29, 11, , 1
2018/3/21, 56, 17, 31, 11, , 1
2018/3/22, 54, 20, 26, 13, , 1
2018/3/23, 61, 12, 28, 7, 1, 1
2018/3/24, 41, 7, 31, 7, , 1
2018/3/25, 28, 15, 25, 12, , 1
2018/3/26, 48, 14, 19, 11, , 1
2018/3/27, 42, 14, 23, 9, , 1
2018/3/28, 45, 9, 31, 7, 1, 1
2018/3/29, 31, 6, 35, 5, 1, 1
2018/3/30, 25, 9, 31, 9, , 1
2018/3/31, 35, 14, 26, 10, 1, 1
2025/10/5, , 28, 26, 13, 2, 1
2024/12/31, , 27, 12, 9, , 4
2024/9/5, , 15, 23, 7, , 4
2024/9/8, , 27, 26, 10, 1, 2
2024/2/25, , 25, 29, 7, 2, 1
2023/10/9, , 34, 24, 13, 1, 
2023/10/10, , 29, 24, 14, 1, 
2023/10/21, , 25, 9, 4, 2, 1
2023/10/22, , 22, 8, 5, 2, 1
2023/10/23, , 24, , 8, 2, 1
2023/12/9, , 20, 20, 7, 1, 2
2023/12/14, , 38, 5, 11, 1, 3
2023/8/29, , 11, 26, 6, 1, 1
2023/6/4, , 9, 26, 11, , 4
2021/8/24, , 36, 41, 7, 1, 1
2021/9/14, , 14, 23, 7, 2, 1
2021/9/15, , 20, 25, 7, 2, 1
2021/9/16, , 23, 12, 8, 2, 1
2020/8/6, , 34, 37, 9, 1, 1
2020/5/1, , 9, 18, 2, , 1
2020/6/28, , 13, 25, 6, 1, 1
2019/12/31, , 28, 4, 13, 4, 4
2019/11/9, , 15, 16, 11, 2, 1
2018/12/31, , 27, 1, 11, 2, 6
2018/8/6, , 12, 26, 7, 1, 1
2018/1/6, , 10, 16, 8, 3, 1
2025/10/4, , , 25, 3, 1, 1
2024/2/24, , , 29, 3, 2, 1
2023/10/8, , , 21, 13, , 
2020/8/5, , , 55, 11, 1, 2
2019/11/8, , , 13, 14, 2, 1
2016/10/21, , , , , , 1
2016/10/22, , , , , , 1
2016/10/25, , , , , , 1
2016/10/26, , , , , , 1
2016/10/27, , , , , , 2
