date, pm10, o3, no2, so2, co
2025/11/1, 8, 29, 2, , 
2025/11/2, 15, 20, 4, , 
2025/11/3, 23, 30, 2, , 
2025/11/4, 18, 34, 3, , 
2025/11/5, 18, 29, 4, , 
2025/11/6, 12, 28, 7, , 
2025/11/7, 11, 26, 8, , 
2025/11/8, 13, 21, 11, , 
2025/11/9, 19, 21, 14, 1, 
2025/11/10, 21, 30, 8, , 
2025/11/11, 13, 29, 13, , 
2025/11/12, 20, 29, 8, , 
2025/11/13, 19, , , , 
2025/10/1, 15, 32, 8, , 
2025/10/2, 21, 31, 5, , 
2025/10/3, 22, 27, , , 
2025/10/4, 17, 26, , , 
2025/10/5, 14, 26, , , 
2025/10/6, 17, 27, 25, , 
2025/10/7, 23, 28, 15, , 
2025/10/8, 20, 29, 13, , 
2025/10/9, 15, 26, 15, , 
2025/10/10, 20, 27, 12, , 
2025/10/11, 19, 28, 10, , 
2025/10/12, 18, 27, 15, , 
2025/10/13, 18, 24, 13, , 
2025/10/14, 26, 26, 11, , 
2025/10/15, 21, 28, 11, , 
2025/10/16, 21, 29, 9, 1, 
2025/10/17, 34, 26, 5, , 
2025/10/18, 28, 32, 2, , 
2025/10/19, 27, 24, 4, , 
2025/10/20, 16, 25, 3, , 
2025/10/21, 17, 18, 4, 1, 
2025/10/22, 14, 31, , , 
2025/10/23, 32, 29, 4, , 
2025/10/24, 24, 25, 2, , 
2025/10/25, 14, 25, 2, , 
2025/10/26, 10, 27, 5, , 
2025/10/27, 16, 20, 4, , 
2025/10/28, 21, 26, 4, , 
2025/10/29, 16, 28, 3, , 
2025/10/30, 15, 29, , , 
2025/10/31, 8, 27, 3, , 
2025/7/1, 13, , 3, , 
2025/7/2, 10, , 4, , 
2025/7/3, 22, , 6, , 
2025/7/4, 24, , 2, , 
2025/7/5, 20, , 1, , 
2025/7/6, 18, , 5, , 
2025/7/7, 10, , 5, , 
2025/7/8, 17, , 5, , 
2025/7/9, 15, , 6, , 
2025/7/10, 22, , 5, , 
2025/7/11, 21, , 1, , 
2025/7/12, 18, , 2, , 
2025/7/13, 17, , 4, , 
2025/7/14, 14, , 5, , 
2025/7/15, 18, , 4, , 
2025/7/16, 19, , 2, , 
2025/7/17, 19, , 4, , 
2025/7/18, 11, , 2, , 
2025/7/19, 12, , 1, , 
2025/7/20, 17, , 3, , 
2025/7/21, 15, , 5, , 
2025/7/22, 15, , 3, , 
2025/7/23, 10, , 4, , 
2025/7/24, 13, , 2, , 
2025/7/25, 20, , 3, , 
2025/7/26, 18, , , , 
2025/7/27, 14, 20, 2, , 
2025/7/28, 9, 24, 4, , 
2025/7/29, 10, 15, 3, , 
2025/7/30, 7, 20, 5, , 
2025/7/31, 10, 18, 4, , 
2025/8/1, 10, 25, 2, , 
2025/8/2, 12, 26, 1, , 
2025/8/3, 15, 30, 4, , 
2025/8/4, 17, 23, 5, , 
2025/8/5, 16, 26, 6, , 
2025/8/6, 21, 28, 6, , 
2025/8/7, 27, 28, 6, , 
2025/8/8, 18, 20, 2, , 
2025/8/9, 15, 19, 2, , 
2025/8/10, 22, 25, 4, , 
2025/8/11, 25, 26, 4, , 
2025/8/12, 32, 21, 3, , 
2025/8/13, 28, 20, 6, , 
2025/8/14, 26, 32, 11, , 
2025/8/15, 32, 28, 1, , 
2025/8/16, 29, 23, 1, , 
2025/8/17, 30, 18, 6, , 
2025/8/18, 18, 16, 3, , 
2025/8/19, 16, 20, 1, , 
2025/8/20, 10, 25, 4, , 
2025/8/21, 17, 26, 6, , 
2025/8/22, 20, 27, 3, , 
2025/8/23, 18, 26, 2, , 
2025/8/24, 17, 29, 4, , 
2025/8/25, 22, 24, 3, , 
2025/8/26, 18, 18, 3, , 
2025/8/27, 16, 23, 3, , 
2025/8/28, 17, 21, 2, , 
2025/8/29, 19, 17, 1, , 
2025/8/30, 12, 20, 1, , 
2025/8/31, 12, 21, 3, , 
2025/9/1, 14, 21, 3, , 
2025/9/2, 21, 19, 7, , 
2025/9/3, 28, 20, 7, , 
2025/9/4, 15, 19, 6, , 
2025/9/5, 17, 25, 7, , 
2025/9/6, 21, 23, 5, , 
2025/9/7, 16, 17, 8, , 
2025/9/8, 9, 20, 9, , 
2025/9/9, 12, 20, 5, , 
2025/9/10, 18, 17, 3, , 
2025/9/11, 23, 16, 5, , 
2025/9/12, 15, 20, 8, , 
2025/9/13, 19, 16, 7, , 
2025/9/14, 14, 19, 5, , 
2025/9/15, 15, 21, 8, , 
2025/9/16, 24, 23, 9, , 
2025/9/17, 26, 24, 7, , 
2025/9/18, 28, 23, 9, , 
2025/9/19, 33, 22, 5, , 
2025/9/20, 18, 23, 6, , 
2025/9/21, 9, 19, 8, , 
2025/9/22, 8, 24, 11, , 
2025/9/23, 10, 30, 10, , 
2025/9/24, 14, 32, 6, , 
2025/9/25, 16, 35, 5, , 
2025/9/26, 17, 33, 5, , 
2025/9/27, 16, 29, 4, , 
2025/9/28, 19, 30, 5, , 
2025/9/29, 17, 34, 5, , 
2025/9/30, 19, 20, 4, 1, 
2025/4/1, 19, , 4, , 
2025/4/2, 20, , 5, , 
2025/4/3, 10, , 6, , 
2025/4/4, 13, , 3, , 
2025/4/5, 6, , 3, , 
2025/4/6, 8, , 4, , 
2025/4/7, 13, , 5, , 
2025/4/8, 21, , 5, , 
2025/4/9, 21, , 5, , 
2025/4/10, 27, , 6, , 
2025/4/11, 25, , 3, , 
2025/4/12, 21, , 3, , 
2025/4/13, 17, , 4, , 
2025/4/14, 17, , 1, , 
2025/4/15, 12, , 3, , 
2025/4/16, 8, , 3, , 
2025/4/17, 13, , 2, , 
2025/4/18, 11, , 3, , 
2025/4/19, 7, , , , 
2025/4/20, 11, , 4, , 
2025/4/21, 16, , 4, , 
2025/4/22, 12, , 1, , 
2025/4/23, 15, , 2, , 
2025/4/24, 12, , 2, , 
2025/4/25, 15, , , , 
2025/4/26, 11, , 1, , 
2025/4/27, 14, , 3, , 
2025/4/28, 18, , 2, , 
2025/4/29, 18, , 3, , 
2025/4/30, 17, , 2, , 
2025/5/1, 23, , 2, , 
2025/5/2, 20, , , , 
2025/5/5, 15, , 4, , 
2025/5/6, 12, , 4, , 
2025/5/7, 18, , 5, , 
2025/5/8, 24, , 7, , 
2025/5/9, 21, , 3, , 
2025/5/10, 16, , 1, , 
2025/5/11, 11, , 4, , 
2025/5/12, 15, , 2, , 
2025/5/13, 11, , 4, , 
2025/5/14, 10, , 2, , 
2025/5/15, 8, , 1, , 
2025/5/16, 18, , , , 
2025/5/19, 12, , 1, , 
2025/5/20, 15, , 2, , 
2025/5/21, 17, , 3, , 
2025/5/22, 16, , 4, , 
2025/5/23, 15, , 3, , 
2025/5/24, 14, , 2, , 
2025/5/25, 14, , 2, , 
2025/5/26, 12, , 2, , 
2025/5/27, 19, , 2, , 
2025/5/28, 19, , 7, , 
2025/5/29, 23, , 3, , 
2025/5/30, 26, , 3, , 
2025/5/31, 12, , 2, , 
2025/6/1, 9, , 7, , 
2025/6/2, 15, , 6, , 
2025/6/3, 18, , 6, , 
2025/6/4, 12, , 7, , 
2025/6/5, 16, , 3, , 
2025/6/6, 19, , 1, , 
2025/6/7, 16, , , , 
2025/6/9, 28, , 4, , 
2025/6/10, 34, , 4, , 
2025/6/11, 27, , 7, , 
2025/6/12, 30, , 3, , 
2025/6/13, 38, , 4, , 
2025/6/14, 17, , 2, , 
2025/6/15, 12, , 2, , 
2025/6/16, 19, , 4, , 
2025/6/17, 21, , 8, , 
2025/6/18, 25, , 9, , 
2025/6/19, 35, , 7, , 
2025/6/20, 29, , 1, , 
2025/6/21, 20, , 2, , 
2025/6/22, 20, , 4, , 
2025/6/23, 20, , 6, , 
2025/6/24, 29, , 3, , 
2025/6/25, 18, , 3, , 
2025/6/26, 14, , 2, , 
2025/6/27, 13, , 1, , 
2025/6/28, 19, , 2, , 
2025/6/29, 21, , 2, , 
2025/6/30, 22, , 3, , 
2025/1/1, 30, 16, 9, , 
2025/1/2, 15, 14, 10, , 
2025/1/3, 15, 27, 6, , 
2025/1/4, 13, 33, 4, , 
2025/1/5, 15, 31, 4, , 
2025/1/6, 16, 23, 8, , 
2025/1/7, 15, 27, 8, , 
2025/1/8, 16, 24, 9, , 
2025/1/9, 21, 14, 12, , 
2025/1/10, 22, 26, 6, , 
2025/1/11, 28, 24, 5, , 
2025/1/12, 17, 22, 9, , 
2025/1/13, 16, 22, 12, , 
2025/1/14, 24, 20, 12, , 
2025/1/15, 30, 18, 12, , 
2025/1/16, 34, 17, 10, , 
2025/1/17, 23, 19, 11, , 
2025/1/18, 25, 27, 11, , 
2025/1/19, 23, 20, 10, , 
2025/1/20, 16, 22, 9, , 
2025/1/21, 15, 29, 6, , 
2025/1/22, 23, 23, 9, , 
2025/1/23, 17, 27, 5, , 
2025/1/24, 15, 28, 6, , 
2025/1/25, 24, 29, 3, , 
2025/1/26, 10, 28, 10, , 
2025/1/27, 31, 28, 7, , 
2025/1/28, 20, 30, 7, , 
2025/1/29, 16, 29, 6, , 
2025/1/30, 31, 24, 12, , 
2025/1/31, 28, 27, 7, , 
2025/2/1, 16, 28, 7, , 
2025/2/2, 18, 20, 10, , 
2025/2/3, 14, 19, 13, 1, 
2025/2/4, 29, 23, 11, , 
2025/2/5, 27, 25, 8, , 
2025/2/6, 23, 22, 8, , 
2025/2/7, 17, 26, 8, , 
2025/2/8, 14, 17, 6, , 
2025/2/9, 12, 13, 9, , 
2025/2/10, 21, 22, 12, , 
2025/2/11, 25, 25, 7, , 
2025/2/12, 18, 15, 11, 1, 
2025/2/13, 22, 22, 8, , 
2025/2/14, 20, 19, 9, , 
2025/2/15, 25, 26, 7, , 
2025/2/16, 26, 29, 7, , 
2025/2/17, 19, 26, 9, , 
2025/2/18, 20, 25, 11, 1, 
2025/2/19, 34, 24, 11, 1, 
2025/2/20, 35, 32, 4, , 
2025/2/21, 31, 29, 7, , 
2025/2/22, 16, 24, 8, , 
2025/2/23, 22, 23, 9, , 
2025/2/24, 25, , , , 
2025/2/26, 14, , , , 
2025/2/28, 28, 11, 15, 1, 
2025/3/1, 34, , , , 
2025/3/4, 35, 24, 11, , 
2025/3/5, 38, 25, 10, , 
2025/3/6, 25, 27, 5, , 
2025/3/7, 12, 34, 4, , 
2025/3/8, 5, 31, 5, , 
2025/3/9, 5, 28, 10, , 
2025/3/10, 9, 24, 7, , 
2025/3/11, 8, , 7, , 
2025/3/12, 11, , 8, , 
2025/3/13, 7, , 9, , 
2025/3/14, 7, , 5, , 
2025/3/15, 6, , 4, , 
2025/3/16, 7, , 6, , 
2025/3/17, 12, , 9, , 
2025/3/18, 10, , 5, , 
2025/3/19, 10, , 7, , 
2025/3/20, 23, , 7, , 
2025/3/21, 19, , 2, , 
2025/3/22, 8, , 1, , 
2025/3/23, 13, , 3, , 
2025/3/24, 22, , 4, , 
2025/3/25, 16, , 8, , 
2025/3/26, 26, , 7, , 
2025/3/27, 21, , 4, , 
2025/3/28, 18, , 4, , 
2025/3/29, 16, , 3, , 
2025/3/30, 17, , 2, , 
2025/3/31, 18, , 4, , 
2024/10/1, 16, 30, 11, , 
2024/10/2, 6, 24, 12, , 
2024/10/3, 12, 24, 9, , 
2024/10/4, 13, 18, 6, , 
2024/10/5, 12, 20, 7, 1, 
2024/10/6, 17, 18, 9, 1, 
2024/10/7, 18, 21, 14, 1, 
2024/10/8, 18, 26, 2, , 
2024/10/9, 22, 24, 8, , 
2024/10/10, 16, 27, 7, , 
2024/10/11, 12, 22, 5, 1, 
2024/10/12, 8, 15, 7, , 
2024/10/13, 12, 20, 3, 1, 
2024/10/14, 25, 21, 7, 1, 
2024/10/15, 35, 20, 4, , 
2024/10/16, 10, 25, , , 
2024/10/17, 11, 22, 3, , 
2024/10/18, 14, 29, 1, , 
2024/10/19, 11, 22, 1, , 
2024/10/20, 19, 27, 1, , 
2024/10/21, 14, 22, 2, 1, 
2024/10/22, 10, 20, 2, , 
2024/10/23, 20, 27, 7, , 
2024/10/24, 14, 23, 10, , 
2024/10/25, 9, 17, 8, , 
2024/10/26, 9, 19, 6, 1, 
2024/10/27, 6, 16, 11, 1, 
2024/10/28, 14, 17, 9, 1, 
2024/10/29, 19, 17, 10, 1, 
2024/10/30, 21, 17, 14, 1, 
2024/10/31, 46, 21, 9, 1, 
2024/11/1, 22, 18, 9, 1, 
2024/11/2, 25, 19, 8, 1, 
2024/11/3, 18, 21, 11, 1, 
2024/11/4, 16, 19, 16, 1, 
2024/11/5, 29, 18, 12, 1, 
2024/11/6, 21, 16, 12, 1, 
2024/11/7, 22, 20, 12, 1, 
2024/11/8, 21, 26, 7, 1, 
2024/11/9, 11, 21, 8, , 
2024/11/10, 6, 22, 11, 1, 
2024/11/11, 13, 23, 11, 1, 
2024/11/12, 13, 21, 9, , 
2024/11/13, 7, 18, 6, 1, 
2024/11/14, 12, 13, 10, 1, 
2024/11/15, 21, 15, 11, 1, 
2024/11/16, 29, 17, 8, 1, 
2024/11/17, 26, 13, 9, 1, 
2024/11/18, 27, 23, 8, 1, 
2024/11/19, 18, 27, 5, 1, 
2024/11/20, 13, 31, 8, 1, 
2024/11/21, 13, 27, 8, 1, 
2024/11/22, 20, 24, 6, 1, 
2024/11/23, 12, 24, 4, 1, 
2024/11/24, 14, 26, 8, 1, 
2024/11/25, 17, 11, 13, 1, 
2024/11/26, 20, 15, 13, 1, 
2024/11/27, 18, 15, 14, 2, 
2024/11/28, 20, 19, 12, 2, 
2024/11/29, 32, 10, 12, 1, 
2024/11/30, 24, 14, 9, , 
2024/12/1, 27, 18, 8, 1, 
2024/12/2, 18, 24, 6, , 
2024/12/3, 8, 22, 5, , 
2024/12/4, 9, 13, 13, , 
2024/12/5, 15, 20, 6, , 
2024/12/6, 11, 30, 3, , 
2024/12/7, 17, 30, 3, , 
2024/12/8, 27, 22, 11, , 
2024/12/9, 25, 18, 12, , 
2024/12/10, 13, 13, 11, , 
2024/12/11, 11, 13, 11, , 
2024/12/12, 24, 14, 11, , 
2024/12/13, 17, 18, 8, , 
2024/12/14, 10, 18, 7, , 
2024/12/15, 8, 19, 12, , 
2024/12/16, 15, 26, 15, , 
2024/12/17, 24, 21, 8, , 
2024/12/18, 46, 28, 8, , 
2024/12/19, 36, 23, 11, , 
2024/12/20, 17, 27, 7, , 
2024/12/21, 10, 32, 3, , 
2024/12/22, 16, 31, 9, , 
2024/12/23, 26, 23, 8, , 
2024/12/24, 10, 22, 4, , 
2024/12/25, 9, 18, 7, , 
2024/12/26, 20, 9, 9, , 
2024/12/27, 26, 13, 10, , 
2024/12/28, 21, 17, 9, , 
2024/12/29, 21, , , , 
2024/7/1, 10, 23, 5, , 
2024/7/2, 10, 26, 5, , 
2024/7/3, 14, 19, 5, , 
2024/7/4, 13, 18, 5, , 
2024/7/5, 13, 23, 3, , 
2024/7/6, 12, 23, 4, , 
2024/7/7, 12, 23, 7, , 
2024/7/8, 18, 17, 7, , 
2024/7/9, 14, 19, 8, , 
2024/7/10, 13, 22, 5, , 
2024/7/11, 14, 24, 7, , 
2024/7/12, 10, 25, 5, , 
2024/7/13, 11, 22, 5, , 
2024/7/14, 12, 23, 6, , 
2024/7/15, 14, 21, 4, , 
2024/7/16, 14, , , , 
2024/7/18, 30, 14, 4, , 
2024/7/19, 17, , , , 
2024/7/22, 10, 5, 6, , 
2024/7/23, 15, 14, 4, , 
2024/7/24, 10, , , , 
2024/7/26, 11, , , , 
2024/7/30, 20, 34, 4, , 
2024/7/31, 23, 31, 7, , 
2024/8/1, 13, 22, 11, , 
2024/8/2, 15, , , , 
2024/8/5, 15, 6, 9, , 
2024/8/6, 8, 22, 9, , 
2024/8/7, 8, 24, 12, , 
2024/8/8, 18, 21, 8, , 
2024/8/9, 17, 24, 6, , 
2024/8/10, 17, 35, 8, , 
2024/8/11, 28, 27, 4, , 
2024/8/12, 17, 24, 5, , 
2024/8/13, 10, 23, 5, , 
2024/8/14, 10, , , , 
2024/8/19, 8, , , , 
2024/8/23, 20, 25, 5, , 
2024/8/24, 11, 26, 7, , 
2024/8/25, 10, 26, 4, , 
2024/8/26, 12, , , , 
2024/8/30, 8, 26, 8, , 
2024/8/31, 14, 28, 7, , 
2024/9/1, 11, 21, 6, 1, 
2024/9/2, 13, 24, 10, , 
2024/9/3, 7, 26, 8, , 
2024/9/4, 11, 18, 11, , 
2024/9/5, 13, 27, 10, , 
2024/9/6, 11, 32, 5, , 
2024/9/7, 9, 31, 5, , 
2024/9/8, 8, 28, 8, , 
2024/9/9, 13, 28, 7, , 
2024/9/10, 11, 20, 4, , 
2024/9/11, 14, 22, 12, , 
2024/9/12, 7, 24, 10, , 
2024/9/13, 15, 26, 3, , 
2024/9/14, 7, 26, 7, , 
2024/9/15, 8, 29, 13, , 
2024/9/16, 19, 25, 14, , 
2024/9/17, 23, 26, 9, , 
2024/9/18, 20, 24, 11, , 
2024/9/19, 24, 24, 11, , 
2024/9/20, 23, 28, 6, , 
2024/9/21, 19, 31, 4, , 
2024/9/22, 19, 35, 12, , 
2024/9/23, 22, 28, 10, , 
2024/9/24, 13, 19, 7, , 
2024/9/25, 20, 27, 7, , 
2024/9/26, 13, 27, 5, , 
2024/9/27, 13, 23, 5, , 
2024/9/28, 10, 19, 9, , 
2024/9/29, 8, 23, 10, , 
2024/9/30, 20, 23, 7, 1, 
2024/4/1, 12, 30, 9, , 
2024/4/2, 21, 29, 16, 1, 
2024/4/3, 17, 31, 12, , 
2024/4/4, 22, 37, 12, , 
2024/4/5, 18, 40, 11, 1, 
2024/4/6, 32, 32, 9, , 
2024/4/7, 21, 33, 8, , 
2024/4/8, 16, 30, 7, , 
2024/4/9, 21, 30, 13, , 
2024/4/10, 23, 27, 9, 1, 
2024/4/11, 20, 31, 15, 1, 
2024/4/12, 25, 37, 12, , 
2024/4/13, 31, 29, 9, , 
2024/4/14, 20, 29, 7, , 
2024/4/15, 12, 34, 9, , 
2024/4/16, 20, 32, 9, , 
2024/4/17, 10, 31, 10, , 
2024/4/18, 11, 30, 9, , 
2024/4/19, 13, 29, 7, , 
2024/4/20, 16, 31, 6, , 
2024/4/21, 17, 34, 10, , 
2024/4/22, 14, 34, 10, , 
2024/4/23, 14, 34, 8, , 
2024/4/24, 13, 26, 8, , 
2024/4/25, 12, 29, 12, , 
2024/4/26, 10, 32, 6, , 
2024/4/27, 13, 32, 7, , 
2024/4/28, 12, 32, 11, , 
2024/4/29, 14, 28, 10, , 
2024/4/30, 13, 31, 5, , 
2024/5/1, 9, 32, 8, , 
2024/5/2, 11, 29, 12, , 
2024/5/3, 15, 27, 5, , 
2024/5/4, 10, 27, 5, , 
2024/5/5, 8, 32, 6, , 
2024/5/6, 15, 32, 5, , 
2024/5/7, 14, 30, 9, , 
2024/5/8, 18, 29, 10, , 
2024/5/9, 17, 37, 12, , 
2024/5/10, 22, 31, 8, , 
2024/5/11, 21, 34, 4, , 
2024/5/12, 13, 17, 8, , 
2024/5/13, 13, 23, 10, , 
2024/5/14, 13, 27, 9, , 
2024/5/15, 15, 28, 11, , 
2024/5/16, 9, 28, 7, , 
2024/5/17, 9, 27, 8, , 
2024/5/18, 15, 27, 5, , 
2024/5/19, 4, 29, 3, , 
2024/5/20, 8, 31, 5, , 
2024/5/21, 12, 28, 6, , 
2024/5/22, 12, 30, 6, , 
2024/5/23, 12, 27, 8, , 
2024/5/24, 13, 32, 5, , 
2024/5/25, 12, 25, 5, , 
2024/5/26, 12, 29, 8, , 
2024/5/27, 10, 29, 10, , 
2024/5/28, 17, 31, 7, , 
2024/5/29, 16, 26, 6, , 
2024/5/30, 10, 28, 9, , 
2024/5/31, 16, 28, 6, , 
2024/6/1, 11, 26, 5, , 
2024/6/2, 12, 25, 9, , 
2024/6/3, 17, 29, 10, , 
2024/6/4, 16, 27, 10, , 
2024/6/5, 17, 23, 7, , 
2024/6/6, 15, 24, 9, , 
2024/6/7, 25, 25, 3, , 
2024/6/8, 21, 24, 3, , 
2024/6/9, 12, 26, 7, , 
2024/6/10, 17, 22, 6, , 
2024/6/11, 10, 27, 6, , 
2024/6/12, 12, 26, 6, , 
2024/6/13, 15, 23, 6, , 
2024/6/14, 13, 29, 4, , 
2024/6/15, 21, 20, 6, , 
2024/6/16, 18, 23, 5, , 
2024/6/17, 19, 25, 5, , 
2024/6/18, 14, 25, 3, , 
2024/6/19, 9, 30, 4, , 
2024/6/20, 16, 28, 4, , 
2024/6/21, 12, 22, 2, , 
2024/6/22, 12, 14, 2, , 
2024/6/23, 7, 19, 4, , 
2024/6/24, 12, 24, 5, , 
2024/6/25, 17, 24, 3, , 
2024/6/26, 15, 25, 5, , 
2024/6/27, 19, 23, 7, , 
2024/6/28, 18, 25, 3, , 
2024/6/29, 10, 27, 3, , 
2024/6/30, 11, 19, 4, , 
2024/1/1, 12, 16, 5, , 
2024/1/2, 16, 9, 8, 1, 
2024/1/3, 24, 15, 7, , 
2024/1/4, 10, 19, 5, , 
2024/1/5, 7, 19, 3, , 
2024/1/6, 13, 18, 5, , 
2024/1/7, 7, 14, 7, , 
2024/1/8, 9, 10, 5, , 
2024/1/9, 10, 11, 6, , 
2024/1/10, 11, 9, 8, , 
2024/1/11, 8, 11, 7, , 
2024/1/12, 12, 7, 8, 1, 
2024/1/13, 18, 6, 6, 1, 
2024/1/14, 19, 13, 7, 1, 
2024/1/15, 5, 16, 7, 1, 
2024/1/16, 16, 18, 4, , 
2024/1/17, 19, 17, 5, , 
2024/1/18, 9, 16, 5, , 
2024/1/19, 13, 13, 8, , 
2024/1/20, 16, 11, 7, , 
2024/1/21, 13, 13, 5, , 
2024/1/22, 16, 11, 5, 1, 
2024/1/23, 19, 6, 5, 1, 
2024/1/24, 23, 13, 6, , 
2024/1/25, 23, 8, 6, 1, 
2024/1/26, 30, 6, 5, , 
2024/1/27, 28, 9, 5, , 
2024/1/28, 21, 11, 7, 1, 
2024/1/29, 32, 14, 6, , 
2024/1/30, 25, 7, 5, , 
2024/1/31, 29, 13, 5, , 
2024/2/1, 33, 16, 5, , 
2024/2/2, 23, 14, 4, , 
2024/2/3, 12, 11, 4, , 
2024/2/4, 22, 13, 5, , 
2024/2/5, 29, 12, 6, , 
2024/2/6, 35, 13, 6, 1, 
2024/2/7, 26, 18, 2, , 
2024/2/8, 43, 17, 5, 1, 
2024/2/9, 11, 21, 2, , 
2024/2/10, 14, 21, 3, , 
2024/2/11, 16, 20, 3, , 
2024/2/12, 18, 13, 7, 1, 
2024/2/13, 14, 12, 7, 1, 
2024/2/14, 19, 17, 4, , 
2024/2/15, 23, 18, 5, , 
2024/2/16, 14, 17, 6, , 
2024/2/17, 12, 16, 5, , 
2024/2/18, 8, 17, 6, , 
2024/2/19, 7, 15, 5, , 
2024/2/20, 16, 6, 8, 1, 
2024/2/21, 32, 21, 4, , 
2024/2/22, 25, 20, 4, , 
2024/2/23, 11, 19, 4, , 
2024/2/24, 11, 19, 4, , 
2024/2/25, 13, 20, 3, , 
2024/2/26, 19, 20, 4, , 
2024/2/27, 21, 20, 6, , 
2024/2/28, 12, 19, 5, , 
2024/2/29, 10, 15, 7, , 
2024/3/1, 14, 17, 5, , 
2024/3/2, 13, 18, 3, , 
2024/3/3, 6, 19, 6, , 
2024/3/4, 12, 27, 6, , 
2024/3/5, 16, 25, 7, 1, 
2024/3/6, 19, 36, 7, , 
2024/3/7, 14, 32, 7, , 
2024/3/8, 7, 32, 6, , 
2024/3/9, 5, 32, 2, , 
2024/3/10, 11, 31, 7, , 
2024/3/11, 17, 26, 13, , 
2024/3/12, 13, 25, 15, , 
2024/3/13, 17, 30, 18, 1, 
2024/3/14, 22, 28, 15, , 
2024/3/15, 19, 21, 13, , 
2024/3/16, 19, 23, 11, , 
2024/3/17, 21, 21, 10, , 
2024/3/18, 17, 21, 13, , 
2024/3/19, 17, 21, 9, , 
2024/3/20, 13, 24, 10, , 
2024/3/21, 15, 24, 8, , 
2024/3/22, 19, 28, 8, , 
2024/3/23, 19, 30, 7, , 
2024/3/24, 14, 28, 8, , 
2024/3/25, 15, 28, 11, , 
2024/3/26, 11, 32, 12, , 
2024/3/27, 17, 31, 8, , 
2024/3/28, 17, 30, 10, , 
2024/3/29, 19, 28, 11, , 
2024/3/30, 7, 25, 14, , 
2024/3/31, 13, 31, 8, , 
2023/10/1, 20, 21, 9, , 
2023/10/2, 22, 15, 9, , 
2023/10/3, 18, 18, 6, , 
2023/10/4, 20, 19, 9, , 
2023/10/5, 23, 21, 11, , 
2023/10/6, 31, 19, 11, , 
2023/10/7, 25, 27, 15, , 
2023/10/8, 28, 20, 16, , 
2023/10/9, 28, 21, 15, , 
2023/10/10, 34, 20, 21, 1, 
2023/10/11, 31, 23, 19, , 
2023/10/12, 33, 18, 14, , 
2023/10/13, 50, 15, 9, , 
2023/10/14, 15, 17, 4, , 
2023/10/15, 21, 17, 12, 1, 
2023/10/16, 21, 17, 6, , 
2023/10/17, 20, 20, 8, , 
2023/10/18, 13, 19, 10, 1, 
2023/10/19, 15, 22, 4, , 
2023/10/20, 12, 19, 8, , 
2023/10/21, 16, 15, 10, , 
2023/10/22, 19, 16, 10, , 
2023/10/23, 9, 16, 10, , 
2023/10/24, 17, 13, 10, , 
2023/10/25, 22, 14, 10, , 
2023/10/26, 9, 16, 10, , 
2023/10/27, 16, 19, 6, , 
2023/10/28, 13, 18, 7, , 
2023/10/29, 12, 16, 11, , 
2023/10/30, 11, 16, 9, , 
2023/10/31, 17, 20, 7, , 
2023/11/1, 15, 21, 4, , 
2023/11/2, 20, 19, 5, , 
2023/11/3, 20, 18, 7, , 
2023/11/4, 18, 20, 4, , 
2023/11/5, 17, 19, 8, , 
2023/11/6, 17, 14, 12, , 
2023/11/7, 11, 16, 12, , 
2023/11/8, 17, 18, 10, , 
2023/11/9, 16, 17, 9, , 
2023/11/10, 14, 8, 10, , 
2023/11/11, 11, 13, 10, , 
2023/11/12, 15, 13, 8, , 
2023/11/13, 16, 14, 8, , 
2023/11/14, 13, 14, 12, , 
2023/11/15, 21, 15, 8, , 
2023/11/16, 16, 16, 11, , 
2023/11/17, 14, 11, 11, , 
2023/11/18, 16, 11, 10, , 
2023/11/19, 14, 18, 10, , 
2023/11/20, 14, 16, 6, , 
2023/11/21, 17, 16, 10, , 
2023/11/22, 11, 14, 11, , 
2023/11/23, 16, 13, 14, , 
2023/11/24, 23, 16, 8, , 
2023/11/25, 16, 9, 8, , 
2023/11/26, 19, 16, 8, , 
2023/11/27, 17, 15, 11, , 
2023/11/28, 8, 9, 11, , 
2023/11/29, 12, 15, 11, , 
2023/11/30, 8, 17, 12, , 
2023/12/1, 14, 13, 9, , 
2023/12/2, 7, 17, 10, , 
2023/12/3, 8, 18, 7, , 
2023/12/4, 11, 14, 8, , 
2023/12/5, 14, 7, 7, , 
2023/12/6, 16, 16, 5, , 
2023/12/7, 10, 20, 5, , 
2023/12/8, 13, 13, 5, , 
2023/12/9, 10, 7, 7, 1, 
2023/12/10, 21, 13, 8, 1, 
2023/12/11, 27, 15, 7, , 
2023/12/12, 22, 19, 2, , 
2023/12/13, 14, 16, 5, , 
2023/12/14, 18, 12, 7, , 
2023/12/15, 10, 15, 6, , 
2023/12/16, 10, 9, 7, , 
2023/12/17, 16, 7, 7, 1, 
2023/12/18, 24, 11, 7, , 
2023/12/19, 21, 19, 5, , 
2023/12/20, 14, 21, 4, , 
2023/12/21, 16, 20, 4, , 
2023/12/22, 26, 15, 6, , 
2023/12/23, 20, 9, 7, , 
2023/12/24, 18, 10, 6, , 
2023/12/25, 12, 9, 8, 1, 
2023/12/26, 22, 12, 7, 1, 
2023/12/27, 23, 10, 7, , 
2023/12/28, 15, 8, 7, , 
2023/12/29, 18, 16, 7, , 
2023/12/30, 11, 18, 3, , 
2023/12/31, 15, 16, 5, , 
2023/7/1, 24, 16, 4, 1, 
2023/7/2, 13, 22, 9, , 
2023/7/3, 24, 15, 6, 1, 
2023/7/4, 21, 14, 7, 1, 
2023/7/5, 15, 17, 8, , 
2023/7/6, 15, 25, 8, 1, 
2023/7/7, 26, 19, , , 
2023/7/10, 23, 16, 7, , 
2023/7/11, 19, 14, 7, , 
2023/7/12, 20, 17, 9, , 
2023/7/13, 11, 25, 10, , 
2023/7/14, 25, 16, 6, , 
2023/7/15, 17, 17, 8, , 
2023/7/16, 26, 18, 10, , 
2023/7/17, 27, 20, 6, , 
2023/7/18, 28, 18, 8, , 
2023/7/19, 15, 15, 10, , 
2023/7/20, 18, 14, 10, , 
2023/7/21, 10, 18, 9, , 
2023/7/22, 11, 18, 5, , 
2023/7/23, 11, 18, 9, , 
2023/7/24, 17, 18, 5, , 
2023/7/25, 20, 14, 7, , 
2023/7/26, 15, 15, 4, , 
2023/7/27, 15, 19, 8, , 
2023/7/28, 15, 12, 5, , 
2023/7/29, 13, 18, 8, , 
2023/7/30, 14, 22, 7, , 
2023/7/31, 19, 15, 7, , 
2023/8/1, 17, 20, 6, , 
2023/8/2, 25, 19, 4, , 
2023/8/3, 22, 18, 7, , 
2023/8/4, 19, 21, 6, , 
2023/8/5, 16, 20, 7, , 
2023/8/6, 16, 19, 9, , 
2023/8/7, 14, 21, 12, , 
2023/8/8, 18, 28, 23, , 
2023/8/9, 25, 21, 16, , 
2023/8/10, 24, 18, 15, , 
2023/8/11, 24, 17, 16, , 
2023/8/12, 13, 17, 15, , 
2023/8/13, 18, 20, 9, , 
2023/8/14, 20, 18, 6, , 
2023/8/15, 16, 19, 9, , 
2023/8/16, 15, 20, 13, , 
2023/8/17, 15, 25, 14, , 
2023/8/18, 18, 17, 9, , 
2023/8/19, 22, 16, 6, , 
2023/8/20, 15, 16, 8, , 
2023/8/21, 20, 17, 11, , 
2023/8/22, 22, 26, 16, 1, 
2023/8/23, 13, 25, , 1, 
2023/8/29, 11, 20, 5, , 
2023/8/30, 11, 19, 9, , 
2023/8/31, 15, 18, 7, , 
2023/9/1, 13, 19, 9, , 
2023/9/2, 11, 18, 6, , 
2023/9/3, 15, 19, 11, , 
2023/9/4, 45, 23, 12, , 
2023/9/5, 49, 26, 14, , 
2023/9/6, 42, 28, 10, , 
2023/9/7, 37, 26, 13, , 
2023/9/8, 29, 27, 6, , 
2023/9/9, 26, 24, 9, , 
2023/9/10, 22, 23, 10, , 
2023/9/11, 19, 16, 8, , 
2023/9/12, 10, 16, 7, , 
2023/9/13, 12, 17, 7, , 
2023/9/14, 12, 19, 10, , 
2023/9/15, 18, 20, 12, , 
2023/9/16, 19, 20, 11, , 
2023/9/17, 16, 23, 8, , 
2023/9/18, 18, 22, 10, , 
2023/9/19, 20, 21, 10, , 
2023/9/20, 22, 19, 7, , 
2023/9/21, 19, 19, 10, , 
2023/9/22, 12, 21, 8, , 
2023/9/23, 14, 19, 10, , 
2023/9/24, 17, 20, 15, , 
2023/9/25, 22, 19, 11, , 
2023/9/26, 23, 18, 9, , 
2023/9/27, 24, 17, 15, 1, 
2023/9/28, 31, 19, 11, , 
2023/9/29, 20, 18, 10, , 
2023/9/30, 23, 23, 9, , 
2023/4/2, 20, 24, 16, , 
2023/4/3, 22, 21, 13, , 
2023/4/4, 13, 25, 17, , 
2023/4/5, 21, 27, 13, , 
2023/4/6, 19, 27, 9, , 
2023/4/7, 19, 24, 12, , 
2023/4/8, 19, 29, 9, , 
2023/4/9, 25, 23, 10, , 
2023/4/10, 20, 24, 10, , 
2023/4/11, 18, 25, 8, , 
2023/4/12, 64, 26, 7, , 
2023/4/13, 17, 25, 8, , 
2023/4/14, 27, 24, 6, , 
2023/4/15, 39, 24, 8, , 
2023/4/16, 19, 27, 11, , 
2023/4/17, 13, 22, 14, , 
2023/4/18, 21, 26, 16, , 
2023/4/19, 28, 27, 11, , 
2023/4/20, 27, 25, 8, , 
2023/4/21, 23, 26, 8, , 
2023/4/22, 12, 20, 7, , 
2023/4/23, 10, 18, 12, , 
2023/4/24, 14, 18, 10, , 
2023/4/25, 11, 14, 18, , 
2023/4/26, 10, 15, 24, , 
2023/4/27, 15, 17, 21, , 
2023/4/28, 15, 13, 16, , 
2023/4/29, 8, 15, 18, , 
2023/4/30, 4, 15, 17, , 
2023/5/1, 6, 21, 12, , 
2023/5/2, 14, 30, 14, 1, 
2023/5/3, 33, 26, 10, 1, 
2023/5/4, 18, 23, 12, , 
2023/5/5, 15, 21, 5, , 
2023/5/6, 21, 18, , , 
2023/5/7, 18, 19, 15, 1, 
2023/5/8, 26, 22, 11, , 
2023/5/9, 18, 22, 8, , 
2023/5/10, 23, 18, 7, , 
2023/5/11, 15, 19, 11, , 
2023/5/12, 13, 21, 6, , 
2023/5/13, 13, 27, 5, , 
2023/5/14, 19, 23, 11, , 
2023/5/15, 18, 23, 11, , 
2023/5/16, 21, 24, 13, , 
2023/5/17, 21, 25, 13, , 
2023/5/18, 23, 25, 11, , 
2023/5/19, 26, 27, 6, , 
2023/5/20, 25, 28, 5, , 
2023/5/21, 22, 21, 11, 1, 
2023/5/22, 20, 23, 12, 1, 
2023/5/23, 28, 23, 11, 1, 
2023/5/24, 30, 25, 10, 1, 
2023/5/25, 25, 24, 10, 1, 
2023/5/26, 19, 27, 9, 1, 
2023/5/27, 30, 27, 4, 1, 
2023/5/28, 28, 29, 7, 1, 
2023/5/29, 32, 28, 11, 1, 
2023/5/30, 32, 29, 5, 1, 
2023/5/31, 25, 28, 11, , 
2023/6/1, 27, 26, 13, , 
2023/6/2, 23, 27, 7, 1, 
2023/6/3, 20, 29, 3, 1, 
2023/6/4, 24, 31, 10, 1, 
2023/6/5, 29, 25, 11, 1, 
2023/6/6, 23, 22, 14, 1, 
2023/6/7, 24, 19, 9, 1, 
2023/6/8, 19, 23, 10, 1, 
2023/6/9, 11, 20, 5, 1, 
2023/6/10, 11, 18, 3, , 
2023/6/11, 11, 20, 8, 1, 
2023/6/12, 11, 23, 5, 1, 
2023/6/13, 16, 20, 5, 1, 
2023/6/14, 16, 19, 6, 1, 
2023/6/15, 12, 20, 14, 1, 
2023/6/16, 18, 19, 17, 1, 
2023/6/17, 17, 18, 18, 1, 
2023/6/18, 12, 19, 18, 1, 
2023/6/19, 15, 17, 16, 1, 
2023/6/20, 9, 17, 18, 1, 
2023/6/21, 14, 18, 11, , 
2023/6/22, 17, 18, 5, 1, 
2023/6/23, 22, 24, 7, 1, 
2023/6/24, 25, 24, 1, 1, 
2023/6/25, 23, 18, 5, 1, 
2023/6/26, 16, 20, 8, 1, 
2023/6/27, 21, 20, 7, 1, 
2023/6/28, 22, 17, 4, 1, 
2023/6/29, 17, 18, 6, 1, 
2023/6/30, 17, 17, 4, 1, 
2023/1/2, 12, 8, 12, , 
2023/1/3, 18, 5, 12, , 
2023/1/4, 21, 10, 12, , 
2023/1/5, 23, 16, 10, , 
2023/1/6, 15, 17, 6, , 
2023/1/7, 12, 24, 6, , 
2023/1/8, 14, 24, 7, , 
2023/1/9, 24, 12, 14, , 
2023/1/10, 17, 17, 11, , 
2023/1/11, 20, 9, 12, 1, 
2023/1/12, 30, 11, 11, , 
2023/1/13, 12, 15, 8, 1, 
2023/1/14, 6, 22, 4, , 
2023/1/15, 9, 22, 7, 1, 
2023/1/16, 10, 26, 3, 1, 
2023/1/17, 10, 22, 9, , 
2023/1/18, 12, 22, 7, , 
2023/1/19, 12, 19, 13, , 
2023/1/20, 13, 18, 12, , 
2023/1/21, 13, 15, 11, , 
2023/1/22, 15, 15, 13, , 
2023/1/23, 14, 13, 8, , 
2023/1/24, 12, 15, 12, , 
2023/1/25, 18, 16, 12, , 
2023/1/26, 13, 20, 12, , 
2023/1/27, 12, 17, 10, , 
2023/1/28, 10, 15, 14, , 
2023/1/29, 12, 14, 17, , 
2023/1/30, 21, 18, 16, , 
2023/1/31, 14, 17, 13, , 
2023/2/1, 13, 20, 10, , 
2023/2/2, 20, 18, 11, , 
2023/2/3, 25, 18, 11, , 
2023/2/4, 17, 22, 14, , 
2023/2/5, 16, 18, 9, , 
2023/2/6, 15, 14, 15, , 
2023/2/7, 24, 17, 10, , 
2023/2/8, 20, 18, 16, , 
2023/2/9, 22, 22, 14, , 
2023/2/10, 29, 18, 16, , 
2023/2/11, 23, 21, 14, , 
2023/2/12, 19, 19, 21, , 
2023/2/13, 37, 22, 12, , 
2023/2/14, 33, 21, 13, , 
2023/2/15, 25, 20, 18, , 
2023/2/16, 34, 20, 18, , 
2023/2/17, 40, 22, 15, , 
2023/2/18, 42, 18, 11, , 
2023/2/19, 35, 13, 12, , 
2023/2/20, 41, 19, 11, 1, 
2023/2/21, 49, 23, 8, , 
2023/2/22, 30, 19, 13, , 
2023/2/23, 6, 21, 10, 1, 
2023/2/24, 9, 19, 13, 1, 
2023/2/25, 10, 24, 8, , 
2023/2/26, 15, 22, 14, , 
2023/2/27, 15, 22, 15, , 
2023/2/28, 15, 16, 17, , 
2023/3/1, 16, 17, 17, , 
2023/3/2, 21, 20, 20, , 
2023/3/3, 23, 20, 16, , 
2023/3/4, 27, 22, 15, , 
2023/3/5, 35, 21, 17, , 
2023/3/6, 33, 20, 17, , 
2023/3/7, 28, 19, 13, , 
2023/3/8, 23, 24, 15, , 
2023/3/9, 28, 19, 16, , 
2023/3/10, 37, 11, 8, , 
2023/3/11, 19, 11, 4, , 
2023/3/12, 11, 26, 1, , 
2023/3/13, 24, 25, 1, , 
2023/3/14, 28, 22, 3, , 
2023/3/15, 23, 19, , , 
2023/3/16, 32, 22, 12, , 
2023/3/17, 22, 23, 5, , 
2023/3/18, 10, 22, 4, , 
2023/3/19, 8, 16, 16, , 
2023/3/20, 16, 21, 11, , 
2023/3/21, 17, 17, 14, , 
2023/3/22, 21, 20, 12, , 
2023/3/23, 32, 25, 8, , 
2023/3/24, 19, 25, 7, , 
2023/3/25, 23, , , , 
2022/10/1, 12, 16, 6, , 
2022/10/2, 15, 16, 13, , 
2022/10/3, 23, 23, 14, 1, 
2022/10/4, 24, 21, 19, , 
2022/10/5, 36, 17, 23, , 
2022/10/6, 19, 18, 12, , 
2022/10/7, 31, 20, 4, , 
2022/10/8, 25, 19, 8, , 
2022/10/9, 43, 21, 6, , 
2022/10/10, 51, 19, 9, , 
2022/10/11, 35, 20, 7, , 
2022/10/12, 27, 15, 7, , 
2022/10/13, 21, 11, 6, , 
2022/10/14, 13, 6, 8, , 
2022/10/15, 21, 21, 10, , 
2022/10/16, 26, 18, 9, , 
2022/10/17, 23, 20, 17, 1, 
2022/10/18, 37, 24, 11, , 
2022/10/19, 38, 23, 9, , 
2022/10/20, 16, 21, 11, , 
2022/10/21, 21, 23, 7, , 
2022/10/22, 14, 21, 3, , 
2022/10/23, 19, 18, 11, , 
2022/10/24, 15, 23, 10, , 
2022/10/25, 21, 19, 9, , 
2022/10/26, 18, 17, 13, 1, 
2022/10/27, 40, 16, 10, , 
2022/10/28, 36, 19, 8, , 
2022/10/29, 32, 18, 6, , 
2022/10/30, 15, 21, 6, , 
2022/10/31, 17, 18, 8, , 
2022/11/1, 22, 14, 14, , 
2022/11/2, 28, 20, 8, , 
2022/11/3, 23, 20, 6, , 
2022/11/4, 22, 14, 10, , 
2022/11/5, 13, 17, 9, , 
2022/11/6, 11, 19, 9, , 
2022/11/7, 23, 18, 10, , 
2022/11/8, 20, 16, 11, , 
2022/11/9, 19, 14, 12, , 
2022/11/10, 15, 12, 12, , 
2022/11/11, 19, 16, 12, , 
2022/11/12, 28, 17, 7, , 
2022/11/13, 19, 18, 8, , 
2022/11/14, 18, 17, 9, , 
2022/11/15, 16, 17, 9, , 
2022/11/16, 18, 18, 8, , 
2022/11/17, 35, 19, 7, , 
2022/11/18, 12, 21, 6, , 
2022/11/19, 12, 19, 6, , 
2022/11/20, 16, 22, 5, , 
2022/11/21, 18, 18, 10, , 
2022/11/22, 12, 21, 8, , 
2022/11/23, 24, 21, 13, , 
2022/11/24, 20, 17, 9, , 
2022/11/25, 21, 7, 9, , 
2022/11/26, 21, 19, 8, , 
2022/11/27, 10, 21, 3, , 
2022/11/28, 18, 16, 9, , 
2022/11/29, 13, 16, 8, , 
2022/11/30, 14, 16, 8, , 
2022/12/1, 13, 12, 12, , 
2022/12/2, 17, 11, 11, , 
2022/12/3, 9, 7, 9, , 
2022/12/4, 10, 10, 15, , 
2022/12/5, 15, 10, 10, , 
2022/12/6, 12, 11, 5, , 
2022/12/7, 17, 4, 10, , 
2022/12/8, 16, 16, 11, , 
2022/12/9, 11, 17, 8, , 
2022/12/10, 12, 10, 12, , 
2022/12/11, 14, 7, 12, 1, 
2022/12/12, 16, 17, 10, 1, 
2022/12/13, 28, 15, 16, 1, 
2022/12/14, 16, 13, 12, , 
2022/12/15, 8, 13, 13, , 
2022/12/16, 20, 8, 10, 1, 
2022/12/17, 20, 19, 8, 1, 
2022/12/18, 16, 19, 4, , 
2022/12/19, 19, 18, 9, , 
2022/12/20, 14, 12, 13, 1, 
2022/12/21, 23, 12, 16, 1, 
2022/12/22, 34, 21, 10, , 
2022/12/23, 21, 18, 5, , 
2022/12/24, 11, 19, 4, , 
2022/12/25, 9, 18, 8, , 
2022/12/26, 13, 11, 11, , 
2022/12/27, 21, 17, 10, , 
2022/12/28, 20, 13, 11, , 
2022/12/29, 14, 18, 5, , 
2022/12/30, 15, 20, 3, , 
2022/12/31, 22, 21, 3, , 
2023/1/1, 17, 18, 10, , 
2022/7/1, 22, 28, 4, , 
2022/7/2, 18, 20, 4, , 
2022/7/3, 14, 20, 7, , 
2022/7/4, 15, 24, 8, , 
2022/7/5, 22, 28, 5, , 
2022/7/6, 24, 23, 6, , 
2022/7/7, 22, 23, 7, , 
2022/7/8, 18, 27, 7, , 
2022/7/9, 22, 29, 10, , 
2022/7/10, 22, 28, 10, , 
2022/7/11, 24, 31, , , 
2022/7/12, 25, 36, 15, , 
2022/7/13, 34, 34, 14, , 
2022/7/14, 34, 35, 8, , 
2022/7/15, 35, 46, 13, , 
2022/7/16, 57, 46, 21, , 
2022/7/17, 45, 36, 8, , 
2022/7/18, 37, 23, 10, , 
2022/7/19, 23, 24, 8, , 
2022/7/20, 18, 19, 9, , 
2022/7/21, 23, 22, 10, , 
2022/7/22, 20, 22, 11, , 
2022/7/23, 18, 25, 5, , 
2022/7/24, 21, 18, 4, , 
2022/7/25, 16, 23, 11, , 
2022/7/26, 13, 23, 12, , 
2022/7/27, 11, 24, 10, , 
2022/7/28, 12, 19, 10, , 
2022/7/29, 16, 19, 7, , 
2022/7/30, 10, , 8, , 
2022/7/31, 14, 16, 7, , 
2022/8/1, 16, 17, 6, 1, 
2022/8/2, 14, 20, 5, 1, 
2022/8/3, 18, 13, 5, 1, 
2022/8/4, 17, 19, 10, 1, 
2022/8/5, 19, 28, 10, 1, 
2022/8/6, 27, 30, 9, 1, 
2022/8/7, 25, 31, 13, 1, 
2022/8/8, 25, 34, 10, 1, 
2022/8/9, 26, 37, 13, 1, 
2022/8/10, 34, 34, 9, , 
2022/8/11, 37, 31, 6, 1, 
2022/8/12, 24, 23, 7, 1, 
2022/8/13, 25, 26, 6, 1, 
2022/8/14, 18, 38, 6, 1, 
2022/8/15, 25, 25, 8, 1, 
2022/8/16, 20, 23, 6, 1, 
2022/8/17, 14, 20, 6, 1, 
2022/8/18, 22, 18, 10, 1, 
2022/8/19, 22, 16, 7, , 
2022/8/20, 16, 19, 4, , 
2022/8/21, 16, 11, 4, , 
2022/8/22, 9, 10, 4, , 
2022/8/23, 10, 18, 7, , 
2022/8/24, 18, 14, 9, , 
2022/8/25, 18, 19, 10, , 
2022/8/26, 16, 18, 10, , 
2022/8/27, 15, 27, 10, , 
2022/8/28, 20, 26, 11, , 
2022/8/29, 29, 27, 10, , 
2022/8/30, 25, 23, 12, , 
2022/8/31, 18, 24, 9, , 
2022/9/1, 17, 25, 6, , 
2022/9/2, 14, 26, 9, , 
2022/9/3, 19, 28, 10, , 
2022/9/4, 19, 25, 10, , 
2022/9/5, 127, 22, 10, , 
2022/9/6, 118, 24, 13, , 
2022/9/7, 19, 21, 13, , 
2022/9/8, 17, 21, 9, , 
2022/9/9, 15, 22, 9, , 
2022/9/10, 13, 27, , , 
2022/9/11, 15, 17, 15, , 
2022/9/12, 33, 19, 11, , 
2022/9/13, 20, 16, 16, , 
2022/9/14, 12, 19, 19, , 
2022/9/15, 8, 23, 13, , 
2022/9/16, 14, 25, 9, , 
2022/9/17, 12, 22, 9, , 
2022/9/18, 12, 22, 16, , 
2022/9/19, 17, 21, 13, , 
2022/9/20, 16, 24, 13, , 
2022/9/21, 18, 25, 14, , 
2022/9/22, 21, 22, 11, , 
2022/9/23, 22, 18, 6, , 
2022/9/24, 9, 20, 6, , 
2022/9/25, 7, 22, 7, , 
2022/9/26, 14, 22, 3, , 
2022/9/27, 21, 21, 2, , 
2022/9/28, 14, 19, 5, , 
2022/9/29, 12, 19, 8, , 
2022/9/30, 16, 16, 8, , 
2022/4/1, 16, 33, 6, , 
2022/4/2, 14, 32, 7, , 
2022/4/3, 10, 30, 12, , 
2022/4/4, 17, 35, 14, , 
2022/4/5, 20, 34, 10, , 
2022/4/6, 21, 24, 11, , 
2022/4/7, 23, 30, 7, , 
2022/4/8, 30, 31, 5, , 
2022/4/9, 25, 27, 5, , 
2022/4/10, 16, 29, 8, , 
2022/4/11, 34, 31, 6, , 
2022/4/12, 13, 27, 10, , 
2022/4/13, 16, 29, 7, , 
2022/4/14, 18, 32, 4, , 
2022/4/15, 17, 31, 6, , 
2022/4/16, 20, 37, 5, , 
2022/4/17, 20, 28, 9, , 
2022/4/18, 18, 31, 7, , 
2022/4/19, 12, 34, 6, , 
2022/4/20, 18, 30, 9, , 
2022/4/21, 18, 28, 9, , 
2022/4/22, 14, 32, 3, , 
2022/4/23, 9, 34, 2, , 
2022/4/24, 14, 30, 9, , 
2022/4/25, 22, 29, 7, , 
2022/4/26, 23, 30, 7, , 
2022/4/27, 23, 30, 5, , 
2022/4/28, 17, 31, 9, , 
2022/4/29, 21, 37, 5, , 
2022/4/30, 22, 40, 6, , 
2022/5/1, 32, 36, 5, , 
2022/5/2, 19, 33, 4, , 
2022/5/3, 28, 35, 7, , 
2022/5/4, 27, 33, 10, , 
2022/5/5, 23, 27, 9, , 
2022/5/6, 17, 28, 6, , 
2022/5/7, 19, 23, 6, , 
2022/5/8, 19, 26, 9, 1, 
2022/5/9, 18, 30, 5, , 
2022/5/10, 24, 29, 5, , 
2022/5/11, 20, 20, 9, , 
2022/5/12, 19, 21, 8, , 
2022/5/13, 19, 22, 5, , 
2022/5/14, 23, 30, 5, , 
2022/5/15, 28, 30, , , 
2022/5/16, 21, 31, 2, , 
2022/5/17, 26, 26, , , 
2022/5/18, 20, 25, 11, , 
2022/5/19, 20, 26, 8, , 
2022/5/20, 25, 25, 4, , 
2022/5/21, 21, 28, 3, , 
2022/5/22, 26, 24, 5, , 
2022/5/23, 17, 27, 5, , 
2022/5/24, 15, 27, 4, , 
2022/5/25, 15, 24, 7, , 
2022/5/26, 15, 21, 6, , 
2022/5/27, 14, 24, 2, , 
2022/5/28, 17, 32, 5, , 
2022/5/29, 21, 28, 9, , 
2022/5/30, 24, 30, 7, , 
2022/5/31, 17, 32, 6, , 
2022/6/1, 21, 30, 7, , 
2022/6/2, 18, 31, 5, , 
2022/6/3, 13, 30, 3, , 
2022/6/4, 14, 30, 4, , 
2022/6/5, 17, 24, 8, , 
2022/6/6, 17, 22, 7, , 
2022/6/7, 17, 17, 5, , 
2022/6/8, 10, 18, 5, , 
2022/6/9, 11, 21, 5, , 
2022/6/10, 18, 15, 4, , 
2022/6/11, 17, 20, 2, , 
2022/6/12, 19, 25, 7, , 
2022/6/13, 28, 26, 5, , 
2022/6/14, 31, 29, 7, , 
2022/6/15, 30, 36, 9, , 
2022/6/16, 36, 43, 15, , 
2022/6/17, 48, 26, 6, , 
2022/6/18, 46, 24, 3, , 
2022/6/19, 20, 20, 6, , 
2022/6/20, 15, 22, 9, , 
2022/6/21, 13, 24, 9, , 
2022/6/22, 11, 24, 6, , 
2022/6/23, 12, 27, 10, , 
2022/6/24, 18, 22, 4, , 
2022/6/25, 14, 21, 4, , 
2022/6/26, 11, 20, 7, , 
2022/6/27, 17, 24, 6, , 
2022/6/28, 14, 16, 7, , 
2022/6/29, 15, 20, 5, , 
2022/6/30, 13, 21, 9, , 
2022/1/3, 22, 27, 3, , 
2022/1/4, 20, 27, 12, , 
2022/1/5, 15, 18, 7, , 
2022/1/6, 15, 28, 4, , 
2022/1/7, 18, 28, 6, , 
2022/1/8, 14, 28, , , 
2022/1/9, 18, 23, 3, , 
2022/1/10, 19, 20, 11, , 
2022/1/11, 12, 20, 12, , 
2022/1/12, 20, 14, 10, , 
2022/1/13, 26, 16, 15, , 
2022/1/14, 25, 12, 13, , 
2022/1/15, 22, 17, 12, , 
2022/1/16, 19, 24, 10, , 
2022/1/17, 23, 14, 14, , 
2022/1/18, 22, 5, 16, , 
2022/1/19, 29, 24, 12, , 
2022/1/20, 16, 25, 8, , 
2022/1/21, 16, 23, 7, , 
2022/1/22, 12, 17, 6, 1, 
2022/1/23, 17, 12, 14, 1, 
2022/1/24, 29, 14, 12, , 
2022/1/25, 28, 17, 11, , 
2022/1/26, 29, 20, 10, , 
2022/1/27, 25, 19, 8, , 
2022/1/28, 15, 18, 5, , 
2022/1/29, 19, 14, 4, , 
2022/1/30, 22, 29, 6, , 
2022/1/31, 14, 27, 12, , 
2022/2/1, 23, 14, 12, 1, 
2022/2/2, 28, 17, 13, , 
2022/2/3, 32, 19, 13, 1, 
2022/2/4, 21, 27, 7, , 
2022/2/5, 17, 22, 8, , 
2022/2/6, 15, 23, 11, , 
2022/2/7, 18, 21, 7, , 
2022/2/8, 29, 18, 15, , 
2022/2/9, 38, 21, 13, , 
2022/2/10, 45, 22, 8, , 
2022/2/11, 26, 14, 7, , 
2022/2/12, 29, 33, 3, , 
2022/2/13, 27, 31, 2, , 
2022/2/14, 16, 23, 12, , 
2022/2/15, 19, 22, 7, , 
2022/2/16, 21, 20, 9, , 
2022/2/17, 27, 22, 7, , 
2022/2/18, 27, 26, 7, , 
2022/2/19, 17, 28, 4, , 
2022/2/20, 18, 27, 5, , 
2022/2/21, 34, 21, 12, , 
2022/2/22, 41, 18, 10, , 
2022/2/23, 41, 28, 6, , 
2022/2/24, 28, 24, 3, , 
2022/2/25, 26, 23, 7, , 
2022/2/26, 27, 28, 7, , 
2022/2/27, 26, 16, 10, , 
2022/2/28, 43, 20, 11, , 
2022/3/1, 43, 24, 8, , 
2022/3/2, 19, 31, 8, 1, 
2022/3/3, 12, 31, 9, 1, 
2022/3/4, 23, 29, 7, 1, 
2022/3/5, 12, 30, 5, 1, 
2022/3/6, 8, 27, 11, 2, 
2022/3/7, 20, 30, 10, 2, 
2022/3/8, 15, 30, 8, 2, 
2022/3/9, 17, 29, 8, 2, 
2022/3/10, 12, 29, 11, 3, 
2022/3/11, 20, 29, 5, 2, 
2022/3/12, 12, 31, 5, 2, 
2022/3/13, 15, 26, 9, 3, 
2022/3/14, 27, 15, 11, 2, 
2022/3/15, 66, 29, 5, , 
2022/3/16, 50, 31, 12, , 
2022/3/17, 27, 22, 9, , 
2022/3/18, 31, 23, 12, , 
2022/3/19, 37, 28, 4, 1, 
2022/3/20, 27, 30, 8, 1, 
2022/3/21, 17, 28, 8, , 
2022/3/22, 16, 34, 10, , 
2022/3/23, 17, 35, 11, , 
2022/3/24, 26, 30, 11, , 
2022/3/25, 33, 38, 10, , 
2022/3/26, 28, 27, 11, , 
2022/3/27, 34, 31, 8, , 
2022/3/28, 54, 40, 7, , 
2022/3/29, 36, 34, 5, , 
2022/3/30, 24, 34, 7, , 
2022/3/31, 16, 32, 7, , 
2021/10/1, 19, 19, 7, , 
2021/10/2, 18, 31, 2, , 
2021/10/3, 16, , 10, , 
2021/10/4, 17, , 7, , 
2021/10/5, 16, , 11, , 
2021/10/6, 23, , 5, , 
2021/10/7, 19, , 8, , 
2021/10/8, 20, , 13, , 
2021/10/9, 21, , 8, , 
2021/10/10, 17, , 10, , 
2021/10/11, 26, , 8, , 
2021/10/12, 22, , 9, , 
2021/10/13, 22, , 14, , 
2021/10/14, 17, , 14, , 
2021/10/15, 23, , 12, , 
2021/10/16, 26, , 8, , 
2021/10/17, 17, , 13, , 
2021/10/18, 19, , 12, , 
2021/10/19, 18, , 11, , 
2021/10/20, 21, , 7, , 
2021/10/21, 30, , 9, , 
2021/10/22, 14, , 9, , 
2021/10/23, 14, , 10, , 
2021/10/24, 13, , 12, , 
2021/10/25, 20, , 12, , 
2021/10/26, 21, , 17, , 
2021/10/27, 22, , 15, , 
2021/10/28, 25, , 10, , 
2021/10/29, 15, 24, 6, , 
2021/10/30, 13, 23, 5, , 
2021/10/31, 9, 27, 3, , 
2021/11/1, 15, 28, 7, , 
2021/11/2, 15, 26, 7, , 
2021/11/3, 9, 23, 7, , 
2021/11/4, 9, 18, 13, , 
2021/11/5, 12, 18, 16, , 
2021/11/6, 14, 19, 11, , 
2021/11/7, 14, 21, 13, , 
2021/11/8, 16, 21, 12, , 
2021/11/9, 20, 20, 17, , 
2021/11/10, 25, 21, 18, , 
2021/11/11, 28, 7, 18, , 
2021/11/12, 28, 21, 12, , 
2021/11/13, 24, 25, 8, , 
2021/11/14, 22, 20, 13, , 
2021/11/15, 18, 12, 16, 1, 
2021/11/16, 26, 17, 9, , 
2021/11/17, 16, 18, 8, , 
2021/11/18, 19, 15, 9, , 
2021/11/19, 18, 16, 10, , 
2021/11/20, 18, 24, 7, , 
2021/11/21, 18, 20, 12, , 
2021/11/22, 13, 14, 8, , 
2021/11/23, 16, 16, 9, , 
2021/11/24, 11, 22, 12, , 
2021/11/25, 15, 26, 6, , 
2021/11/26, 13, 27, 3, 1, 
2021/11/27, 17, , , , 
2021/12/2, 20, 24, 10, , 
2021/12/3, 15, 28, 2, , 
2021/12/4, 16, 28, , , 
2021/12/5, 24, 26, 4, , 
2021/12/6, 18, 28, 5, , 
2021/12/7, 17, 30, 1, , 
2021/12/8, 12, 27, 3, , 
2021/12/9, 14, 29, 1, , 
2021/12/10, 26, 25, 3, , 
2021/12/11, 13, 14, 8, , 
2021/12/12, 23, 2, 11, 3, 
2021/12/13, 38, 4, 9, , 
2021/12/14, 29, 9, 8, , 
2021/12/15, 25, 4, 9, , 
2021/12/16, 26, 3, 11, , 
2021/12/17, 32, 3, 12, , 
2021/12/18, 35, 11, 12, , 
2021/12/19, 26, 8, 13, , 
2021/12/20, 31, 6, 16, 1, 
2021/12/21, 30, 24, 9, , 
2021/12/22, 24, 25, 6, , 
2021/12/23, 14, 23, 4, , 
2021/12/24, 12, 22, 5, , 
2021/12/25, 9, 16, 7, , 
2021/12/26, 12, 15, 13, , 
2021/12/27, 16, 20, 11, , 
2021/12/28, 20, 15, 9, , 
2021/12/29, 20, 16, 9, , 
2021/12/30, 22, 13, 12, 3, 
2021/12/31, 31, 18, 6, , 
2022/1/1, 24, 22, 8, , 
2022/1/2, 28, 20, 8, , 
2021/7/1, 15, 24, 8, , 
2021/7/2, 16, 26, 8, , 
2021/7/3, 15, 19, 5, , 
2021/7/4, 11, 18, 6, , 
2021/7/5, 14, 22, 6, , 
2021/7/6, 18, 19, 6, , 
2021/7/7, 15, 18, 7, , 
2021/7/8, 13, 20, 7, , 
2021/7/9, 14, 23, 4, , 
2021/7/10, 16, 21, 3, , 
2021/7/11, 14, 16, 3, , 
2021/7/12, 15, 16, 2, , 
2021/7/13, 17, 18, 4, , 
2021/7/14, 14, 20, 6, , 
2021/7/15, 11, 21, 6, , 
2021/7/16, 12, 23, , , 
2021/7/17, 17, 29, , , 
2021/7/18, 19, 30, , , 
2021/7/19, 26, 32, 3, , 
2021/7/20, 20, 32, 6, , 
2021/7/21, 27, 29, 8, , 
2021/7/22, 24, 26, 6, , 
2021/7/23, 15, 23, 4, , 
2021/7/24, 14, 21, 2, , 
2021/7/25, 11, 25, 9, , 
2021/7/26, 14, 13, 8, , 
2021/7/27, 21, 12, 6, , 
2021/7/28, 11, 9, 9, , 
2021/7/29, 18, 9, 8, , 
2021/7/30, 17, 5, 5, , 
2021/7/31, 11, 9, 5, , 
2021/8/1, 11, 25, 10, , 
2021/8/2, 17, 26, 8, , 
2021/8/3, 16, 19, 4, , 
2021/8/4, 11, 22, 6, , 
2021/8/5, 16, 20, 9, , 
2021/8/6, 15, 20, 5, , 
2021/8/7, 18, 22, 5, , 
2021/8/8, 13, 22, 8, , 
2021/8/9, 17, 19, 10, , 
2021/8/10, 19, 17, 8, , 
2021/8/11, 14, 24, 6, , 
2021/8/12, 14, 18, 7, , 
2021/8/13, 19, 20, 4, , 
2021/8/14, 22, 22, 2, , 
2021/8/15, 11, 24, 5, , 
2021/8/16, 14, 29, 9, , 
2021/8/17, 16, 28, 10, , 
2021/8/18, 19, 24, 9, , 
2021/8/19, 9, 28, 8, , 
2021/8/20, 14, 28, 9, , 
2021/8/21, 22, 22, 6, , 
2021/8/22, 15, 20, 7, , 
2021/8/23, 14, 28, 10, , 
2021/8/24, 21, 28, 11, , 
2021/8/25, 21, 29, 11, , 
2021/8/26, 21, 35, 10, , 
2021/8/27, 21, 27, 8, , 
2021/8/28, 18, 28, 6, , 
2021/8/29, 17, 24, 8, , 
2021/8/30, 16, 28, 9, , 
2021/8/31, 21, 25, 12, , 
2021/9/1, 26, 28, 10, , 
2021/9/2, 17, 31, 7, , 
2021/9/3, 19, 32, 8, , 
2021/9/4, 19, 29, 8, , 
2021/9/5, 19, 39, 22, , 
2021/9/6, 30, 37, 12, , 
2021/9/7, 29, 28, 9, , 
2021/9/8, 21, 23, 10, , 
2021/9/9, 13, 29, 8, , 
2021/9/10, 12, 26, 7, , 
2021/9/11, 15, 26, 8, , 
2021/9/12, 17, 27, 11, , 
2021/9/13, 30, 23, 11, , 
2021/9/14, 19, 28, 3, , 
2021/9/15, 13, 26, 7, , 
2021/9/16, 17, 25, 6, , 
2021/9/17, 18, 26, 3, , 
2021/9/18, 16, 28, 3, , 
2021/9/19, 13, 17, 9, , 
2021/9/20, 14, 21, 9, , 
2021/9/21, 13, 29, 11, , 
2021/9/22, 19, 29, 10, , 
2021/9/23, 27, 21, 14, 1, 
2021/9/24, 25, 30, 8, , 
2021/9/25, 20, 32, 8, , 
2021/9/26, 13, 20, 10, , 
2021/9/27, 16, 21, 10, , 
2021/9/28, 22, 22, 11, , 
2021/9/29, 17, 24, 8, , 
2021/9/30, 16, 22, 9, 1, 
2021/4/1, 63, 8, 4, , 
2021/4/2, 52, 6, 10, , 
2021/4/3, 34, 6, 7, , 
2021/4/4, 24, 34, 12, , 
2021/4/5, 28, 34, 9, , 
2021/4/6, 19, 31, 3, , 
2021/4/7, 18, 33, 13, 1, 
2021/4/8, 26, 34, 13, 1, 
2021/4/9, 23, 33, 6, 1, 
2021/4/10, 20, 31, 4, , 
2021/4/11, 14, 29, 8, , 
2021/4/12, 16, 32, 5, 1, 
2021/4/13, 16, 33, 9, 2, 
2021/4/14, 25, 35, 12, 2, 
2021/4/15, 24, 35, 14, 2, 
2021/4/16, 23, 32, 8, 1, 
2021/4/17, 19, 35, 7, 2, 
2021/4/18, 23, 34, 12, 3, 
2021/4/19, 30, 38, 13, 3, 
2021/4/20, 29, 34, 9, , 
2021/4/21, 22, 34, 12, , 
2021/4/22, 20, 30, 11, , 
2021/4/23, 12, 34, 5, , 
2021/4/24, 16, 36, 8, , 
2021/4/25, 21, 31, 9, , 
2021/4/26, 16, 31, 7, , 
2021/4/27, 15, 35, 7, , 
2021/4/28, 22, 31, 11, , 
2021/4/29, 10, 34, 9, , 
2021/4/30, 13, 37, 5, , 
2021/5/1, 11, 35, 5, , 
2021/5/2, 12, 34, 9, , 
2021/5/3, 15, 34, 6, , 
2021/5/4, 15, 26, 7, , 
2021/5/5, 11, 21, 7, , 
2021/5/6, 17, 22, 6, , 
2021/5/7, 20, 29, 4, 1, 
2021/5/8, 21, 28, 4, 2, 
2021/5/9, 21, 27, 7, 1, 
2021/5/10, 10, 34, 6, , 
2021/5/11, 16, 33, 4, , 
2021/5/12, 19, 31, 8, , 
2021/5/13, 16, 31, 7, , 
2021/5/14, 13, 25, 8, , 
2021/5/15, 9, 28, 3, , 
2021/5/16, 14, 28, 4, , 
2021/5/17, 26, 30, 5, , 
2021/5/18, 18, 30, 5, , 
2021/5/19, 11, 30, 5, , 
2021/5/20, 13, 28, 7, , 
2021/5/21, 13, 32, 4, , 
2021/5/22, 13, 34, 5, , 
2021/5/23, 11, 31, 2, , 
2021/5/24, 20, 27, 7, , 
2021/5/25, 21, 25, 7, , 
2021/5/26, 21, 27, 5, , 
2021/5/27, 20, 24, 5, , 
2021/5/28, 21, 27, 2, , 
2021/5/29, 14, 32, 5, , 
2021/5/30, 13, 35, 8, 1, 
2021/5/31, 19, 35, 5, 2, 
2021/6/1, 23, 37, 8, 1, 
2021/6/2, 23, 33, 4, , 
2021/6/3, 9, 25, 7, , 
2021/6/4, 9, 25, 5, , 
2021/6/5, 11, 27, 4, , 
2021/6/6, 13, 26, 6, , 
2021/6/7, 16, 28, 4, , 
2021/6/8, 16, 29, 7, , 
2021/6/9, 15, 22, 6, 1, 
2021/6/10, 14, 18, 7, 1, 
2021/6/11, 12, 27, 5, 1, 
2021/6/12, 15, 30, 4, 2, 
2021/6/13, 24, 33, 11, 2, 
2021/6/14, 24, 32, 9, 3, 
2021/6/15, 22, 30, 8, 4, 
2021/6/16, 21, 22, 11, , 
2021/6/17, 18, 19, 8, , 
2021/6/18, 12, 26, 4, , 
2021/6/19, 11, 25, 3, , 
2021/6/20, 12, 26, 4, , 
2021/6/21, 16, 26, 3, , 
2021/6/22, 10, 26, 4, , 
2021/6/23, 17, 28, 9, , 
2021/6/24, 19, 26, 8, , 
2021/6/25, 15, 26, 5, , 
2021/6/26, 12, 24, 2, , 
2021/6/27, 11, 24, 6, , 
2021/6/28, 19, 22, 4, , 
2021/6/29, 22, 24, 8, , 
2021/6/30, 14, 24, 8, , 
2021/1/4, 4, 16, 2, , 
2021/1/5, 5, , , , 
2021/2/17, 22, 26, 7, 1, 
2021/2/18, 21, 25, 5, 2, 
2021/2/19, 54, 29, 3, , 
2021/2/20, 44, 29, 3, , 
2021/2/21, 36, 28, 7, , 
2021/2/22, 16, 30, 4, 2, 
2021/2/23, 13, 27, 4, 2, 
2021/2/24, 28, 28, 6, 1, 
2021/2/25, 30, 26, 7, 1, 
2021/2/26, 27, 26, 5, 1, 
2021/2/27, 25, 25, 4, 2, 
2021/2/28, 26, 23, 9, 4, 
2021/3/1, 29, 21, 6, 3, 
2021/3/2, 44, 24, 9, 3, 
2021/3/3, 43, 26, 7, 4, 
2021/3/4, 53, 30, 8, 3, 
2021/3/5, 44, 26, 4, , 
2021/3/6, 22, 25, 5, , 
2021/3/7, 22, 22, 9, , 
2021/3/8, 23, 29, 10, , 
2021/3/9, 21, 22, 14, 2, 
2021/3/10, 25, 23, 9, 1, 
2021/3/11, 25, 27, 6, 1, 
2021/3/12, 22, 18, 2, 1, 
2021/3/13, 22, , 2, , 
2021/3/14, 34, 28, 8, 1, 
2021/3/15, 32, 27, 9, 1, 
2021/3/16, 23, 29, 9, 1, 
2021/3/17, 15, 28, 8, 1, 
2021/3/18, 19, 30, 5, 1, 
2021/3/19, 17, 31, 5, , 
2021/3/20, 18, 32, 6, , 
2021/3/21, 18, 24, 8, , 
2021/3/22, 19, 29, 9, , 
2021/3/23, 22, 28, 7, , 
2021/3/24, 26, 27, 7, , 
2021/3/25, 21, 29, 7, , 
2021/3/26, 24, 27, 2, , 
2021/3/27, 28, , , , 
2021/3/28, 33, 30, , 1, 
2021/3/29, 43, 28, 20, 1, 
2021/3/30, 61, 29, 1, 1, 
2021/3/31, 47, 3, , , 
2020/10/1, 14, 27, 4, 1, 
2020/10/2, 12, 24, 3, , 
2020/10/3, 19, 20, 3, , 
2020/10/4, 13, 15, 7, , 
2020/10/5, 20, 12, 3, , 
2020/10/6, 17, 12, 5, , 
2020/10/7, 13, 13, 7, 1, 
2020/10/8, 26, 14, 6, , 
2020/10/9, 24, 4, 4, , 
2020/10/10, 13, 6, 1, , 
2020/10/11, 11, 6, 3, 1, 
2020/10/12, 15, 16, 4, 1, 
2020/10/13, 16, 16, 5, 1, 
2020/10/14, 16, 16, 9, 1, 
2020/10/15, 14, 16, 7, 1, 
2020/10/16, 16, 16, 6, 3, 
2020/10/17, 16, 22, 5, 3, 
2020/10/18, 20, 28, 5, 4, 
2020/10/19, 39, 27, 4, , 
2020/10/20, 21, 27, 6, , 
2020/10/21, 12, 18, 5, , 
2020/10/22, 13, 17, 6, , 
2020/10/23, 22, 17, 6, , 
2020/10/24, 26, 18, 3, , 
2020/10/25, 11, 19, 3, , 
2020/10/26, 18, 14, 5, , 
2020/10/27, 18, 17, 8, , 
2020/10/28, 29, 17, 10, , 
2020/10/29, 40, 23, 8, , 
2020/10/30, 38, 22, 9, 1, 
2020/10/31, 34, 34, 4, , 
2020/11/1, 16, 33, 6, 1, 
2020/11/2, 28, 33, 7, , 
2020/11/3, 15, 32, 5, , 
2020/11/4, 15, 23, 2, , 
2020/11/5, 27, 27, 6, , 
2020/11/6, 47, 25, 5, , 
2020/11/7, 22, 31, 2, , 
2020/11/8, 8, 26, 7, , 
2020/11/9, 17, 21, 7, , 
2020/11/10, 15, 22, 8, , 
2020/11/11, 23, 29, 8, , 
2020/11/12, 21, 29, 9, , 
2020/11/13, 24, 8, 6, , 
2020/11/14, 18, , , , 
2020/12/16, 10, 6, 9, 1, 
2020/12/17, 17, 4, 4, , 
2020/12/18, 13, , 7, 1, 
2020/12/19, 19, , 4, , 
2020/12/20, 9, 9, 8, 1, 
2020/12/21, 17, 18, 7, 2, 
2020/12/22, 19, 23, 4, 1, 
2020/12/23, 11, 25, 3, , 
2020/12/24, 15, 24, 3, , 
2020/12/25, 13, 20, 5, , 
2020/12/26, 9, 30, 3, 2, 
2020/12/27, 12, 28, 1, 1, 
2020/12/28, 16, 28, 3, , 
2020/12/29, 9, 26, , , 
2020/12/30, 10, 24, , , 
2020/12/31, 7, 27, , , 
2021/1/1, 8, 26, , 1, 
2021/1/2, 11, 23, , , 
2021/1/3, 4, 23, 5, , 
2020/7/1, 19, 29, 4, , 
2020/7/2, 14, 35, 5, , 
2020/7/3, 18, 46, 6, , 
2020/7/4, 18, 64, 5, , 
2020/7/5, 19, 17, 5, , 
2020/7/6, 22, 23, 4, 1, 
2020/7/7, 31, 27, 7, 2, 
2020/7/8, 39, 27, 4, 2, 
2020/7/9, 25, 20, 4, 2, 
2020/7/10, 16, 32, 5, 2, 
2020/7/11, 19, 32, 5, 3, 
2020/7/12, 23, 32, 6, 2, 
2020/7/13, 27, 31, 3, 2, 
2020/7/14, 20, 25, 4, , 
2020/7/15, 17, 27, 5, , 
2020/7/16, 16, 30, 5, , 
2020/7/17, 17, 40, 4, 1, 
2020/7/18, 21, 45, 3, 1, 
2020/7/19, 26, 39, 5, 1, 
2020/7/20, 25, 23, 4, 1, 
2020/7/21, 31, 29, 8, 1, 
2020/7/22, 25, 34, 7, , 
2020/7/23, 32, 32, 6, 1, 
2020/7/24, 21, 23, 5, 1, 
2020/7/25, 15, 16, 4, 1, 
2020/7/26, 14, 21, 4, 1, 
2020/7/27, 16, 25, 7, 1, 
2020/7/28, 14, 33, 6, 2, 
2020/7/29, 23, 30, 9, 3, 
2020/7/30, 34, 27, 6, 2, 
2020/7/31, 31, 18, 3, 2, 
2020/8/1, 19, 23, 3, 2, 
2020/8/2, 10, 29, 6, 4, 
2020/8/3, 17, 21, 4, 4, 
2020/8/4, 14, 27, 6, 3, 
2020/8/5, 19, 38, 10, 2, 
2020/8/6, 30, 31, 1, 1, 
2020/8/7, 27, 31, 2, 1, 
2020/8/8, 24, 44, 3, 2, 
2020/8/9, 24, 49, 5, 3, 
2020/8/10, 24, 18, 9, 3, 
2020/8/11, 29, 22, 6, 2, 
2020/8/12, 20, 19, 4, , 
2020/8/13, 17, 17, 7, , 
2020/8/14, 18, 17, 3, , 
2020/8/15, 16, 17, 4, 1, 
2020/8/16, 16, 13, 10, , 
2020/8/17, 17, 21, 10, 1, 
2020/8/18, 17, 21, 11, 4, 
2020/8/19, 30, 18, 6, 3, 
2020/8/20, 21, 15, 8, 1, 
2020/8/21, 20, 19, 5, , 
2020/8/22, 21, 19, 5, , 
2020/8/23, 20, 17, 5, , 
2020/8/24, 19, 17, 4, 1, 
2020/8/25, 19, 11, 5, , 
2020/8/26, 17, 12, 5, 1, 
2020/8/27, 20, 18, 2, 1, 
2020/8/28, 18, 22, 2, 1, 
2020/8/29, 17, 22, 2, , 
2020/8/30, 13, 22, 6, 1, 
2020/8/31, 21, 26, 8, 2, 
2020/9/1, 21, 27, 6, 2, 
2020/9/2, 18, 30, 7, 1, 
2020/9/3, 22, 37, 8, 2, 
2020/9/4, 33, 27, 4, 1, 
2020/9/5, 22, 22, 2, 1, 
2020/9/6, 18, 19, 5, 1, 
2020/9/7, 18, 28, 5, , 
2020/9/8, 26, 29, 7, , 
2020/9/9, 34, 24, 6, 1, 
2020/9/10, 30, 18, 5, 1, 
2020/9/11, 24, 19, 5, 1, 
2020/9/12, 23, 28, 7, 1, 
2020/9/13, 31, 37, 6, 2, 
2020/9/14, 38, 32, 4, 2, 
2020/9/15, 29, 28, 6, 2, 
2020/9/16, 33, 30, 14, 2, 
2020/9/17, 38, 26, 11, , 
2020/9/18, 19, 28, 6, , 
2020/9/19, 10, 34, 6, , 
2020/9/20, 13, 30, 10, , 
2020/9/21, 15, 24, 11, , 
2020/9/22, 18, 19, 9, , 
2020/9/23, 22, 23, 6, , 
2020/9/24, 19, 21, 4, , 
2020/9/25, 23, 21, 5, , 
2020/9/26, 14, 19, 6, , 
2020/9/27, 14, 21, 9, , 
2020/9/28, 17, 21, 10, , 
2020/9/29, 24, 24, 9, , 
2020/9/30, 26, 19, 9, 1, 
2020/4/1, 18, 45, 11, 2, 
2020/4/2, 24, 44, 8, 1, 
2020/4/3, 27, 39, 10, , 
2020/4/4, 19, 37, 5, , 
2020/4/5, 15, 39, 7, , 
2020/4/6, 11, 37, 5, , 
2020/4/7, 23, 37, 5, 9, 
2020/4/8, 20, 40, 5, 15, 
2020/4/9, 20, 37, 5, , 
2020/4/10, 15, 33, 2, , 
2020/4/11, 9, 35, 2, , 
2020/4/12, 7, 37, 1, , 
2020/4/13, 9, 32, 3, , 
2020/4/14, 21, 33, 6, , 
2020/4/15, 20, 36, 4, , 
2020/4/16, 11, 33, 4, , 
2020/4/17, 12, 35, 2, , 
2020/4/18, 10, 35, 1, , 
2020/4/19, 7, 37, 2, , 
2020/4/20, 11, 40, 2, , 
2020/4/21, 18, 40, 2, , 
2020/4/22, 18, 37, 3, , 
2020/4/23, 16, 32, 4, , 
2020/4/24, 28, 36, 3, , 
2020/4/25, 27, , 2, , 
2020/4/26, 20, 35, 3, , 
2020/4/27, 13, 36, 4, , 
2020/4/28, 16, 33, 5, , 
2020/4/29, 14, 32, 5, , 
2020/4/30, 17, 18, 4, , 
2020/5/1, 17, 20, 4, , 
2020/5/2, 13, 21, 2, , 
2020/5/3, 16, 31, 8, , 
2020/5/4, 35, 34, 6, , 
2020/5/5, 25, 32, 4, , 
2020/5/6, 23, 32, 5, , 
2020/5/7, 28, 35, 3, , 
2020/5/8, 20, 34, 3, , 
2020/5/9, 18, 35, 1, , 
2020/5/10, 12, 32, 4, , 
2020/5/11, 14, 27, 4, , 
2020/5/12, 20, 26, 6, , 
2020/5/13, 14, 30, 4, , 
2020/5/14, 15, 40, 6, , 
2020/5/15, 28, 40, 2, , 
2020/5/16, 28, 45, 3, , 
2020/5/17, 23, 37, 5, , 
2020/5/18, 21, 41, 5, , 
2020/5/19, 24, 40, 7, , 
2020/5/20, 24, 39, 8, , 
2020/5/21, 30, 28, 10, , 
2020/5/22, 21, 31, 6, , 
2020/5/23, 16, 29, 7, , 
2020/5/24, 21, 31, 11, , 
2020/5/25, 28, 30, 9, , 
2020/5/26, 27, 37, 9, 1, 
2020/5/27, 29, 45, 12, 2, 
2020/5/28, 36, 47, 12, 2, 
2020/5/29, 36, 44, 9, 3, 
2020/5/30, 25, 37, 9, 3, 
2020/5/31, 28, 40, 5, 2, 
2020/6/1, 26, 30, 10, 1, 
2020/6/2, 27, 47, 7, 1, 
2020/6/3, 25, 41, 5, 1, 
2020/6/4, 22, 33, 6, , 
2020/6/5, 24, 27, 5, 1, 
2020/6/6, 16, 32, 4, 1, 
2020/6/7, 14, 34, 7, 1, 
2020/6/8, 15, 32, 7, 1, 
2020/6/9, 18, 30, 9, 1, 
2020/6/10, 20, 25, 8, 3, 
2020/6/11, 17, 34, 6, 4, 
2020/6/12, 16, 40, 8, 3, 
2020/6/13, 18, 38, 6, 2, 
2020/6/14, 19, 34, 9, 3, 
2020/6/15, 18, 26, 7, 3, 
2020/6/16, 16, 27, 2, 1, 
2020/6/17, 16, 22, 5, 1, 
2020/6/18, 13, 24, 6, 1, 
2020/6/19, 17, 25, 5, 1, 
2020/6/20, 17, 20, 5, , 
2020/6/21, 16, 20, 4, 1, 
2020/6/22, 22, 32, 7, 3, 
2020/6/23, 25, 38, 6, 3, 
2020/6/24, 33, 42, 5, 3, 
2020/6/25, 29, 28, 7, 1, 
2020/6/26, 19, 24, 6, 1, 
2020/6/27, 18, , 2, 1, 
2020/6/28, 13, 26, 5, , 
2020/6/29, 15, 26, 6, 2, 
2020/6/30, 17, 24, 5, 1, 
2020/1/1, 29, 14, 20, 5, 
2020/1/2, 35, 11, 22, , 
2020/1/3, 28, 28, 20, , 
2020/1/4, 20, 25, 12, , 
2020/1/5, 21, 22, 15, , 
2020/1/6, 22, 15, 18, 2, 
2020/1/7, 26, 14, 25, 2, 
2020/1/8, 31, 33, 19, 3, 
2020/1/9, 32, 33, 17, , 
2020/1/10, 23, 20, 22, , 
2020/1/11, 23, 18, 21, 1, 
2020/1/12, 21, 29, 20, 2, 
2020/1/13, 24, 34, 11, 1, 
2020/1/14, 34, 32, 14, 1, 
2020/1/15, 31, 32, 12, 1, 
2020/1/16, 24, 29, 16, 1, 
2020/1/17, 21, 30, 10, 1, 
2020/1/18, 16, 32, 8, , 
2020/1/19, 22, 32, 14, , 
2020/1/20, 22, 20, 21, 2, 
2020/1/21, 26, 13, 19, 1, 
2020/1/22, 27, 5, 25, 3, 
2020/1/23, 43, 18, 22, 1, 
2020/1/24, 46, 10, 21, 2, 
2020/1/25, 33, 26, 20, 1, 
2020/1/26, 23, 27, 21, 2, 
2020/1/27, 24, 32, 19, 1, 
2020/1/28, 31, 17, 24, 2, 
2020/1/29, 31, 24, 22, 2, 
2020/1/30, 22, 23, 22, 3, 
2020/1/31, 28, 23, 18, 2, 
2020/2/1, 16, 18, 19, , 
2020/2/2, 22, 14, 27, 2, 
2020/2/3, 69, 30, 19, , 
2020/2/4, 27, 31, 13, , 
2020/2/5, 23, 18, 21, , 
2020/2/6, 32, 18, 22, 1, 
2020/2/7, 33, 32, 17, , 
2020/2/8, 24, 7, 15, , 
2020/2/9, 17, , 18, , 
2020/2/10, 37, , 15, , 
2020/2/11, 41, , 18, 1, 
2020/2/12, 35, , 16, 1, 
2020/2/13, 41, , 19, 1, 
2020/2/14, 36, , 16, 1, 
2020/2/15, 24, , 7, 1, 
2020/2/16, 17, , 11, , 
2020/2/17, 20, , 17, , 
2020/2/18, 23, , 20, , 
2020/2/19, 26, , 21, 1, 
2020/2/20, 32, , 17, , 
2020/2/21, 27, , 17, , 
2020/2/22, 30, , 13, , 
2020/2/23, 53, 22, 13, 1, 
2020/2/24, 47, 38, 13, , 
2020/2/25, 27, 37, 12, , 
2020/2/26, 20, 28, 14, 1, 
2020/2/27, 48, 28, 18, 2, 
2020/2/28, 69, 34, 13, 2, 
2020/2/29, 59, 37, 9, 2, 
2020/3/1, 23, 37, 7, 1, 
2020/3/2, 18, 32, 15, , 
2020/3/3, 45, 20, 22, 1, 
2020/3/4, 22, 35, 10, , 
2020/3/5, 24, 37, 7, , 
2020/3/6, 26, 36, 10, , 
2020/3/7, 29, 37, 13, , 
2020/3/8, 24, 37, 12, , 
2020/3/9, 34, 34, 21, 1, 
2020/3/10, 41, 34, 20, 1, 
2020/3/11, 31, 35, 18, 1, 
2020/3/12, 25, 35, 15, 1, 
2020/3/13, 34, 36, 13, 1, 
2020/3/14, 26, 40, 8, 1, 
2020/3/15, 25, 37, 10, 1, 
2020/3/16, 14, 31, 13, 1, 
2020/3/17, 20, 28, 12, 1, 
2020/3/18, 28, 32, 12, 1, 
2020/3/19, 32, 29, 12, 2, 
2020/3/20, 35, 34, 9, 2, 
2020/3/21, 38, 34, 6, 2, 
2020/3/22, 36, 31, 8, 1, 
2020/3/23, 23, 32, 11, , 
2020/3/24, 30, 38, 12, , 
2020/3/25, 29, 46, 12, , 
2020/3/26, 24, 44, 12, 1, 
2020/3/27, 30, 32, 12, 1, 
2020/3/28, 32, 24, 9, , 
2020/3/29, 35, , , , 
2019/10/1, 27, 29, 10, 2, 
2019/10/2, 19, 25, 17, 2, 
2019/10/3, 20, 26, 19, 3, 
2019/10/4, 16, 28, 15, 2, 
2019/10/5, 21, 25, 15, 2, 
2019/10/6, 21, 29, 20, 3, 
2019/10/7, 26, 25, 17, 3, 
2019/10/8, 21, 29, 14, 3, 
2019/10/9, 21, 31, 17, 3, 
2019/10/10, 27, 29, 19, 4, 
2019/10/11, 32, 30, 17, 4, 
2019/10/12, 30, 30, 10, 4, 
2019/10/13, 31, 37, 15, 3, 
2019/10/14, 16, 28, 18, , 
2019/10/15, 16, 28, 13, , 
2019/10/16, 14, 28, 19, , 
2019/10/17, 17, 31, 21, 1, 
2019/10/18, 30, 29, 19, 1, 
2019/10/19, 19, 33, 10, , 
2019/10/20, 7, 30, 21, 1, 
2019/10/21, 17, 17, 23, 1, 
2019/10/22, 29, 32, 10, 1, 
2019/10/23, 10, 29, 19, 1, 
2019/10/24, 17, 17, 20, 2, 
2019/10/25, 27, 22, 24, 3, 
2019/10/26, 23, 21, 22, 2, 
2019/10/27, 21, 18, 25, 2, 
2019/10/28, 29, 29, 20, 2, 
2019/10/29, 29, 19, 18, 2, 
2019/10/30, 22, 28, 16, 1, 
2019/10/31, 20, 13, 18, 2, 
2019/11/1, 17, 30, 12, 3, 
2019/11/2, 21, 32, 10, 3, 
2019/11/3, 25, 31, 13, 3, 
2019/11/4, 21, 19, 9, 1, 
2019/11/5, 21, 17, 16, 1, 
2019/11/6, 20, 32, 8, , 
2019/11/7, 18, 30, 8, , 
2019/11/8, 19, 31, 10, , 
2019/11/9, 20, 29, 8, , 
2019/11/10, 22, 29, 17, , 
2019/11/11, 24, 27, 19, 1, 
2019/11/12, 21, 28, 20, 2, 
2019/11/13, 21, 33, 16, 2, 
2019/11/14, 16, 28, 16, 1, 
2019/11/15, 13, 27, 9, , 
2019/11/16, 11, 31, 8, , 
2019/11/17, 11, 21, 20, 1, 
2019/11/18, 15, 15, 20, 1, 
2019/11/19, 17, 24, 19, 2, 
2019/11/20, 20, 27, 22, 2, 
2019/11/21, 19, 29, 14, 3, 
2019/11/22, 12, 37, 6, 1, 
2019/11/23, 20, 28, 13, 1, 
2019/11/24, 14, 25, 22, 2, 
2019/11/25, 19, 26, 19, 3, 
2019/11/26, 20, 16, 28, 3, 
2019/11/27, 26, 20, 23, 2, 
2019/11/28, 18, 26, 23, 2, 
2019/11/29, 20, 26, 19, 2, 
2019/11/30, 16, 26, 18, 2, 
2019/12/1, 14, 25, 17, 1, 
2019/12/2, 17, 27, 16, 1, 
2019/12/3, 19, 17, 21, 2, 
2019/12/4, 28, 15, 23, 2, 
2019/12/5, 29, 11, 19, 1, 
2019/12/6, 25, 9, 19, 2, 
2019/12/7, 33, 30, 13, 1, 
2019/12/8, 23, 33, 9, 1, 
2019/12/9, 39, 18, 24, 3, 
2019/12/10, 41, 31, 9, 1, 
2019/12/11, 20, 31, 11, 2, 
2019/12/12, 15, 32, 6, 2, 
2019/12/13, 26, 28, 14, 3, 
2019/12/14, 17, 33, 14, 3, 
2019/12/15, 20, 29, 19, 4, 
2019/12/16, 27, 29, 20, 3, 
2019/12/17, 13, 29, 12, 2, 
2019/12/18, 21, 31, 12, 1, 
2019/12/19, 14, 30, 23, 2, 
2019/12/20, 18, 28, 17, 2, 
2019/12/21, 20, 34, 8, 1, 
2019/12/22, 26, 27, 16, 2, 
2019/12/23, 22, 18, 15, 2, 
2019/12/24, 18, 11, 13, 3, 
2019/12/25, 26, 31, 18, 2, 
2019/12/26, 29, 23, 18, 2, 
2019/12/27, 29, 20, 16, 2, 
2019/12/28, 24, , 13, 3, 
2019/12/29, 30, , , , 
2019/7/1, 18, 28, 7, , 
2019/7/2, 23, 27, 11, , 
2019/7/3, 39, 40, 16, 1, 
2019/7/4, 44, 44, 9, , 
2019/7/5, 32, 35, 5, , 
2019/7/6, 21, 34, 7, , 
2019/7/7, 18, 35, 9, , 
2019/7/8, 23, 34, 6, , 
2019/7/9, 23, 37, 13, 1, 
2019/7/10, 30, 39, 12, 1, 
2019/7/11, 27, 44, 13, 1, 
2019/7/12, 23, 27, 7, 1, 
2019/7/13, 16, 33, 6, 1, 
2019/7/14, 19, 38, 12, 1, 
2019/7/15, 27, 29, 11, 1, 
2019/7/16, 24, 29, 10, 1, 
2019/7/17, 23, 22, 8, , 
2019/7/18, 17, 25, 9, , 
2019/7/19, 24, 20, 7, , 
2019/7/20, 16, 19, 7, , 
2019/7/21, 17, 26, 8, , 
2019/7/22, 23, 30, 9, , 
2019/7/23, 34, 33, 10, , 
2019/7/24, 31, 40, 6, , 
2019/7/25, 22, 35, 7, 1, 
2019/7/26, 13, 12, 6, 1, 
2019/7/27, 12, 15, 6, 1, 
2019/7/28, 11, 19, 9, 1, 
2019/7/29, 25, 18, 6, , 
2019/7/30, 23, 20, 10, 1, 
2019/7/31, 28, 23, 11, 1, 
2019/8/1, 32, 17, 11, 1, 
2019/8/2, 24, 25, 6, 1, 
2019/8/3, 19, 19, 7, 1, 
2019/8/4, 17, 19, 11, 1, 
2019/8/5, 20, 24, 10, 1, 
2019/8/6, 21, 22, 13, 1, 
2019/8/7, 20, 13, 13, 1, 
2019/8/8, 19, 20, 13, 1, 
2019/8/9, 27, 21, 11, , 
2019/8/10, 28, 21, 5, 1, 
2019/8/11, 18, 21, 5, 1, 
2019/8/12, 18, 23, 6, 1, 
2019/8/13, 22, 25, 5, 1, 
2019/8/14, 21, 18, 4, 1, 
2019/8/15, 14, 25, 5, 1, 
2019/8/16, 18, 19, 5, 1, 
2019/8/17, 18, 18, 4, 1, 
2019/8/18, 14, 22, 10, 1, 
2019/8/19, 17, 20, 9, 1, 
2019/8/20, 21, 26, 18, , 
2019/8/21, 24, 30, 12, , 
2019/8/22, 30, 37, 19, 1, 
2019/8/23, 30, 33, 8, , 
2019/8/24, 28, 30, 9, , 
2019/8/25, 24, 25, 12, , 
2019/8/26, 29, 24, 13, , 
2019/8/27, 24, 22, 10, , 
2019/8/28, 24, 25, 10, , 
2019/8/29, 29, 23, 7, , 
2019/8/30, 17, 23, 7, , 
2019/8/31, 18, 17, 7, , 
2019/9/1, 14, 19, 11, , 
2019/9/2, 22, 26, 11, , 
2019/9/3, 25, 26, 11, , 
2019/9/4, 23, 19, 11, , 
2019/9/5, 22, 22, 16, , 
2019/9/6, 26, 23, 10, , 
2019/9/7, 16, 22, 7, , 
2019/9/8, 15, 22, 9, 1, 
2019/9/9, 23, 25, 10, , 
2019/9/10, 23, 21, 15, , 
2019/9/11, 24, 27, 11, , 
2019/9/12, 22, 27, 15, , 
2019/9/13, 26, 34, 13, 1, 
2019/9/14, 29, 34, 15, 1, 
2019/9/15, 34, 35, 15, 1, 
2019/9/16, 32, 34, 13, 1, 
2019/9/17, 33, 36, 14, 1, 
2019/9/18, 30, 34, 16, 1, 
2019/9/19, 33, 38, 16, 2, 
2019/9/20, 33, 30, 7, 2, 
2019/9/21, 20, 30, 9, 2, 
2019/9/22, 17, 22, 18, 2, 
2019/9/23, 30, 21, 12, 2, 
2019/9/24, 26, 26, 12, 2, 
2019/9/25, 28, 30, 14, 2, 
2019/9/26, 31, 28, 14, 2, 
2019/9/27, 31, 31, 10, 2, 
2019/9/28, 23, 28, 14, 3, 
2019/9/29, 23, 21, 12, 3, 
2019/9/30, 20, 31, 9, 3, 
2019/4/1, 34, 41, 11, 1, 
2019/4/2, 27, 35, 9, , 
2019/4/3, 13, 36, 13, 1, 
2019/4/4, 17, 37, 12, 1, 
2019/4/5, 16, 38, 8, 1, 
2019/4/6, 11, 42, 5, , 
2019/4/7, 12, 42, 11, , 
2019/4/8, 16, 37, 15, 1, 
2019/4/9, 21, 38, 13, 1, 
2019/4/10, 14, 37, 12, , 
2019/4/11, 18, 42, 15, , 
2019/4/12, 35, 46, 16, 1, 
2019/4/13, 29, 41, 13, 1, 
2019/4/14, 31, 33, 13, 1, 
2019/4/15, 20, 37, 9, 1, 
2019/4/16, 24, 34, 24, 1, 
2019/4/17, 29, 38, 12, , 
2019/4/18, 16, 37, 11, , 
2019/4/19, 21, 41, 12, , 
2019/4/20, 23, 44, 10, , 
2019/4/21, 24, 39, 11, 2, 
2019/4/22, 24, 44, 11, 1, 
2019/4/23, 23, 39, 7, 1, 
2019/4/24, 13, 39, 7, 1, 
2019/4/25, 16, 37, 6, , 
2019/4/26, 20, 40, 6, , 
2019/4/27, 23, 40, 7, , 
2019/4/28, 28, 39, 9, 1, 
2019/4/29, 32, 35, 16, 2, 
2019/4/30, 24, 39, 8, 1, 
2019/5/1, 16, 41, 12, 1, 
2019/5/2, 17, 43, 10, 1, 
2019/5/3, 11, 31, 7, 1, 
2019/5/4, 12, , 4, 1, 
2019/5/5, 16, 42, 12, 1, 
2019/5/6, 20, 44, 18, 1, 
2019/5/7, 28, 41, 11, , 
2019/5/8, 19, 42, 14, , 
2019/5/9, 36, 28, 12, 1, 
2019/5/10, 23, 34, 4, , 
2019/5/11, 17, 41, 5, , 
2019/5/12, 18, 43, 11, , 
2019/5/13, 33, 34, 12, , 
2019/5/14, 28, 40, 15, 1, 
2019/5/15, 30, 48, 8, , 
2019/5/16, 27, 48, 5, , 
2019/5/17, 18, 34, 3, , 
2019/5/18, 12, 38, 3, , 
2019/5/19, 16, 42, 13, 1, 
2019/5/20, 22, 43, 10, 5, 
2019/5/21, 18, 44, 10, 1, 
2019/5/22, 30, 37, 8, , 
2019/5/23, 24, 36, 5, , 
2019/5/24, 17, 45, 4, , 
2019/5/25, 16, 37, 3, , 
2019/5/26, 13, 37, 8, , 
2019/5/27, 16, 40, 5, , 
2019/5/28, 22, 38, 11, 1, 
2019/5/29, 23, 57, 9, 1, 
2019/5/30, 32, 65, 13, 1, 
2019/5/31, 35, , 11, 2, 
2019/6/1, 24, , 7, 2, 
2019/6/2, 17, 23, 10, 2, 
2019/6/3, 23, 33, 7, 2, 
2019/6/4, 18, 32, 6, 1, 
2019/6/5, 13, 35, 12, 1, 
2019/6/6, 24, 36, 6, , 
2019/6/7, 22, 34, 8, , 
2019/6/8, 20, 33, 6, , 
2019/6/9, 16, 38, 7, , 
2019/6/10, 15, 36, 6, , 
2019/6/11, 14, 35, 5, , 
2019/6/12, 20, 33, 12, 1, 
2019/6/13, 18, 30, 12, , 
2019/6/14, 17, 35, 9, , 
2019/6/15, 15, 32, 7, , 
2019/6/16, 19, 29, 9, 1, 
2019/6/17, 32, 31, 7, 1, 
2019/6/18, 33, 33, 9, , 
2019/6/19, 28, 34, 12, , 
2019/6/20, 15, 29, 9, , 
2019/6/21, 15, 22, 9, , 
2019/6/22, 18, , 8, 1, 
2019/6/23, 19, 26, 10, , 
2019/6/24, 24, 30, 11, , 
2019/6/25, 22, 29, 7, , 
2019/6/26, 24, 31, 9, , 
2019/6/27, 22, 30, 10, , 
2019/6/28, 23, 30, 3, , 
2019/6/29, 17, 23, 5, , 
2019/6/30, 19, 25, 7, , 
2019/1/1, 27, 19, 11, 1, 
2019/1/2, 17, 19, 9, 1, 
2019/1/3, 18, 17, 12, 1, 
2019/1/4, 26, 14, 15, 2, 
2019/1/5, 40, 17, 13, 2, 
2019/1/6, 42, 21, 12, 1, 
2019/1/7, 25, 12, 14, 1, 
2019/1/8, 26, 20, 17, 2, 
2019/1/9, 25, 24, 15, 1, 
2019/1/10, 22, 11, 20, 1, 
2019/1/11, 32, 14, 16, , 
2019/1/12, 13, 19, 10, , 
2019/1/13, 13, 18, 16, , 
2019/1/14, 16, 21, 14, 1, 
2019/1/15, 20, 10, 17, 1, 
2019/1/16, 32, 22, 15, 1, 
2019/1/17, 15, 13, 17, 1, 
2019/1/18, 14, , , , 
2019/1/21, 22, 24, 10, 1, 
2019/1/22, 14, 28, 5, , 
2019/1/23, 23, 26, 16, 1, 
2019/1/24, 11, 24, 8, , 
2019/1/25, 15, 21, 11, 1, 
2019/1/26, 15, 28, 2, 1, 
2019/1/27, 25, 28, 6, 1, 
2019/1/28, 27, 29, 9, 1, 
2019/1/29, 24, 28, 14, 2, 
2019/1/30, 22, 23, 15, 3, 
2019/1/31, 14, 31, 14, 3, 
2019/2/1, 16, 27, 6, 2, 
2019/2/2, 25, 25, 11, 1, 
2019/2/3, 14, 17, 24, 2, 
2019/2/4, 19, 23, 18, 1, 
2019/2/5, 20, 15, 16, 1, 
2019/2/6, 25, 25, 14, , 
2019/2/7, 27, 20, 20, 1, 
2019/2/8, 29, 27, 14, , 
2019/2/9, 24, 30, 4, , 
2019/2/10, 23, 30, 14, , 
2019/2/11, 23, 27, 13, 1, 
2019/2/12, 21, 20, 19, 2, 
2019/2/13, 27, 21, 25, 2, 
2019/2/14, 42, 30, 25, 1, 
2019/2/15, 36, 32, 18, 1, 
2019/2/16, 69, 32, 10, 1, 
2019/2/17, 26, 32, 14, 1, 
2019/2/18, 35, 31, 14, , 
2019/2/19, 13, 24, 19, 1, 
2019/2/20, 27, 21, 28, 2, 
2019/2/21, 35, 26, 31, 1, 
2019/2/22, 54, 32, 17, 1, 
2019/2/23, 48, 30, 18, 1, 
2019/2/24, 49, 26, 20, 1, 
2019/2/25, 49, 21, 20, 1, 
2019/2/26, 39, 35, 22, 1, 
2019/2/27, 41, 35, 18, , 
2019/2/28, 36, 33, 21, 1, 
2019/3/1, 31, 32, 14, 1, 
2019/3/2, 24, 31, 12, 1, 
2019/3/3, 33, 35, 9, , 
2019/3/4, 36, 32, 9, 1, 
2019/3/5, 25, 33, 7, 1, 
2019/3/6, 20, 33, 16, 1, 
2019/3/7, 22, 33, 12, , 
2019/3/8, 18, 23, 10, , 
2019/3/9, 16, 30, 8, , 
2019/3/10, 20, 30, 13, , 
2019/3/11, 27, 30, 11, 1, 
2019/3/12, 24, 31, 5, , 
2019/3/13, 23, 32, 8, , 
2019/3/14, 27, 38, 13, , 
2019/3/15, 25, 33, 8, 1, 
2019/3/16, 29, 35, 5, , 
2019/3/17, 22, 32, 8, , 
2019/3/18, 21, 34, 16, 1, 
2019/3/19, 15, 35, 15, 1, 
2019/3/20, 21, 37, 16, 1, 
2019/3/21, 27, 33, 21, 2, 
2019/3/22, 33, 39, 21, 2, 
2019/3/23, 29, 41, 12, 1, 
2019/3/24, 32, 37, 15, 1, 
2019/3/25, 34, 38, 9, 1, 
2019/3/26, 27, 39, 19, 1, 
2019/3/27, 33, 38, 15, 1, 
2019/3/28, 35, 41, 20, 2, 
2019/3/29, 42, 40, 13, 2, 
2019/3/30, 33, 44, 12, 2, 
2019/3/31, 33, 39, 16, 2, 
2018/10/1, 21, 24, 16, , 
2018/10/2, 27, 24, 10, , 
2018/10/3, 24, 21, 17, , 
2018/10/4, 24, 32, 20, 1, 
2018/10/5, 30, 23, 8, , 
2018/10/6, 25, 21, 6, , 
2018/10/7, 22, 20, 15, , 
2018/10/8, 18, 17, 14, , 
2018/10/9, 16, 24, 24, 1, 
2018/10/10, 22, 25, 14, , 
2018/10/11, 29, 23, 8, , 
2018/10/12, 20, 20, 17, 1, 
2018/10/13, 13, 26, 5, , 
2018/10/14, 11, 21, 17, 1, 
2018/10/15, 17, 21, 18, 1, 
2018/10/16, 27, 21, 16, 1, 
2018/10/17, 25, 17, 15, , 
2018/10/18, 30, 23, 13, , 
2018/10/19, 39, 24, 16, , 
2018/10/20, 42, 24, 13, , 
2018/10/21, 37, 24, 20, , 
2018/10/22, 32, 17, 22, 1, 
2018/10/23, 32, 22, 20, 1, 
2018/10/24, 29, 20, 23, 1, 
2018/10/25, 33, 15, 20, 1, 
2018/10/26, 33, 20, 10, 1, 
2018/10/27, 9, 21, 9, 1, 
2018/10/28, 8, 23, 12, 2, 
2018/10/29, 18, 18, 17, 2, 
2018/10/30, 15, 18, 18, 2, 
2018/10/31, 21, 22, 11, , 
2018/11/1, 16, 20, 14, , 
2018/11/2, 14, 18, 12, , 
2018/11/3, 18, 17, 16, 1, 
2018/11/4, 24, 21, 18, 1, 
2018/11/5, 14, 21, 11, , 
2018/11/6, 16, 23, 14, , 
2018/11/7, 19, 23, 12, , 
2018/11/8, 18, 21, 12, , 
2018/11/9, 16, 25, 13, , 
2018/11/10, 20, 22, 9, , 
2018/11/11, 14, 22, 22, 1, 
2018/11/12, 18, 17, 17, 1, 
2018/11/13, 23, 9, 24, 2, 
2018/11/14, 30, 17, 17, 1, 
2018/11/15, 31, 13, 22, 1, 
2018/11/16, 33, 16, 13, 1, 
2018/11/17, 26, 16, 12, 2, 
2018/11/18, 29, 19, 14, 1, 
2018/11/19, 23, 18, 12, , 
2018/11/20, 20, 21, 21, 1, 
2018/11/21, 20, 23, 16, 1, 
2018/11/22, 14, 21, 31, , 
2018/11/23, 16, 21, 14, , 
2018/11/24, 13, 22, 16, , 
2018/11/25, 11, 20, 20, , 
2018/11/26, 13, 11, 19, 1, 
2018/11/27, 22, 13, 20, 1, 
2018/11/28, 34, 24, 11, , 
2018/11/29, 15, 17, 16, 1, 
2018/11/30, 24, 12, 14, 1, 
2018/12/1, 18, 15, 9, 1, 
2018/12/2, 17, 13, 14, 1, 
2018/12/3, 16, 4, 27, 1, 
2018/12/4, 27, 8, 30, 1, 
2018/12/5, 25, 13, 21, , 
2018/12/6, 17, 19, 25, 1, 
2018/12/7, 22, 19, 23, 1, 
2018/12/8, 28, 23, 10, , 
2018/12/9, 36, 20, 25, 1, 
2018/12/10, 46, 13, 45, 2, 
2018/12/11, 32, 18, 36, 1, 
2018/12/12, 32, 24, 15, 1, 
2018/12/13, 17, 26, 16, 1, 
2018/12/14, 23, 16, 15, 1, 
2018/12/15, 14, 24, 11, 1, 
2018/12/16, 15, 19, 16, 2, 
2018/12/17, 24, 25, 11, 1, 
2018/12/18, 22, 17, 17, 1, 
2018/12/19, 22, 14, 17, , 
2018/12/20, 26, 20, 12, 1, 
2018/12/21, 19, 12, 13, , 
2018/12/22, 25, 6, 14, 1, 
2018/12/23, 28, 7, 13, 1, 
2018/12/24, 30, 7, 9, 1, 
2018/12/25, 23, 1, 15, 2, 
2018/12/26, 35, 7, 18, 2, 
2018/12/27, 40, 2, 19, 1, 
2018/12/28, 40, 16, 14, , 
2018/12/29, 29, 15, 9, 1, 
2018/12/30, 21, , , , 
2018/7/1, 19, , 17, , 
2018/7/2, 14, , 16, , 
2018/7/3, 14, , 15, , 
2018/7/4, 16, , 13, , 
2018/7/5, 22, , 18, , 
2018/7/6, 21, , 13, , 
2018/7/7, 17, , 8, , 
2018/7/8, 22, , 11, , 
2018/7/9, 20, , 9, , 
2018/7/10, 28, , 13, , 
2018/7/11, 24, , 16, , 
2018/7/12, 18, , 27, , 
2018/7/13, 23, , 19, , 
2018/7/14, 22, , 15, , 
2018/7/15, 23, , 20, , 
2018/7/16, 17, , 26, , 
2018/7/17, 15, , 19, , 
2018/7/18, 20, , 17, , 
2018/7/19, 18, , 17, , 
2018/7/20, 12, , 13, , 
2018/7/21, 14, , 11, , 
2018/7/22, 8, , 16, , 
2018/7/23, 15, , 16, , 
2018/7/24, 17, , 16, , 
2018/7/25, 14, , 8, , 
2018/7/26, 14, , 6, , 
2018/7/27, 20, , 7, , 
2018/7/28, 15, , 4, , 
2018/7/29, 22, , 5, , 
2018/7/30, 24, , 5, , 
2018/7/31, 16, , 6, , 
2018/8/1, 17, , 11, , 
2018/8/2, 24, , 11, 1, 
2018/8/3, 31, , 3, , 
2018/8/4, 26, , 10, , 
2018/8/5, 30, , 10, , 
2018/8/6, 33, , 2, , 
2018/8/7, 26, , 8, , 
2018/8/8, 16, , 7, , 
2018/8/9, 15, , 8, , 
2018/8/10, 19, , 7, , 
2018/8/11, 19, , 3, , 
2018/8/12, 20, , 5, , 
2018/8/13, 14, , 11, , 
2018/8/14, 14, , 8, , 
2018/8/15, 13, , 14, , 
2018/8/16, 20, , 11, , 
2018/8/17, 14, , , , 
2018/8/19, 21, , 14, , 
2018/8/20, 21, , 14, , 
2018/8/21, 19, , 13, 1, 
2018/8/22, 25, , 12, , 
2018/8/23, 17, , 11, , 
2018/8/24, 18, , 10, , 
2018/8/25, 21, , 13, 1, 
2018/8/26, 18, , 16, 1, 
2018/8/27, 21, , 10, 1, 
2018/8/28, 27, , 12, , 
2018/8/29, 20, , 13, 1, 
2018/8/30, 26, , 16, 1, 
2018/8/31, 22, , 8, 1, 
2018/9/1, 18, , 9, 2, 
2018/9/2, 23, , 17, 1, 
2018/9/3, 27, 27, 19, , 
2018/9/4, 27, 29, 19, 1, 
2018/9/5, 27, 29, 14, 1, 
2018/9/6, 18, 28, 17, 2, 
2018/9/7, 21, 32, 12, 2, 
2018/9/8, 24, 28, 12, 2, 
2018/9/9, 23, 27, 14, 3, 
2018/9/10, 21, 28, 16, 1, 
2018/9/11, 29, 24, 14, 17, 
2018/9/12, 31, 32, 17, , 
2018/9/13, 20, 33, 13, 2, 
2018/9/14, 16, 44, 8, , 
2018/9/15, 21, 43, 11, , 
2018/9/16, 26, 26, 19, 1, 
2018/9/17, 25, 22, 16, , 
2018/9/18, 28, 18, 12, , 
2018/9/19, 32, 21, 14, , 
2018/9/20, 33, 19, 15, 1, 
2018/9/21, 28, 20, 10, , 
2018/9/22, 24, 16, 9, , 
2018/9/23, 22, 22, 14, , 
2018/9/24, 20, 23, 18, 1, 
2018/9/25, 22, 23, 18, , 
2018/9/26, 24, 28, 38, 3, 
2018/9/27, 50, 32, 21, , 
2018/9/28, 35, 31, 13, , 
2018/9/29, 28, 31, 11, , 
2018/9/30, 25, 27, 17, , 
2018/4/1, 14, , 12, 1, 
2018/4/2, 21, , 9, , 
2018/4/3, 17, , 9, , 
2018/4/4, 19, , 16, 1, 
2018/4/5, 33, , 12, 2, 
2018/4/6, 20, , 18, 21, 
2018/4/7, 17, , 11, , 
2018/4/8, 17, , 12, , 
2018/4/9, 15, , 15, , 
2018/4/10, 11, , 9, , 
2018/4/11, 19, , 15, , 
2018/4/12, 20, , 20, , 
2018/4/13, 25, , , , 
2018/4/20, 40, , 23, , 
2018/4/21, 45, , 10, , 
2018/4/22, 34, , 16, , 
2018/4/23, 33, , 8, , 
2018/4/24, 31, , 4, , 
2018/4/25, 20, , 4, , 
2018/4/26, 21, , 6, 4, 
2018/4/27, 29, , 5, 3, 
2018/4/28, 20, , 2, 3, 
2018/4/29, 9, , 6, 2, 
2018/4/30, 11, , 3, , 
2018/5/1, 12, , 5, , 
2018/5/2, 16, , 6, , 
2018/5/3, 21, , 6, 1, 
2018/5/4, 25, , 5, , 
2018/5/5, 27, , 7, , 
2018/5/6, 28, , 9, 1, 
2018/5/7, 36, , 11, 1, 
2018/5/8, 34, , 14, 1, 
2018/5/9, 21, , 15, , 
2018/5/10, 30, , 13, , 
2018/5/11, 32, , 9, , 
2018/5/12, 18, , 7, 1, 
2018/5/13, 14, , 17, 1, 
2018/5/14, 12, , 13, 1, 
2018/5/15, 13, , 14, 1, 
2018/5/16, 11, , 18, , 
2018/5/17, 23, , 17, 1, 
2018/5/18, 34, , 13, 1, 
2018/5/19, 32, , 12, 2, 
2018/5/20, 28, , 14, 1, 
2018/5/21, 28, , 18, 2, 
2018/5/22, 29, , 16, , 
2018/5/23, 35, , 17, 1, 
2018/5/24, 30, , 21, , 
2018/5/25, 21, , 12, , 
2018/5/26, 15, , 12, , 
2018/5/27, 21, , 16, , 
2018/5/28, 17, , 13, , 
2018/5/29, 15, , 15, , 
2018/5/30, 20, , 19, , 
2018/5/31, 18, , 17, , 
2018/6/1, 18, , 13, , 
2018/6/2, 16, , 9, , 
2018/6/3, 13, , 15, , 
2018/6/4, 10, , 16, , 
2018/6/5, 11, , 14, 1, 
2018/6/6, 15, , 16, 1, 
2018/6/7, 19, , 14, , 
2018/6/8, 17, , 13, , 
2018/6/9, 15, , 15, , 
2018/6/10, 10, , 10, 1, 
2018/6/11, 9, , 7, , 
2018/6/12, 30, , 8, , 
2018/6/13, 20, , 14, 1, 
2018/6/14, 18, , 15, 1, 
2018/6/15, 18, , 11, 1, 
2018/6/16, 12, , 9, 2, 
2018/6/17, 15, , 14, 1, 
2018/6/18, 18, , 11, , 
2018/6/19, 13, , 11, 1, 
2018/6/20, 22, , 11, 1, 
2018/6/21, 21, , 15, 1, 
2018/6/22, 29, , 11, 1, 
2018/6/23, 25, , 12, 1, 
2018/6/24, 24, , 18, 2, 
2018/6/25, 26, , 11, 2, 
2018/6/26, 26, , 11, 1, 
2018/6/27, 21, , 14, 1, 
2018/6/28, 16, , 15, , 
2018/6/29, 20, , 16, 1, 
2018/6/30, 24, , 10, , 
2018/1/1, 22, , 38, , 
2018/1/2, 14, , 35, , 
2018/1/3, 20, , 44, 1, 
2018/1/4, 35, , 35, , 
2018/1/5, 13, , 31, , 
2018/1/6, 11, , 30, , 
2018/1/7, 11, , 33, 1, 
2018/1/8, 17, , 29, , 
2018/1/9, 15, , 26, 1, 
2018/1/10, 14, , 13, , 
2018/1/11, 15, , 34, 1, 
2018/1/12, 24, , 28, , 
2018/1/13, 12, , 24, , 
2018/1/14, 11, , 32, 1, 
2018/1/15, 15, , 28, , 
2018/1/16, 21, , 32, , 
2018/1/17, 42, , 35, 1, 
2018/1/18, 36, , 32, , 
2018/1/19, 20, , 26, , 
2018/1/20, 24, , 25, , 
2018/1/21, 23, , 42, , 
2018/1/22, 19, , 48, , 
2018/1/23, 20, , 54, , 
2018/1/24, 19, , 56, , 
2018/1/25, 18, , 37, , 
2018/1/26, 22, , 29, , 
2018/1/27, 23, , 24, 1, 
2018/1/28, 35, , 37, 2, 
2018/1/29, 35, , 28, , 
2018/1/30, 24, , 27, , 
2018/1/31, 29, , 23, , 
2018/2/1, 17, , 30, , 
2018/2/2, 15, , 18, , 
2018/2/3, 11, , 20, , 
2018/2/4, 9, , 26, , 
2018/2/5, 13, , 33, , 
2018/2/6, 12, , 36, , 
2018/2/7, 14, , 33, , 
2018/2/8, 12, , 38, 1, 
2018/2/9, 20, , 24, , 
2018/2/10, 17, , 23, , 
2018/2/11, 12, , 49, , 
2018/2/12, 14, , 68, , 
2018/2/13, 19, , 53, 3, 
2018/2/14, 26, , 17, 6, 
2018/2/15, 30, , 16, 2, 
2018/2/16, 45, , 9, , 
2018/2/17, 19, , 10, , 
2018/2/18, 17, , 9, , 
2018/2/19, 14, , 10, , 
2018/2/20, 23, , 13, , 
2018/2/21, 22, , 20, 1, 
2018/2/22, 35, , 14, 1, 
2018/2/23, 30, , 10, , 
2018/2/24, 28, , 10, , 
2018/2/25, 34, , 7, , 
2018/2/26, 29, , 6, , 
2018/2/27, 18, , 12, 1, 
2018/2/28, 23, , 8, 1, 
2018/3/1, 10, , 14, 1, 
2018/3/2, 18, , 7, , 
2018/3/3, 10, , 7, , 
2018/3/4, 10, , 5, , 
2018/3/5, 10, , 6, , 
2018/3/6, 15, , 6, , 
2018/3/7, 21, , 7, 1, 
2018/3/8, 14, , 5, 1, 
2018/3/9, 11, , 5, , 
2018/3/10, 10, , 4, 1, 
2018/3/11, 11, , 6, , 
2018/3/12, 23, , 8, , 
2018/3/13, 28, , 6, , 
2018/3/14, 21, , 7, 1, 
2018/3/15, 12, , 8, 1, 
2018/3/16, 16, , 7, , 
2018/3/17, 11, , 5, , 
2018/3/18, 10, , 14, 1, 
2018/3/19, 11, , 17, , 
2018/3/20, 25, , 18, , 
2018/3/21, 20, , 17, 1, 
2018/3/22, 21, , 22, 1, 
2018/3/23, 19, , 4, , 
2018/3/24, 22, , 5, , 
2018/3/25, 14, , 13, 1, 
2018/3/26, 20, , 8, , 
2018/3/27, 19, , 14, 2, 
2018/3/28, 21, , 16, 2, 
2018/3/29, 18, , 7, 3, 
2018/3/30, 10, , 6, 2, 
2018/3/31, 19, , 15, 3, 
2017/10/1, 19, , 13, , 
2017/10/2, 15, , 12, , 
2017/10/3, 15, , 12, , 
2017/10/4, 19, , 19, , 
2017/10/5, 24, , 17, , 
2017/10/6, 18, , 11, , 
2017/10/7, 23, , 14, , 
2017/10/8, 22, , 18, 1, 
2017/10/9, 24, , 17, 1, 
2017/10/10, 30, , 18, 1, 
2017/10/11, 35, , 14, 1, 
2017/10/12, 34, , 17, 2, 
2017/10/13, 44, , 14, 1, 
2017/10/14, 40, , 23, 3, 
2017/10/15, 51, , 11, 3, 
2017/10/16, 54, , 13, 1, 
2017/10/17, 46, , 13, 1, 
2017/10/18, 29, , 16, 2, 
2017/10/19, 20, , 14, 1, 
2017/10/20, 22, , 5, , 
2017/10/21, 33, , 9, , 
2017/10/22, 28, , 18, , 
2017/10/23, 34, , 16, 3, 
2017/10/24, 34, , 23, 6, 
2017/10/25, 51, , 21, 3, 
2017/10/26, 49, , 17, 2, 
2017/10/27, 38, , 12, 1, 
2017/10/28, 25, , 13, 1, 
2017/10/29, 27, , 14, 1, 
2017/10/30, 16, , 13, 1, 
2017/10/31, 25, , 19, 3, 
2017/11/1, 29, , 13, 2, 
2017/11/2, 40, , 15, 1, 
2017/11/3, 24, , 11, 1, 
2017/11/4, 24, , 4, , 
2017/11/5, 16, , 18, , 
2017/11/6, 27, , 12, , 
2017/11/7, 22, , 14, , 
2017/11/8, 18, , 19, , 
2017/11/9, 21, , 12, , 
2017/11/10, 14, , 8, , 
2017/11/11, 13, , 6, , 
2017/11/12, 13, , 16, , 
2017/11/13, 26, , 13, , 
2017/11/14, 42, , 5, 1, 
2017/11/15, 50, , 35, 3, 
2017/11/16, 53, , 40, 3, 
2017/11/17, 47, , 35, 2, 
2017/11/18, 31, , 32, 2, 
2017/11/19, 16, , 55, 8, 
2017/11/20, 42, , 48, 4, 
2017/11/21, 40, , 30, 2, 
2017/11/22, 60, , 34, 2, 
2017/11/23, 54, , 39, 2, 
2017/11/24, 25, , 40, 1, 
2017/11/25, 16, , 38, , 
2017/11/26, 11, , 44, 3, 
2017/11/27, 26, , 41, 2, 
2017/11/28, 25, , 39, 1, 
2017/11/29, 10, , 32, 1, 
2017/11/30, 10, , 38, 1, 
2017/12/1, 15, , 42, , 
2017/12/2, 12, , 38, , 
2017/12/3, 13, , 40, 2, 
2017/12/4, 15, , 41, 2, 
2017/12/5, 17, , 39, 3, 
2017/12/6, 34, , 47, 3, 
2017/12/7, 40, , 49, , 
2017/12/8, 12, , 45, 1, 
2017/12/9, 12, , 41, 2, 
2017/12/10, 11, , 26, 2, 
2017/12/11, 17, , 38, 1, 
2017/12/12, 18, , 41, 1, 
2017/12/13, 28, , 33, 1, 
2017/12/14, 25, , 29, , 
2017/12/15, 27, , 36, , 
2017/12/16, 20, , 35, , 
2017/12/17, 11, , 37, 1, 
2017/12/18, 26, , 38, , 
2017/12/19, 20, , 34, 2, 
2017/12/20, 25, , 38, , 
2017/12/21, 37, , 42, 1, 
2017/12/22, 36, , 33, , 
2017/12/23, 17, , 32, , 
2017/12/24, 19, , 23, , 
2017/12/25, 19, , 30, , 
2017/12/26, 17, , 18, , 
2017/12/27, 27, , 25, , 
2017/12/28, 21, , 40, 2, 
2017/12/29, 21, , 39, , 
2017/12/30, 19, , , , 
2017/7/1, 20, , 10, , 
2017/7/2, 11, , 9, 1, 
2017/7/3, 11, , 14, 1, 
2017/7/4, 17, , 11, 1, 
2017/7/5, 27, , 15, , 
2017/7/6, 26, , 13, 3, 
2017/7/7, 25, , 7, , 
2017/7/8, 19, , 7, , 
2017/7/9, 17, , 10, , 
2017/7/10, 12, , 14, , 
2017/7/11, 13, , 14, , 
2017/7/12, 18, , 17, , 
2017/7/13, 19, , 13, , 
2017/7/14, 10, , 12, , 
2017/7/15, 16, , 13, , 
2017/7/16, 18, , 14, , 
2017/7/17, 29, , 13, , 
2017/7/18, 35, , 16, , 
2017/7/19, 30, , 14, , 
2017/7/20, 11, , 17, , 
2017/7/21, 19, , 13, , 
2017/7/22, 21, , 8, , 
2017/7/23, 18, , 8, , 
2017/7/24, 9, , 10, , 
2017/7/25, 12, , 15, , 
2017/7/26, 24, , 15, , 
2017/7/27, 23, , 12, , 
2017/7/28, 13, , 17, , 
2017/7/29, 22, , 12, , 
2017/7/30, 18, , 19, 1, 
2017/7/31, 19, , 16, , 
2017/8/1, 13, , 13, , 
2017/8/2, 17, , 14, , 
2017/8/3, 21, , 12, , 
2017/8/4, 18, , 10, , 
2017/8/5, 5, , 8, , 
2017/8/6, 7, , 11, , 
2017/8/7, 13, , 12, 2, 
2017/8/8, 9, , 8, 2, 
2017/8/9, 9, , 10, , 
2017/8/10, 16, , 14, , 
2017/8/11, 18, , 10, , 
2017/8/12, 12, , 8, , 
2017/8/13, 10, , 6, , 
2017/8/14, 14, , 7, , 
2017/8/15, 8, , 13, , 
2017/8/16, 18, , 12, 1, 
2017/8/17, 18, , 11, , 
2017/8/18, 12, , 7, , 
2017/8/19, 11, , 5, , 
2017/8/20, 13, , 15, , 
2017/8/21, 30, , 8, , 
2017/8/22, 30, , 12, , 
2017/8/23, 21, , 9, , 
2017/8/24, 16, , 10, , 
2017/8/25, 13, , 8, , 
2017/8/26, 13, , 11, 1, 
2017/8/27, 19, , 15, 1, 
2017/8/28, 25, , 9, , 
2017/8/29, 24, , 7, , 
2017/8/30, 18, , 10, , 
2017/8/31, 8, , 9, , 
2017/9/1, 11, , 7, , 
2017/9/2, 13, , 9, , 
2017/9/3, 10, , 11, , 
2017/9/4, 9, , 13, , 
2017/9/5, 16, , , , 
2017/9/10, 13, , 10, , 
2017/9/11, 21, , 12, , 
2017/9/12, 13, , 13, 1, 
2017/9/13, 16, , 12, , 
2017/9/14, 19, , 10, , 
2017/9/15, 9, , 10, 1, 
2017/9/16, 6, , 11, , 
2017/9/17, 7, , 13, , 
2017/9/18, 14, , 11, , 
2017/9/19, 15, , 14, 2, 
2017/9/20, 22, , 12, 2, 
2017/9/21, 28, , 10, , 
2017/9/22, 20, , 9, 1, 
2017/9/23, 21, , 9, , 
2017/9/24, 23, , 10, , 
2017/9/25, 23, , 9, , 
2017/9/26, 19, , 12, 1, 
2017/9/27, 26, , 13, , 
2017/9/28, 31, , 11, , 
2017/9/29, 34, , 10, , 
2017/9/30, 12, , 7, , 
2017/4/1, 18, , 7, 2, 
2017/4/2, 18, , 15, 2, 
2017/4/3, 16, , 16, , 
2017/4/4, 17, , 15, , 
2017/4/5, 17, , 16, , 
2017/4/6, 28, , 14, 1, 
2017/4/7, 31, , 19, 1, 
2017/4/8, 36, , 14, , 
2017/4/9, 27, , 10, , 
2017/4/10, 26, , 13, , 
2017/4/11, 25, , 14, 1, 
2017/4/12, 24, , 12, , 
2017/4/13, 22, , 12, , 
2017/4/14, 24, , 12, , 
2017/4/15, 18, , 7, , 
2017/4/16, 13, , 12, , 
2017/4/17, 19, , 15, , 
2017/4/18, 20, , 11, , 
2017/4/19, 26, , 9, , 
2017/4/20, 28, , 18, 1, 
2017/4/21, 28, , 21, , 
2017/4/22, 32, , 19, 1, 
2017/4/23, 27, , 18, , 
2017/4/24, 22, , 16, , 
2017/4/25, 18, , 20, , 
2017/4/26, 10, , 22, , 
2017/4/27, 10, , 18, 1, 
2017/4/28, 14, , 15, , 
2017/4/29, 15, , 7, , 
2017/4/30, 22, , 9, , 
2017/5/1, 14, , 13, 1, 
2017/5/2, 20, , 15, 1, 
2017/5/3, 19, , 14, 2, 
2017/5/4, 26, , 20, 5, 
2017/5/5, 31, , 15, 5, 
2017/5/6, 13, , 14, 6, 
2017/5/7, 18, , 11, 6, 
2017/5/8, 14, , 13, , 
2017/5/9, 26, , 19, , 
2017/5/10, 25, , 14, , 
2017/5/11, 19, , 13, , 
2017/5/12, 17, , 14, , 
2017/5/13, 14, , 13, , 
2017/5/14, 14, , 19, , 
2017/5/15, 22, , 21, , 
2017/5/16, 30, , 19, 1, 
2017/5/17, 23, , 11, 1, 
2017/5/18, 13, , 12, 1, 
2017/5/19, 15, , 9, 1, 
2017/5/20, 14, , 15, 2, 
2017/5/21, 24, , 12, 3, 
2017/5/22, 32, , 12, 5, 
2017/5/23, 21, , 14, 1, 
2017/5/24, 27, , 21, 1, 
2017/5/25, 37, , 16, , 
2017/5/26, 25, , 15, , 
2017/5/27, 21, , 9, , 
2017/5/28, 23, , 16, , 
2017/5/29, 10, , 15, , 
2017/5/30, 11, , 12, , 
2017/5/31, 14, , 12, , 
2017/6/1, 22, , 12, , 
2017/6/2, 25, , 11, , 
2017/6/3, 14, , 12, , 
2017/6/4, 12, , 17, , 
2017/6/5, 19, , 10, , 
2017/6/6, 24, , 15, , 
2017/6/7, 27, , 13, , 
2017/6/8, 32, , 14, , 
2017/6/9, 19, , 8, , 
2017/6/10, 19, , 9, , 
2017/6/11, 24, , 12, , 
2017/6/12, 21, , 14, , 
2017/6/13, 26, , 12, , 
2017/6/14, 27, , 12, , 
2017/6/15, 21, , 12, , 
2017/6/16, 25, , 9, , 
2017/6/17, 27, , 14, , 
2017/6/18, 25, , 17, , 
2017/6/19, 33, , 25, , 
2017/6/20, 38, , 24, 1, 
2017/6/21, 42, , 10, , 
2017/6/22, 31, , 13, , 
2017/6/23, 29, , 12, , 
2017/6/24, 22, , 9, , 
2017/6/25, 14, , 10, , 
2017/6/26, 18, , 11, , 
2017/6/27, 13, , 10, , 
2017/6/28, 22, , 7, , 
2017/6/29, 27, , 9, , 
2017/6/30, 17, , 7, , 
2017/1/2, 30, , 21, 1, 
2017/1/3, 26, , 21, 2, 
2017/1/4, 33, , 22, , 
2017/1/5, 17, , 21, 1, 
2017/1/6, 14, , 25, 1, 
2017/1/7, 24, , 24, 1, 
2017/1/8, 33, , 26, 2, 
2017/1/9, 28, , 19, , 
2017/1/10, 24, , 18, , 
2017/1/11, 14, , 19, 1, 
2017/1/12, 17, , 20, , 
2017/1/13, 24, , 23, , 
2017/1/14, 16, , 20, , 
2017/1/15, 15, , 19, , 
2017/1/16, 14, , 25, 1, 
2017/1/17, 14, , 31, 1, 
2017/1/18, 18, , 24, 1, 
2017/1/19, 22, , 22, 1, 
2017/1/20, 23, , 23, 1, 
2017/1/21, 31, , 22, 1, 
2017/1/22, 25, , 23, 1, 
2017/1/23, 22, , 26, 2, 
2017/1/24, 29, , 21, , 
2017/1/25, 21, , 19, 1, 
2017/1/26, 22, , 18, , 
2017/1/27, 26, , 22, , 
2017/1/28, 19, , 21, 1, 
2017/1/29, 12, , 19, 3, 
2017/1/30, 17, , 21, 2, 
2017/1/31, 20, , 14, 1, 
2017/2/1, 21, , 9, 1, 
2017/2/2, 21, , 10, , 
2017/2/3, 22, , 14, , 
2017/2/4, 18, , 4, , 
2017/2/6, 25, , 9, , 
2017/2/7, 18, , 12, , 
2017/2/8, 20, , 13, , 
2017/2/9, 22, , 18, , 
2017/2/10, 19, , 14, , 
2017/2/11, 29, , 7, , 
2017/2/12, 27, , 11, , 
2017/2/13, 24, , 11, , 
2017/2/14, 13, , 16, , 
2017/2/15, 16, , 22, 1, 
2017/2/16, 28, , 23, , 
2017/2/17, 38, , 20, , 
2017/2/18, 28, , 20, , 
2017/2/19, 17, , 22, , 
2017/2/20, 26, , 20, , 
2017/2/21, 22, , 17, 1, 
2017/2/22, 26, , 15, , 
2017/2/23, 36, , 18, 1, 
2017/2/24, 18, , 14, 1, 
2017/2/25, 22, , 16, 1, 
2017/2/26, 24, , 22, 2, 
2017/2/27, 23, , 28, 1, 
2017/2/28, 26, , 27, 2, 
2017/3/1, 16, , 20, , 
2017/3/2, 26, , 8, , 
2017/3/3, 15, , 12, , 
2017/3/4, 16, , 13, , 
2017/3/5, 19, , 11, , 
2017/3/6, 34, , 13, 1, 
2017/3/7, 33, , 16, 1, 
2017/3/8, 22, , 15, 1, 
2017/3/9, 29, , 22, 2, 
2017/3/10, 30, , 15, 2, 
2017/3/11, 38, , 6, 1, 
2017/3/12, 22, , 14, 1, 
2017/3/13, 27, , 18, 1, 
2017/3/14, 28, , 16, 1, 
2017/3/15, 32, , 18, 2, 
2017/3/16, 34, , 17, , 
2017/3/17, 27, , 13, 1, 
2017/3/18, 23, , 16, 2, 
2017/3/19, 24, , 15, 2, 
2017/3/20, 26, , 16, 2, 
2017/3/21, 12, , 17, 1, 
2017/3/22, 13, , 16, 2, 
2017/3/23, 10, , 16, 2, 
2017/3/24, 16, , 15, 1, 
2017/3/25, 10, , 11, 2, 
2017/3/26, 9, , 17, 2, 
2017/3/27, 15, , 22, 2, 
2017/3/28, 22, , 26, 2, 
2017/3/29, 29, , 26, 2, 
2017/3/30, 25, , 18, 1, 
2017/3/31, 25, , 8, 1, 
2016/10/1, 13, , 11, 1, 
2016/10/2, 15, , 14, , 
2016/10/3, 20, , 11, , 
2016/10/4, 23, , 15, , 
2016/10/5, 15, , 16, 1, 
2016/10/6, 15, , 18, 1, 
2016/10/7, 19, , 14, , 
2016/10/8, 19, , 13, , 
2016/10/9, 14, , 14, 1, 
2016/10/10, 17, , 11, 1, 
2016/10/11, 20, , 15, 2, 
2016/10/12, 18, , 16, 1, 
2016/10/13, 15, , 15, , 
2016/10/14, 14, , 12, 1, 
2016/10/15, 14, , 9, , 
2016/10/16, 13, , 15, , 
2016/10/17, 13, , 14, , 
2016/10/18, 12, , 14, 1, 
2016/10/19, 12, , 11, , 
2016/10/20, 14, , 12, 1, 
2016/10/21, 17, , 19, 2, 
2016/10/22, 20, , 10, 1, 
2016/10/23, 10, , 16, 1, 
2016/10/24, 14, , 20, 2, 
2016/10/25, 18, , 16, 1, 
2016/10/26, 21, , 10, 1, 
2016/10/27, 14, , 15, 1, 
2016/10/28, 20, , , , 
2016/10/30, 15, , 18, 2, 
2016/10/31, 16, , 19, 2, 
2016/11/1, 20, , 17, 2, 
2016/11/2, 26, , 12, , 
2016/11/3, 27, , 17, 1, 
2016/11/4, 31, , 12, , 
2016/11/5, 12, , 6, , 
2016/11/6, 9, , 13, , 
2016/11/7, 10, , 12, 1, 
2016/11/8, 12, , 7, , 
2016/11/9, 14, , 14, , 
2016/11/10, 12, , 19, 1, 
2016/11/11, 19, , 18, 1, 
2016/11/12, 11, , 15, , 
2016/11/13, 10, , 21, 2, 
2016/11/14, 15, , 17, 2, 
2016/11/15, 20, , 20, 3, 
2016/11/16, 17, , 22, 4, 
2016/11/17, 23, , 17, 3, 
2016/11/18, 22, , 13, 2, 
2016/11/19, 15, , 9, 3, 
2016/11/20, 9, , 15, 2, 
2016/11/21, 13, , 21, 1, 
2016/11/22, 13, , 18, 1, 
2016/11/23, 9, , 12, 1, 
2016/11/24, 7, , 19, 1, 
2016/11/25, 10, , 17, 1, 
2016/11/26, 10, , 15, 1, 
2016/11/27, 14, , 23, 1, 
2016/11/28, 20, , 16, 1, 
2016/11/29, 17, , 20, 1, 
2016/11/30, 18, , 20, 2, 
2016/12/1, 14, , 23, 2, 
2016/12/2, 19, , 19, 1, 
2016/12/3, 18, , 11, , 
2016/12/4, 7, , 21, 1, 
2016/12/5, 16, , 18, 1, 
2016/12/6, 19, , 24, 2, 
2016/12/7, 29, , 14, , 
2016/12/8, 12, , 14, 1, 
2016/12/9, 15, , 30, 3, 
2016/12/10, 23, , 20, 1, 
2016/12/11, 26, , 22, 2, 
2016/12/12, 26, , 19, 1, 
2016/12/13, 23, , 11, , 
2016/12/14, 12, , 14, 1, 
2016/12/15, 12, , 17, 1, 
2016/12/16, 16, , 18, , 
2016/12/17, 24, , 14, , 
2016/12/18, 21, , 17, , 
2016/12/19, 25, , 14, , 
2016/12/20, 12, , 18, , 
2016/12/21, 13, , 17, , 
2016/12/22, 16, , 18, , 
2016/12/23, 27, , 14, , 
2016/12/24, 17, , , , 
2016/12/29, 28, , 22, 5, 
2016/12/30, 27, , 20, 5, 
2016/12/31, 34, , 21, 5, 
2017/1/1, 27, , 24, 2, 
2016/7/1, 25, , 7, , 
2016/7/2, 12, , 8, , 
2016/7/3, 19, , 9, 1, 
2016/7/4, 23, , 7, , 
2016/7/5, 11, , 7, , 
2016/7/6, 16, , 11, , 
2016/7/7, 21, , 13, , 
2016/7/8, 16, , 9, , 
2016/7/9, 16, , 8, , 
2016/7/10, 21, , 10, , 
2016/7/11, 18, , 9, , 
2016/7/12, 16, , 9, , 
2016/7/13, 16, , 13, , 
2016/7/14, 18, , 10, , 
2016/7/15, 19, , 10, , 
2016/7/16, 24, , 15, 2, 
2016/7/17, 22, , 16, 1, 
2016/7/18, 27, , 15, 10, 
2016/7/19, 28, , 10, 1, 
2016/7/20, 30, , 14, 3, 
2016/7/21, 17, , 12, , 
2016/7/22, 19, , 10, , 
2016/7/23, 11, , 12, , 
2016/7/24, 14, , 12, 1, 
2016/7/25, 14, , 14, 1, 
2016/7/26, 16, , 13, 1, 
2016/7/27, 17, , 10, 1, 
2016/7/28, 15, , 15, 1, 
2016/7/29, 16, , 12, , 
2016/7/30, 14, , 8, , 
2016/7/31, 9, , 11, , 
2016/8/1, 14, , 13, , 
2016/8/2, 15, , 11, , 
2016/8/3, 18, , 12, 1, 
2016/8/4, 21, , 12, 1, 
2016/8/5, 16, , 8, 1, 
2016/8/6, 19, , 11, 1, 
2016/8/7, 17, , 12, 2, 
2016/8/8, 18, , 11, 2, 
2016/8/9, 20, , 14, , 
2016/8/10, 25, , 15, 1, 
2016/8/11, 26, , 13, , 
2016/8/12, 21, , 17, , 
2016/8/13, 34, , 13, , 
2016/8/14, 30, , 16, , 
2016/8/15, 28, , 10, 1, 
2016/8/16, 26, , 13, 3, 
2016/8/17, 36, , 12, 1, 
2016/8/18, 20, , 11, , 
2016/8/19, 17, , 8, , 
2016/8/20, 23, , 9, , 
2016/8/21, 23, , 17, , 
2016/8/22, 31, , 13, 2, 
2016/8/23, 33, , 11, , 
2016/8/24, 33, , 13, , 
2016/8/25, 34, , 14, , 
2016/8/26, 26, , 8, , 
2016/8/27, 27, , 7, , 
2016/8/28, 19, , 12, , 
2016/8/29, 18, , 9, , 
2016/8/30, 16, , 16, , 
2016/8/31, 21, , 13, 1, 
2016/9/1, 21, , 14, , 
2016/9/2, 20, , 11, , 
2016/9/3, 18, , 13, , 
2016/9/4, 22, , 15, , 
2016/9/5, 26, , 14, 1, 
2016/9/6, 25, , 11, , 
2016/9/7, 34, , 12, , 
2016/9/8, 17, , 17, , 
2016/9/9, 24, , 16, , 
2016/9/10, 26, , 14, , 
2016/9/11, 23, , 15, 1, 
2016/9/12, 27, , 12, , 
2016/9/13, 19, , 12, , 
2016/9/14, 16, , 6, , 
2016/9/15, 14, , 9, , 
2016/9/16, 14, , 10, , 
2016/9/17, 16, , 11, , 
2016/9/18, 13, , 16, 1, 
2016/9/19, 19, , 17, , 
2016/9/20, 13, , 15, , 
2016/9/21, 15, , 15, 1, 
2016/9/22, 17, , 12, , 
2016/9/23, 17, , 14, , 
2016/9/24, 21, , 9, , 
2016/9/25, 19, , 15, 1, 
2016/9/26, 29, , 13, 1, 
2016/9/27, 18, , 12, 1, 
2016/9/28, 12, , 15, 1, 
2016/9/29, 21, , 15, , 
2016/9/30, 25, , 11, 1, 
2016/4/1, 19, , 19, , 
2016/4/2, 19, , 9, , 
2016/4/3, 15, , 12, , 
2016/4/4, 11, , 15, , 
2016/4/5, 13, , 19, , 
2016/4/6, 17, , 14, , 
2016/4/7, 20, , 13, , 
2016/4/8, 19, , 14, , 
2016/4/9, 15, , 11, , 
2016/4/10, 15, , 14, 1, 
2016/4/11, 12, , 12, , 
2016/4/12, 8, , 17, , 
2016/4/13, 11, , 12, 1, 
2016/4/14, 15, , 20, 2, 
2016/4/15, 12, , 16, 3, 
2016/4/16, 13, , 12, 4, 
2016/4/17, 9, , 8, 5, 
2016/4/18, 17, , 15, 1, 
2016/4/19, 24, , 14, , 
2016/4/20, 14, , 13, 3, 
2016/4/21, 12, , 15, 4, 
2016/4/22, 15, , 11, 1, 
2016/4/23, 15, , 14, 2, 
2016/4/24, 13, , 15, 2, 
2016/4/25, 17, , 12, , 
2016/4/26, 13, , 14, 2, 
2016/4/27, 15, , 14, 3, 
2016/4/28, 12, , 16, 1, 
2016/4/29, 16, , 7, , 
2016/4/30, 16, , 11, 1, 
2016/5/1, 14, , 13, , 
2016/5/2, 14, , 12, , 
2016/5/3, 17, , 12, 1, 
2016/5/4, 23, , 14, 2, 
2016/5/5, 33, , 15, 2, 
2016/5/6, 28, , 10, , 
2016/5/7, 18, , 6, , 
2016/5/8, 11, , 10, 1, 
2016/5/9, 9, , 14, 1, 
2016/5/10, 13, , 12, 1, 
2016/5/11, 12, , 12, 2, 
2016/5/12, 13, , 9, , 
2016/5/13, 13, , 5, , 
2016/5/14, 13, , 10, , 
2016/5/15, 22, , 14, , 
2016/5/16, 23, , 14, , 
2016/5/17, 21, , 11, 1, 
2016/5/18, 19, , 9, , 
2016/5/19, 13, , 13, 1, 
2016/5/20, 12, , 10, 2, 
2016/5/21, 16, , 5, , 
2016/5/22, 18, , 10, , 
2016/5/23, 19, , 13, 3, 
2016/5/24, 25, , 14, 2, 
2016/5/25, 16, , 12, 1, 
2016/5/26, 14, , 12, , 
2016/5/27, 17, , 8, , 
2016/5/28, 15, , 7, , 
2016/5/29, 9, , 8, , 
2016/5/30, 13, , 7, 4, 
2016/5/31, 20, , 8, 6, 
2016/6/1, 19, , 12, 1, 
2016/6/2, 17, , 12, , 
2016/6/3, 15, , 8, , 
2016/6/4, 12, , 8, , 
2016/6/5, 13, , 10, , 
2016/6/6, 22, , 8, , 
2016/6/7, 22, , 12, 1, 
2016/6/8, 27, , 8, 1, 
2016/6/9, 26, , 5, , 
2016/6/10, 23, , 6, , 
2016/6/11, 18, , 7, , 
2016/6/12, 14, , 4, , 
2016/6/13, 18, , 8, , 
2016/6/14, 20, , 7, , 
2016/6/15, 12, , 5, , 
2016/6/16, 16, , 5, , 
2016/6/17, 17, , 3, , 
2016/6/18, 13, , 4, , 
2016/6/19, 13, , 12, 5, 
2016/6/20, 15, , 13, 1, 
2016/6/21, 19, , 8, 16, 
2016/6/22, 19, , 8, 5, 
2016/6/23, 15, , 11, 2, 
2016/6/24, 16, , 9, 1, 
2016/6/25, 12, , 7, , 
2016/6/26, 14, , 10, 1, 
2016/6/27, 21, , 9, 1, 
2016/6/28, 17, , 10, , 
2016/6/29, 19, , 12, , 
2016/6/30, 23, , 11, , 
2016/1/4, 20, , 7, , 
2016/1/5, 16, , 6, , 
2016/1/6, 12, , 19, 23, 
2016/1/7, 8, , 24, , 
2016/1/8, 13, , 12, , 
2016/1/9, 11, , 16, , 
2016/1/10, 16, , 17, , 
2016/1/11, 15, , 14, , 
2016/1/12, 18, , 22, , 
2016/1/13, 16, , 18, , 
2016/1/14, 10, , 21, , 
2016/1/15, 15, , 18, , 
2016/1/16, 16, , 22, , 
2016/1/17, 16, , 13, , 
2016/1/18, 14, , 19, , 
2016/1/19, 18, , 23, 1, 
2016/1/20, 19, , 25, , 
2016/1/21, 23, , 25, 1, 
2016/1/22, 24, , 18, , 
2016/1/23, 28, , 14, , 
2016/1/24, 14, , 15, , 
2016/1/25, 23, , 18, , 
2016/1/26, 22, , 23, 1, 
2016/1/27, 37, , 21, , 
2016/1/28, 16, , 24, , 
2016/1/29, 33, , 20, , 
2016/1/30, 20, , 10, , 
2016/1/31, 19, , 20, , 
2016/2/1, 34, , 20, , 
2016/2/2, 34, , 16, , 
2016/2/3, 19, , 20, , 
2016/2/4, 21, , 20, 1, 
2016/2/5, 22, , 13, , 
2016/2/6, 29, , 10, , 
2016/2/7, 19, , 20, , 
2016/2/8, 26, , 13, , 
2016/2/9, 38, , 21, , 
2016/2/10, 13, , 18, , 
2016/2/11, 15, , 17, , 
2016/2/12, 10, , 11, , 
2016/2/13, 18, , 7, , 
2016/2/14, 14, , 15, , 
2016/2/15, 21, , 17, , 
2016/2/16, 19, , 21, , 
2016/2/17, 18, , 16, , 
2016/2/18, 14, , 21, , 
2016/2/19, 19, , 21, , 
2016/2/20, 20, , 18, , 
2016/2/21, 24, , 20, , 
2016/2/22, 31, , 17, , 
2016/2/23, 23, , 14, , 
2016/2/24, 18, , 14, , 
2016/2/25, 12, , 14, , 
2016/2/26, 11, , 5, , 
2016/2/27, 20, , 11, , 
2016/2/28, 29, , 13, , 
2016/2/29, 25, , 17, , 
2016/3/1, 22, , 11, , 
2016/3/2, 24, , 11, , 
2016/3/3, 30, , 14, 1, 
2016/3/4, 17, , 6, 1, 
2016/3/5, 15, , 9, , 
2016/3/6, 15, , 18, 1, 
2016/3/7, 16, , 16, , 
2016/3/8, 15, , 12, , 
2016/3/9, 24, , 12, , 
2016/3/10, 29, , 22, 1, 
2016/3/11, 17, , 23, , 
2016/3/12, 25, , 23, , 
2016/3/13, 32, , 21, , 
2016/3/14, 36, , 23, , 
2016/3/15, 19, , 26, , 
2016/3/16, 29, , 21, , 
2016/3/17, 21, , 15, , 
2016/3/18, 27, , 19, , 
2016/3/19, 20, , 15, , 
2016/3/20, 10, , 24, 1, 
2016/3/21, 28, , 24, , 
2016/3/22, 24, , 28, , 
2016/3/23, 23, , 24, , 
2016/3/24, 28, , 16, , 
2016/3/25, 24, , 10, , 
2016/3/26, 17, , 11, , 
2016/3/27, 11, , 12, , 
2016/3/28, 27, , 17, , 
2016/3/29, 26, , 12, , 
2016/3/30, 18, , 11, , 
2016/3/31, 19, , 17, , 
2015/10/1, 32, , 16, , 
2015/10/2, 21, , 12, , 
2015/10/3, 17, , 9, , 
2015/10/4, 14, , 11, 3, 
2015/10/5, 17, , 10, 4, 
2015/10/6, 21, , 16, , 
2015/10/7, 23, , 15, 1, 
2015/10/8, 25, , 11, 1, 
2015/10/9, 19, , 20, 3, 
2015/10/10, 27, , 14, 3, 
2015/10/11, 23, , 13, 2, 
2015/10/12, 23, , 15, , 
2015/10/13, 27, , 15, , 
2015/10/14, 24, , 16, 1, 
2015/10/15, 20, , 11, 1, 
2015/10/16, 15, , 8, 1, 
2015/10/17, 23, , 14, 3, 
2015/10/18, 25, , 16, 2, 
2015/10/19, 26, , 23, , 
2015/10/20, 24, , 25, , 
2015/10/21, 22, , 25, , 
2015/10/22, 23, , 27, 1, 
2015/10/23, 27, , 23, , 
2015/10/24, 30, , 13, , 
2015/10/25, 21, , 14, 1, 
2015/10/26, 18, , 16, , 
2015/10/27, 17, , 21, , 
2015/10/28, 23, , 17, , 
2015/10/29, 15, , 12, , 
2015/10/30, 16, , 15, 9, 
2015/10/31, 19, , 14, , 
2015/11/1, 27, , 13, , 
2015/11/2, 25, , 20, , 
2015/11/3, 15, , 16, 1, 
2015/11/4, 15, , 20, , 
2015/11/5, 21, , 20, , 
2015/11/6, 15, , 18, , 
2015/11/7, 18, , 14, , 
2015/11/8, 17, , 21, 1, 
2015/11/9, 25, , 15, , 
2015/11/10, 35, , 17, , 
2015/11/11, 24, , 18, 1, 
2015/11/12, 34, , 23, , 
2015/11/13, 28, , 16, , 
2015/11/14, 22, , 22, , 
2015/11/15, 23, , 25, , 
2015/11/16, 35, , 21, , 
2015/11/17, 28, , 20, , 
2015/11/18, 33, , 19, 1, 
2015/11/19, 32, , 18, 1, 
2015/11/20, 48, , 5, , 
2015/11/21, 29, , 13, , 
2015/11/22, 10, , 22, 1, 
2015/11/23, 16, , 19, , 
2015/11/24, 15, , 6, , 
2015/11/25, 28, , 11, 1, 
2015/11/26, 32, , 14, 1, 
2015/11/27, 12, , 13, , 
2015/11/28, 16, , 17, , 
2015/11/29, 23, , 42, , 
2015/11/30, 33, , 44, 2, 
2015/12/1, 43, , 30, 1, 
2015/12/2, 28, , 25, 1, 
2015/12/3, 24, , 27, , 
2015/12/4, 29, , 23, , 
2015/12/5, 24, , 27, 3, 
2015/12/6, 46, , 14, 1, 
2015/12/7, 24, , 17, , 
2015/12/8, 19, , 18, , 
2015/12/9, 20, , 28, 1, 
2015/12/10, 27, , 22, , 
2015/12/11, 23, , 19, , 
2015/12/12, 30, , 23, , 
2015/12/13, 21, , 8, , 
2015/12/14, 20, , 12, , 
2015/12/15, 31, , 28, 2, 
2015/12/16, 44, , 22, 6, 
2015/12/17, 50, , 26, 2, 
2015/12/18, 44, , 9, , 
2015/12/19, 39, , 16, , 
2015/12/20, 22, , 25, 1, 
2015/12/21, 25, , 23, , 
2015/12/22, 17, , 27, 1, 
2015/12/23, 34, , 11, , 
2015/12/24, 15, , 11, , 
2015/12/25, 12, , 17, , 
2015/12/26, 18, , 19, , 
2015/12/27, 22, , 9, , 
2015/12/28, 24, , 22, 1, 
2015/12/29, 15, , 9, , 
2015/12/30, 15, , , , 
2016/1/3, 14, , 17, 1, 
2015/7/1, 28, , 12, , 
2015/7/2, 18, , 15, 1, 
2015/7/3, 23, , 15, , 
2015/7/4, 22, , 9, , 
2015/7/5, 17, , 13, , 
2015/7/6, 18, , 10, 1, 
2015/7/7, 22, , 14, 1, 
2015/7/8, 15, , 11, 1, 
2015/7/9, 22, , 8, , 
2015/7/10, 30, , 8, , 
2015/7/11, 22, , 10, , 
2015/7/12, 16, , 11, , 
2015/7/13, 17, , 11, , 
2015/7/14, 17, , 11, , 
2015/7/15, 20, , 11, , 
2015/7/16, 17, , 17, 2, 
2015/7/17, 23, , 8, , 
2015/7/18, 20, , 12, , 
2015/7/19, 23, , 16, , 
2015/7/20, 21, , 15, 1, 
2015/7/21, 21, , 11, , 
2015/7/22, 15, , 13, 1, 
2015/7/23, 17, , 14, 1, 
2015/7/24, 21, , 9, , 
2015/7/25, 21, , 9, 1, 
2015/7/26, 19, , 9, , 
2015/7/27, 21, , 13, 1, 
2015/7/28, 17, , 13, , 
2015/7/29, 15, , 13, , 
2015/7/30, 19, , 19, , 
2015/7/31, 18, , 12, , 
2015/8/1, 19, , 13, 1, 
2015/8/2, 22, , 14, , 
2015/8/3, 23, , 11, , 
2015/8/4, 19, , 11, 1, 
2015/8/5, 36, , 14, , 
2015/8/6, 22, , 12, , 
2015/8/7, 19, , 7, , 
2015/8/8, 16, , 9, , 
2015/8/9, 18, , 13, 1, 
2015/8/10, 22, , 13, , 
2015/8/11, 31, , 13, , 
2015/8/12, 26, , 11, , 
2015/8/13, 21, , 6, , 
2015/8/14, 17, , 9, , 
2015/8/15, 15, , 9, , 
2015/8/16, 20, , 12, , 
2015/8/17, 20, , 17, , 
2015/8/18, 22, , 14, , 
2015/8/19, 18, , 14, , 
2015/8/20, 16, , 13, , 
2015/8/21, 32, , 11, , 
2015/8/22, 25, , 8, , 
2015/8/23, 17, , 7, , 
2015/8/24, 20, , 14, , 
2015/8/25, 19, , 14, 3, 
2015/8/26, 15, , 12, , 
2015/8/27, 16, , 11, , 
2015/8/28, 13, , 7, , 
2015/8/29, 16, , 11, 1, 
2015/8/30, 26, , 11, , 
2015/8/31, 26, , 15, , 
2015/9/1, 16, , 17, 1, 
2015/9/2, 22, , 17, , 
2015/9/3, 13, , 16, , 
2015/9/4, 10, , 13, , 
2015/9/5, 12, , 11, , 
2015/9/6, 17, , 15, 2, 
2015/9/7, 21, , 15, 1, 
2015/9/8, 20, , 14, 2, 
2015/9/9, 25, , 18, 1, 
2015/9/10, 26, , 16, 1, 
2015/9/11, 22, , 16, , 
2015/9/12, 23, , 9, , 
2015/9/13, 15, , 9, , 
2015/9/14, 22, , 7, 1, 
2015/9/15, 18, , 11, 2, 
2015/9/16, 20, , 9, , 
2015/9/17, 17, , 14, , 
2015/9/18, 15, , 11, , 
2015/9/19, 17, , 9, , 
2015/9/20, 13, , 14, , 
2015/9/21, 20, , 7, , 
2015/9/22, 18, , 12, , 
2015/9/23, 15, , 15, , 
2015/9/24, 15, , 13, , 
2015/9/25, 23, , 11, , 
2015/9/26, 26, , 12, , 
2015/9/27, 20, , 17, 11, 
2015/9/28, 29, , 17, 4, 
2015/9/29, 30, , 18, 1, 
2015/9/30, 27, , 16, , 
2015/4/1, 34, , 12, 1, 
2015/4/2, 29, , 10, 1, 
2015/4/3, 21, , 11, , 
2015/4/4, 16, , 8, , 
2015/4/5, 16, , 9, , 
2015/4/6, 23, , 16, 1, 
2015/4/7, 29, , 21, 1, 
2015/4/8, 27, , 19, 1, 
2015/4/9, 35, , 15, 1, 
2015/4/10, 21, , 13, , 
2015/4/11, 21, , 13, 2, 
2015/4/12, 29, , 23, , 
2015/4/13, 48, , 25, , 
2015/4/14, 50, , 24, , 
2015/4/15, 52, , 18, , 
2015/4/16, 33, , 14, , 
2015/4/17, 21, , 8, , 
2015/4/18, 20, , 8, , 
2015/4/19, 12, , 16, , 
2015/4/20, 22, , 16, 1, 
2015/4/21, 27, , 17, 1, 
2015/4/22, 29, , 15, , 
2015/4/23, 17, , 14, 1, 
2015/4/24, 22, , 14, 1, 
2015/4/25, 19, , 8, 1, 
2015/4/26, 15, , 11, , 
2015/4/27, 13, , 11, , 
2015/4/28, 18, , 13, 1, 
2015/4/29, 19, , 21, 1, 
2015/4/30, 25, , 14, 1, 
2015/5/1, 19, , 10, 3, 
2015/5/2, 15, , 7, 8, 
2015/5/3, 14, , 6, , 
2015/5/4, 24, , 14, 1, 
2015/5/5, 23, , 13, 1, 
2015/5/6, 19, , 15, 1, 
2015/5/7, 32, , 17, , 
2015/5/8, 24, , 9, , 
2015/5/9, 14, , 8, 2, 
2015/5/10, 21, , 10, 1, 
2015/5/11, 22, , 8, , 
2015/5/12, 30, , 11, , 
2015/5/13, 29, , 11, 1, 
2015/5/14, 27, , 8, 2, 
2015/5/15, 21, , 6, , 
2015/5/16, 19, , 9, 1, 
2015/5/17, 16, , 10, 1, 
2015/5/18, 20, , 10, 1, 
2015/5/19, 20, , 10, , 
2015/5/20, 18, , 11, 1, 
2015/5/21, 18, , 16, , 
2015/5/22, 19, , 8, , 
2015/5/23, 15, , 5, , 
2015/5/24, 10, , 4, , 
2015/5/25, 12, , 10, , 
2015/5/26, 18, , 9, , 
2015/5/27, 20, , 12, , 
2015/5/28, 22, , 10, , 
2015/5/29, 14, , 8, , 
2015/5/30, 16, , 7, , 
2015/5/31, 18, , 12, , 
2015/6/1, 12, , 13, , 
2015/6/2, 19, , 12, , 
2015/6/3, 24, , 11, , 
2015/6/4, 32, , 13, , 
2015/6/5, 24, , 10, , 
2015/6/6, 19, , 9, 1, 
2015/6/7, 22, , 15, 5, 
2015/6/8, 32, , 15, , 
2015/6/9, 34, , 18, , 
2015/6/10, 23, , 14, 4, 
2015/6/11, 30, , 22, , 
2015/6/12, 23, , 11, , 
2015/6/13, 17, , 10, 4, 
2015/6/14, 16, , 11, 2, 
2015/6/15, 17, , 11, 4, 
2015/6/16, 14, , 13, 4, 
2015/6/17, 19, , 16, 1, 
2015/6/18, 24, , 13, 1, 
2015/6/19, 17, , 9, , 
2015/6/20, 18, , 10, 2, 
2015/6/21, 20, , 11, 2, 
2015/6/22, 19, , 11, 4, 
2015/6/23, 17, , 12, 1, 
2015/6/25, 30, , 9, , 
2015/6/26, 33, , 10, , 
2015/6/27, 25, , 8, , 
2015/6/28, 18, , 10, , 
2015/6/29, 19, , 10, 2, 
2015/6/30, 30, , 13, , 
2015/1/1, 23, , 27, 1, 
2015/1/2, 33, , 21, 1, 
2015/1/3, 28, , 17, , 
2015/1/4, 21, , 17, 1, 
2015/1/5, 24, , 19, , 
2015/1/6, 24, , 22, , 
2015/1/7, 33, , 24, , 
2015/1/8, 38, , 23, , 
2015/1/9, 34, , 17, 2, 
2015/1/10, 34, , 14, , 
2015/1/11, 28, , 24, 1, 
2015/1/12, 27, , 12, , 
2015/1/13, 15, , 16, 1, 
2015/1/14, 19, , 10, , 
2015/1/15, 13, , 13, , 
2015/1/16, 14, , 12, 1, 
2015/1/17, 16, , 9, 1, 
2015/1/18, 6, , 15, , 
2015/1/19, 16, , 18, 1, 
2015/1/20, 9, , 12, , 
2015/1/21, 15, , 16, , 
2015/1/22, 20, , 25, 1, 
2015/1/23, 20, , 18, , 
2015/1/24, 19, , 22, , 
2015/1/25, 23, , 23, , 
2015/1/26, 27, , 22, , 
2015/1/27, 20, , 16, , 
2015/1/28, 16, , 12, , 
2015/1/29, 18, , 9, 1, 
2015/1/30, 23, , 5, , 
2015/1/31, 20, , 6, , 
2015/2/1, 26, , 16, 1, 
2015/2/2, 10, , 17, 1, 
2015/2/3, 12, , 15, , 
2015/2/4, 15, , 18, , 
2015/2/5, 17, , 20, , 
2015/2/6, 14, , 15, , 
2015/2/7, 24, , 19, , 
2015/2/8, 28, , 15, 1, 
2015/2/9, 29, , 21, , 
2015/2/10, 23, , 31, 2, 
2015/2/11, 34, , 25, 1, 
2015/2/12, 29, , 22, 1, 
2015/2/13, 25, , 15, , 
2015/2/14, 10, , 15, , 
2015/2/15, 10, , 9, , 
2015/2/16, 17, , 17, , 
2015/2/17, 22, , 23, 1, 
2015/2/18, 24, , 23, 1, 
2015/2/19, 23, , 25, 2, 
2015/2/20, 23, , 5, , 
2015/2/21, 15, , 8, , 
2015/2/22, 20, , 12, 1, 
2015/2/23, 16, , 7, , 
2015/2/24, 22, , 6, , 
2015/2/25, 19, , 8, , 
2015/2/26, 14, , 14, , 
2015/2/27, 26, , 12, , 
2015/2/28, 13, , 18, 1, 
2015/3/1, 14, , 16, , 
2015/3/2, 11, , 18, , 
2015/3/3, 29, , 16, , 
2015/3/4, 21, , 12, , 
2015/3/5, 25, , 13, , 
2015/3/6, 27, , 24, , 
2015/3/7, 34, , 16, 1, 
2015/3/8, 40, , 20, 1, 
2015/3/9, 46, , 19, 1, 
2015/3/10, 39, , 19, , 
2015/3/11, 45, , 15, 1, 
2015/3/12, 46, , 11, , 
2015/3/13, 28, , 8, , 
2015/3/14, 26, , 13, , 
2015/3/15, 32, , 31, 1, 
2015/3/16, 37, , 60, , 
2015/3/17, 34, , 33, , 
2015/3/18, 31, , 23, , 
2015/3/19, 30, , 20, , 
2015/3/20, 48, , 17, , 
2015/3/21, 25, , 13, , 
2015/3/22, 26, , 20, 1, 
2015/3/23, 18, , 21, , 
2015/3/24, 19, , 14, , 
2015/3/25, 18, , 14, , 
2015/3/26, 15, , 15, , 
2015/3/27, 13, , 9, , 
2015/3/28, 21, , 8, , 
2015/3/29, 19, , 9, , 
2015/3/30, 28, , 8, , 
2015/3/31, 23, , 16, , 
2014/10/1, 23, , 13, , 
2014/10/2, 22, , 18, , 
2014/10/3, 36, , 11, , 
2014/10/4, 30, , 8, 47, 
2014/10/5, 18, , 16, 63, 
2014/10/6, 20, , 17, 2, 
2014/10/7, 24, , 12, , 
2014/10/8, 24, , 14, , 
2014/10/9, 24, , 15, , 
2014/10/10, 24, , 15, , 
2014/10/11, 27, , 11, , 
2014/10/12, 16, , 15, , 
2014/10/13, 14, , 16, , 
2014/10/14, 16, , 10, , 
2014/10/15, 15, , 11, , 
2014/10/16, 17, , 10, 1, 
2014/10/17, 17, , 12, 1, 
2014/10/18, 16, , 12, , 
2014/10/19, 24, , 17, , 
2014/10/20, 33, , 15, , 
2014/10/21, 33, , 12, , 
2014/10/22, 27, , 23, , 
2014/10/23, 27, , 25, , 
2014/10/24, 41, , 23, , 
2014/10/25, 46, , , , 
2014/10/27, 46, , 25, 1, 
2014/10/28, 42, , 28, 1, 
2014/10/29, 44, , 26, 3, 
2014/10/30, 47, , 20, 1, 
2014/10/31, 38, , 12, 2, 
2014/11/1, 25, , 12, 1, 
2014/11/2, 19, , 14, 1, 
2014/11/3, 16, , 10, , 
2014/11/4, 13, , 17, 2, 
2014/11/5, 13, , 19, 1, 
2014/11/6, 22, , 14, 2, 
2014/11/7, 23, , 16, 2, 
2014/11/8, 24, , 8, 2, 
2014/11/9, 12, , 14, 2, 
2014/11/10, 22, , 16, 2, 
2014/11/11, 14, , 21, 2, 
2014/11/12, 18, , 9, 1, 
2014/11/13, 13, , 16, 4, 
2014/11/14, 20, , 10, 4, 
2014/11/15, 12, , 8, , 
2014/11/16, 13, , 11, , 
2014/11/17, 13, , 19, 1, 
2014/11/18, 18, , 23, 1, 
2014/11/19, 24, , 20, 1, 
2014/11/20, 25, , 23, 1, 
2014/11/21, 30, , 15, , 
2014/11/22, 28, , 11, , 
2014/11/23, 22, , 15, , 
2014/11/24, 12, , 19, , 
2014/11/25, 11, , 19, , 
2014/11/26, 17, , 15, , 
2014/11/27, 14, , 14, , 
2014/11/28, 10, , 17, , 
2014/11/29, 11, , 12, , 
2014/11/30, 26, , 10, , 
2014/12/1, 24, , 18, , 
2014/12/2, 16, , 16, , 
2014/12/3, 11, , 17, , 
2014/12/4, 8, , 18, , 
2014/12/5, 10, , 13, , 
2014/12/6, 14, , 12, , 
2014/12/7, 8, , 7, , 
2014/12/8, 12, , 21, , 
2014/12/9, 17, , 16, , 
2014/12/10, 12, , 18, 1, 
2014/12/11, 30, , 15, 1, 
2014/12/12, 16, , 15, , 
2014/12/13, 11, , 18, , 
2014/12/14, 12, , 19, , 
2014/12/15, 17, , 11, , 
2014/12/16, 20, , 10, , 
2014/12/17, 15, , 20, 1, 
2014/12/18, 19, , 18, , 
2014/12/19, 18, , 14, , 
2014/12/20, 14, , 13, , 
2014/12/21, 21, , 18, 1, 
2014/12/22, 24, , 23, 3, 
2014/12/23, 40, , 23, 1, 
2014/12/24, 24, , 16, , 
2014/12/25, 13, , 18, , 
2014/12/26, 13, , 5, 1, 
2014/12/27, 28, , 10, 1, 
2014/12/28, 20, , , , 
2014/9/24, 46, , 19, , 
2014/9/25, 43, , 16, , 
2014/9/26, 34, , 16, , 
2014/9/27, 35, , 14, 2, 
2014/9/28, 30, , 21, , 
2014/9/29, 23, , 17, , 
2014/9/30, 25, , 12, 8, 
2024/12/31, , 17, 11, , 
2025/2/25, , 18, 9, , 
2025/2/27, , 28, 10, , 
2025/3/3, , 24, 10, , 
2024/7/17, , 26, 6, , 
2024/7/21, , 13, 8, , 
2024/7/25, , 20, 8, , 
2024/7/29, , 18, 4, , 
2024/8/4, , 8, 10, , 
2024/8/18, , 14, 5, , 
2024/8/22, , 7, , 1, 
2024/8/29, , 25, 7, , 
2023/7/8, , 17, , , 
2023/7/9, , 17, 14, , 
2023/8/24, , 20, , , 
2023/8/25, , 16, , , 
2023/8/26, , 19, , 1, 
2023/8/27, , 18, , 1, 
2023/8/28, , 18, 6, , 
2023/4/1, , 27, 6, , 
2021/12/1, , 24, 6, , 
2021/2/16, , 24, 10, 2, 
2020/12/10, , 14, , , 
2020/12/11, , 15, , , 
2020/12/12, , 10, , , 
2020/12/13, , 18, , , 
2020/12/14, , 11, , , 
2020/12/15, , 12, 5, , 
2020/3/31, , 31, 13, 2, 
2018/12/31, , 14, 10, 1, 
2019/1/20, , 8, 20, 1, 
2025/5/4, , , 5, , 
2025/5/18, , , , , 
2025/6/8, , , 1, , 
2019/12/31, , , 16, 3, 
2018/8/18, , , 13, , 
2018/4/19, , , 14, , 
2017/12/31, , , 21, , 
2017/9/9, , , 9, , 
2017/2/5, , , 16, 1, 
2016/10/29, , , 15, 1, 
2016/12/28, , , 23, , 
2016/1/2, , , 8, 1, 
2015/6/24, , , 15, 2, 
2014/12/31, , , 20, , 
2014/10/26, , , 24, , 
2014/9/23, , , 16, 1, 