date, pm25, pm10, o3, no2, so2, co
2025/11/4, 56, 31, 22, 10, , 
2025/11/5, 47, 28, 25, 8, , 
2025/11/6, 10, , 26, 9, , 
2025/11/7, 30, 14, 16, 16, , 
2025/11/8, 16, 13, 26, 3, , 
2025/11/9, 16, 11, 24, 8, , 
2025/11/10, 41, 26, 13, 14, , 
2025/11/11, 48, 28, 17, 13, , 
2025/11/12, 42, 28, 30, 8, , 
2025/11/13, 38, 30, 31, 7, , 
2025/11/14, 35, 43, 21, 5, , 
2025/10/1, 28, 24, 32, 15, , 
2025/10/2, 40, 38, 24, 16, , 
2025/10/3, 46, 25, 29, 6, , 
2025/10/4, 30, 11, 28, 2, , 
2025/10/5, 10, 18, 28, 10, , 
2025/10/6, 24, 35, 27, 16, , 
2025/10/7, 40, 47, 28, 14, , 
2025/10/8, 44, 25, 29, 5, , 
2025/10/9, 31, 21, 28, 8, , 
2025/10/10, 31, 27, 29, 7, , 
2025/10/11, 37, 20, 32, 5, , 
2025/10/12, 29, 21, 30, 4, , 
2025/10/13, 27, 29, 31, 11, , 
2025/10/14, 41, 37, 31, 11, , 
2025/10/15, 46, 40, 22, 12, , 
2025/10/16, 50, 40, 30, 11, , 
2025/10/17, 55, 38, 30, 9, , 
2025/10/18, 54, 31, 22, 6, , 
2025/10/19, 44, 18, 25, 9, , 
2025/10/20, 29, 17, 22, 11, , 
2025/10/21, 27, 16, 24, 7, , 
2025/10/22, 22, 15, 32, 4, , 
2025/10/23, 18, 32, 28, 9, , 
2025/10/24, 33, 23, 17, 7, , 
2025/10/25, 30, 7, 29, 2, , 
2025/10/26, 7, 11, 29, 5, , 
2025/10/27, 18, 18, 25, 9, , 
2025/10/28, 30, 31, 11, 12, , 
2025/10/29, 41, 15, 25, 10, , 
2025/10/30, 20, 21, 18, 11, , 
2025/7/1, 47, 44, 63, 7, , 
2025/7/2, 89, 15, 45, 4, , 
2025/7/3, 27, 20, 50, 7, , 
2025/7/4, 35, 20, 49, 4, , 
2025/7/5, 33, 13, 42, 2, , 
2025/7/6, 31, 10, 29, 3, , 
2025/7/7, 14, 14, 39, 3, , 
2025/7/8, 21, 20, 41, 4, , 
2025/7/9, 36, 24, 49, 6, , 
2025/7/10, 46, 22, 38, 3, , 
2025/7/11, 37, 11, 37, 4, , 
2025/7/12, 21, 13, 52, 4, , 
2025/7/13, 33, 21, 45, 4, , 
2025/7/14, 43, 10, 34, 3, , 
2025/7/15, 21, 19, 39, 7, , 
2025/7/16, 30, 25, 46, 7, , 
2025/7/17, 42, 28, 49, 4, , 
2025/7/18, 49, 13, 31, 3, , 
2025/7/19, 21, 14, 29, 4, , 
2025/7/20, 29, 14, 33, 4, , 
2025/7/21, 22, 20, 45, 5, , 
2025/7/22, 33, 19, 30, 3, , 
2025/7/23, 29, 21, 29, 2, , 
2025/7/24, 18, 16, 32, 3, , 
2025/7/25, 28, 17, 35, 2, , 
2025/7/26, 39, 13, 29, 2, , 
2025/7/27, 30, 21, 30, 2, , 
2025/7/28, 22, 17, 35, 2, , 
2025/7/29, 24, 13, 25, 2, , 
2025/7/30, 20, 16, 30, 3, , 
2025/7/31, 24, 19, 32, 3, , 
2025/8/1, 29, 13, 35, 2, , 
2025/8/2, 19, 14, 36, 3, , 
2025/8/3, 29, 26, 48, 8, , 
2025/8/4, 44, 46, 52, 7, , 
2025/8/5, 69, 24, 39, 5, , 
2025/8/6, 36, 36, 48, 5, , 
2025/8/7, 53, 32, 46, 4, , 
2025/8/8, 56, 29, 48, 3, , 
2025/8/9, 51, 34, 51, 5, , 
2025/8/10, 55, 56, 51, 9, , 
2025/8/11, 65, 35, 26, 9, , 
2025/8/12, 67, , , , , 
2025/8/22, 22, 18, 45, 6, , 
2025/8/23, 33, 28, 43, 4, , 
2025/8/24, 53, 26, 30, 5, , 
2025/8/25, 45, 39, 40, 7, , 
2025/8/26, 59, 38, 27, 7, , 
2025/8/27, 54, 17, 32, 4, , 
2025/8/28, 24, 17, 32, 8, , 
2025/8/29, 36, 15, 32, 6, , 
2025/8/30, 29, 14, 33, 4, , 
2025/8/31, 25, 11, 29, 4, , 
2025/9/1, 12, 15, 31, 6, , 
2025/9/2, 23, 20, 35, 6, , 
2025/9/3, 27, 22, 30, 5, , 
2025/9/4, 31, 16, 30, 4, , 
2025/9/5, 24, 21, 31, 4, , 
2025/9/6, 26, 21, 30, 5, , 
2025/9/7, 34, 17, 27, 3, , 
2025/9/8, 22, 12, 30, 3, , 
2025/9/9, 16, 22, 27, 6, , 
2025/9/10, 33, 15, 30, 7, , 
2025/9/11, 21, 22, 25, 7, , 
2025/9/12, 29, 24, 29, 6, , 
2025/9/13, 40, 20, 31, 8, , 
2025/9/14, 32, 26, 32, 7, , 
2025/9/15, 43, 15, 33, 6, , 
2025/9/16, 23, 37, 31, 10, , 
2025/9/17, 50, 36, 34, 8, , 
2025/9/18, 52, 20, 30, 5, , 
2025/9/19, 33, 15, 29, 3, , 
2025/9/20, 27, 6, 25, 2, , 
2025/9/21, 12, 4, 30, 4, , 
2025/9/22, 9, 9, 30, 3, , 
2025/9/23, 11, 8, 30, 4, , 
2025/9/24, 13, 10, 32, 5, , 
2025/9/25, 19, 18, 34, 10, , 
2025/9/26, 29, 21, 36, 8, , 
2025/9/27, 38, 22, 32, 5, , 
2025/9/28, 37, 14, 20, 10, , 
2025/9/29, 28, 16, 33, 10, , 
2025/9/30, 30, 17, 35, 7, , 
2025/4/4, 26, 8, 34, 7, , 
2025/4/5, 17, 8, 35, 4, , 
2025/4/6, 18, 16, 38, 9, , 
2025/4/7, 34, 24, 42, 8, , 
2025/4/8, 49, 22, 40, 10, , 
2025/4/9, 45, 22, 37, 6, , 
2025/4/10, 41, 18, 34, 7, , 
2025/4/11, 33, 16, 31, 6, , 
2025/4/12, 34, 10, 35, 4, , 
2025/4/13, 20, 7, 27, 6, , 
2025/4/14, 16, 5, 29, 6, , 
2025/4/15, 11, 5, 34, 4, , 
2025/4/16, 14, 7, 36, 4, , 
2025/4/17, 14, 6, 29, 4, , 
2025/4/18, 21, 6, 32, 3, , 
2025/4/19, 14, 5, 32, 3, , 
2025/4/20, 10, 7, 31, 6, , 
2025/4/21, 16, 7, 35, 6, , 
2025/4/22, 16, 7, 34, 3, , 
2025/4/23, 14, 10, 26, 5, , 
2025/4/24, 15, 14, 34, 6, , 
2025/4/25, 24, 6, 30, 2, , 
2025/4/26, 9, 5, 35, 2, , 
2025/4/27, 12, 11, 31, 8, , 
2025/4/28, 42, 11, 39, 3, , 
2025/4/30, 14, 14, 43, 4, , 
2025/5/1, 22, 20, 30, 9, , 
2025/5/2, 40, 25, 36, 6, , 
2025/5/3, 38, 6, 34, 4, , 
2025/5/4, 17, 8, 37, 3, , 
2025/5/5, 13, 10, 29, 3, , 
2025/5/6, 19, 13, 41, 7, , 
2025/5/7, 24, 20, 35, 6, , 
2025/5/8, 35, 13, 37, 6, , 
2025/5/9, 26, 10, 31, 4, , 
2025/5/10, 19, 10, 38, 3, , 
2025/5/11, 19, 10, 38, 6, , 
2025/5/12, 22, 13, 42, 6, , 
2025/5/13, 25, 16, 43, 5, , 
2025/5/14, 26, 10, 35, 4, , 
2025/5/15, 22, 15, 42, 3, , 
2025/5/16, 32, 19, 41, 5, , 
2025/5/17, 34, 18, 42, 3, , 
2025/5/18, 36, 12, 37, 6, , 
2025/5/19, 23, 13, 41, 4, , 
2025/5/20, 23, 14, 38, 4, , 
2025/5/21, 26, 11, 41, 3, , 
2025/5/22, 15, 14, 38, 3, , 
2025/5/23, 23, 11, 40, 3, , 
2025/5/24, 20, 14, 41, 3, , 
2025/5/25, 28, 12, 30, 3, , 
2025/5/26, 21, 16, 40, 5, , 
2025/5/27, 16, 24, 40, 6, , 
2025/5/28, 33, 23, 33, 10, , 
2025/5/29, 29, 37, 49, 10, , 
2025/5/30, 45, 25, 50, 6, , 
2025/5/31, 43, 23, 40, 4, , 
2025/6/1, 34, 13, 34, 5, , 
2025/6/2, 25, 17, 34, 8, , 
2025/6/3, 34, 13, 37, 5, , 
2025/6/4, 22, 11, 40, 6, , 
2025/6/5, 25, 26, 48, 7, , 
2025/6/6, 51, 17, 32, 4, , 
2025/6/7, 31, 15, 40, 3, , 
2025/6/8, 29, 33, 46, 7, , 
2025/6/9, 57, 31, 43, 7, , 
2025/6/10, 49, 31, 35, 9, , 
2025/6/11, 49, 26, 51, 6, , 
2025/6/12, 35, 38, 43, 6, , 
2025/6/13, 68, 40, 51, 6, , 
2025/6/14, 59, 9, 36, 2, , 
2025/6/15, 17, 17, 26, 5, , 
2025/6/16, 27, 28, , 6, , 
2025/6/17, 42, 28, , 9, , 
2025/6/18, 47, 29, , 6, , 
2025/6/19, 49, 37, 38, 9, , 
2025/6/20, 40, 39, 47, 6, , 
2025/6/21, 49, 26, 44, 4, , 
2025/6/22, 48, 29, 44, 8, , 
2025/6/23, 43, 38, 51, 7, , 
2025/6/24, 50, 45, 49, 7, , 
2025/6/25, 39, 21, 45, 4, , 
2025/6/26, 36, 27, 48, 6, , 
2025/6/27, 34, 27, 58, 6, , 
2025/6/28, 36, 30, 51, 6, , 
2025/6/29, 37, 3, 47, 9, , 
2025/6/30, 38, , 52, 10, , 
2025/1/1, 31, 11, 6, 11, , 
2025/1/2, 30, 21, 4, 15, , 
2025/1/3, 49, 17, 20, 18, , 
2025/1/4, 43, 14, 16, 10, , 
2025/1/5, 32, 14, 22, 9, , 
2025/1/6, 31, 12, 19, 19, , 
2025/1/7, 22, 21, 26, 18, , 
2025/1/8, 33, 11, 23, 15, , 
2025/1/9, 21, 22, 12, 20, , 
2025/1/10, 44, 11, 30, 7, , 
2025/1/11, 19, 5, 32, 2, , 
2025/1/12, 11, 11, 24, 9, , 
2025/1/13, 26, 19, 20, 19, , 
2025/1/14, 42, 29, 21, 18, , 
2025/1/15, 49, 29, 18, 18, , 
2025/1/16, 51, 39, 15, 21, , 
2025/1/17, 64, 29, 16, 17, , 
2025/1/18, 57, 24, 16, 14, , 
2025/1/19, 57, 23, 10, 17, , 
2025/1/20, 54, 27, 7, 15, , 
2025/1/21, 53, 19, 6, 13, , 
2025/1/22, 54, 22, 20, 16, , 
2025/1/23, 40, 23, 11, 19, , 
2025/1/24, 44, 14, 17, 13, , 
2025/1/25, 31, 10, 14, 10, , 
2025/1/26, 24, 10, 30, 10, , 
2025/1/27, 23, 4, 31, 8, , 
2025/1/28, 10, 12, 15, 15, , 
2025/1/29, 28, 11, 27, 11, , 
2025/1/30, 18, 9, 28, 7, , 
2025/1/31, 16, 9, 21, 10, , 
2025/2/1, 23, 13, 25, 11, , 
2025/2/2, 23, 13, 27, 19, , 
2025/2/3, 25, 24, 17, 18, , 
2025/2/4, 52, 21, 25, 15, , 
2025/2/5, 40, 27, 23, 21, , 
2025/2/6, 51, 32, 12, 16, , 
2025/2/7, 56, 7, 26, 11, , 
2025/2/8, 18, 16, 21, 15, , 
2025/2/9, 39, 24, 18, 18, , 
2025/2/10, 40, 21, 23, 15, , 
2025/2/11, 40, 11, 18, 12, , 
2025/2/12, 24, 13, 25, 13, , 
2025/2/13, 22, 15, 24, 13, , 
2025/2/14, 33, 18, 22, 9, , 
2025/2/15, 35, 16, 17, 8, , 
2025/2/16, 36, 32, 27, 17, , 
2025/2/17, 57, 32, 27, 14, , 
2025/2/18, 50, 38, 23, 18, , 
2025/2/19, 65, 37, 15, 16, , 
2025/2/20, 63, 29, 23, 12, , 
2025/2/21, 47, 19, 26, 11, , 
2025/2/22, 40, 9, 30, 11, , 
2025/2/23, 21, 28, 14, 18, , 
2025/2/24, 45, 17, 31, 11, , 
2025/2/25, 25, 11, 33, 12, , 
2025/2/26, 21, 33, 18, 21, , 
2025/2/27, 64, 43, 25, 16, , 
2025/2/28, 67, 17, 27, 6, , 
2025/3/1, 37, 9, 25, 7, , 
2025/3/2, 22, 20, 11, 17, , 
2025/3/3, 39, 23, 18, 18, , 
2025/3/4, 46, , , , , 
2024/10/1, 40, 29, 16, 13, , 
2024/10/2, 31, 7, 31, 4, , 
2024/10/3, 10, 9, 31, 7, , 
2024/10/4, 17, 12, 27, 8, , 
2024/10/5, 28, 18, 17, 7, , 
2024/10/6, 27, 43, 19, 11, , 
2024/10/7, 34, 7, 26, 11, , 
2024/10/8, 11, 12, 30, 7, , 
2024/10/9, 13, 9, 27, 8, , 
2024/10/10, 13, 14, 28, 9, , 
2024/10/11, 19, 14, 22, 7, , 
2024/10/12, 25, 17, 20, 8, , 
2024/10/13, 31, 23, 18, 14, , 
2024/10/14, 33, 25, 22, 7, , 
2024/10/15, 19, 36, 21, 7, , 
2024/10/16, 20, 14, 21, 10, , 
2024/10/17, 21, 9, 28, 8, , 
2024/10/18, 8, 17, 20, 10, , 
2024/10/19, 25, 16, 20, 10, , 
2024/10/20, 29, 16, 26, 12, , 
2024/10/21, 26, 17, 16, 13, , 
2024/10/22, 20, 16, 21, 13, , 
2024/10/23, 22, 20, 20, 12, , 
2024/10/24, 28, 19, 16, 12, , 
2024/10/25, 28, 4, 24, 5, , 
2024/10/26, 8, 6, 22, 7, , 
2024/10/27, 15, 14, 9, 10, , 
2024/10/28, 17, 17, 8, 12, , 
2024/10/29, 25, 24, 21, 16, , 
2024/10/30, 22, 20, 6, 16, , 
2024/10/31, 30, 18, 14, 14, , 
2024/11/1, 31, 23, 8, 10, , 
2024/11/2, 37, 20, 18, 9, , 
2024/11/3, 36, 16, 20, 9, , 
2024/11/4, 26, 39, 15, 12, , 
2024/11/5, 48, 36, 12, 15, , 
2024/11/6, 43, 28, 21, 13, , 
2024/11/7, 34, 24, 15, 13, , 
2024/11/8, 39, 19, 22, 8, , 
2024/11/9, 29, 8, 22, 6, , 
2024/11/10, 15, 14, 25, 10, , 
2024/11/11, 18, 9, 25, 4, , 
2024/11/12, 13, 12, 11, 14, , 
2024/11/13, 22, 15, 17, 12, , 
2024/11/14, 27, 23, 12, 14, , 
2024/11/15, 40, 26, 19, 11, , 
2024/11/16, 38, 31, 13, 9, , 
2024/11/17, 39, 32, 13, 13, , 
2024/11/18, 39, 37, 13, 17, , 
2024/11/19, 59, 26, 16, 13, , 
2024/11/20, 36, 15, 26, 11, , 
2024/11/21, 23, 12, 27, 9, , 
2024/11/22, 14, 18, 12, 12, , 
2024/11/23, 33, 21, 22, 8, , 
2024/11/24, 28, 48, 21, 16, , 
2024/11/25, 31, 16, 17, 16, , 
2024/11/26, 31, 26, 8, 18, , 
2024/11/27, 48, 32, 3, 13, , 
2024/11/28, 50, 19, 2, 13, , 
2024/11/29, 41, 21, 1, 10, , 
2024/11/30, 41, 23, 1, 9, , 
2024/12/1, 35, 25, , 11, , 
2024/12/2, 40, 16, 16, 14, , 
2024/12/3, 18, 7, 25, 9, , 
2024/12/4, 15, 12, 14, 15, , 
2024/12/5, 24, 11, 19, 8, , 
2024/12/6, 23, 10, 30, 5, , 
2024/12/7, 20, 4, 30, 3, , 
2024/12/8, 6, 3, 25, 3, , 
2024/12/9, 7, 6, 20, 8, , 
2024/12/10, 15, 24, 9, 18, , 
2024/12/11, 44, 24, 5, 16, , 
2024/12/12, 43, 26, 10, 18, , 
2024/12/13, 56, 18, 17, 11, , 
2024/12/14, 40, 6, 28, 6, , 
2024/12/15, 14, 18, 14, 16, , 
2024/12/16, 33, 25, 6, 16, , 
2024/12/17, 51, 38, 2, 19, , 
2024/12/18, 69, 37, 25, 13, , 
2024/12/19, 49, 6, 28, 8, , 
2024/12/20, 8, 5, 28, 8, , 
2024/12/21, 16, 5, 31, 5, , 
2024/12/22, 19, 6, 31, 4, , 
2024/12/23, 9, 4, 30, 4, , 
2024/12/24, 8, 5, 23, 9, , 
2024/12/25, 17, 16, 4, 12, , 
2024/12/26, 41, 19, 16, 12, , 
2024/12/27, 40, 9, 10, 7, , 
2024/12/28, 28, 5, 10, 6, , 
2024/12/29, 22, , , , , 
2024/7/1, 12, 6, 31, 2, , 
2024/7/2, 14, 9, 37, 3, , 
2024/7/3, 18, 12, 29, 5, , 
2024/7/4, 22, 17, 22, 5, , 
2024/7/5, 51, 12, 25, 2, , 
2024/7/6, 27, 7, 35, 3, , 
2024/7/7, 13, 16, 36, 4, , 
2024/7/8, 26, 14, 42, 4, , 
2024/7/9, 24, 18, 34, 8, , 
2024/7/10, 31, 27, 50, 10, , 
2024/7/11, 40, 7, 32, 3, , 
2024/7/12, 18, 10, 33, 3, , 
2024/7/13, 17, 17, 39, 3, , 
2024/7/14, 25, 18, 35, 7, , 
2024/7/15, 33, 15, 37, 5, , 
2024/7/16, 23, 20, 36, 6, , 
2024/7/17, 30, 21, 46, 6, , 
2024/7/18, 29, 28, 43, 9, , 
2024/7/19, 45, 30, 44, 7, , 
2024/7/20, 44, 11, 32, 2, , 
2024/7/21, 23, 13, 34, 4, , 
2024/7/22, 17, 10, 19, 8, , 
2024/7/23, 17, , , , , 
2024/7/29, 37, 41, 40, 6, , 
2024/7/30, 38, 17, 42, 14, , 
2024/7/31, 43, 34, 46, 8, , 
2024/8/1, 47, 16, 31, 3, , 
2024/8/2, 24, 13, 35, 3, , 
2024/8/3, 14, 15, 33, 5, , 
2024/8/4, 16, 30, 41, 8, , 
2024/8/5, 38, 21, 44, 5, , 
2024/8/6, 31, 18, 41, 5, , 
2024/8/7, 26, 24, 47, 7, , 
2024/8/8, 30, 27, 45, 9, , 
2024/8/9, 37, 28, 46, 6, 1, 1
2024/8/10, 32, 21, 44, 4, 1, 1
2024/8/11, 29, 29, 42, 6, 1, 1
2024/8/12, 32, 14, 41, 6, 1, 1
2024/8/13, 24, 6, 27, 5, , 
2024/8/14, 21, 10, 31, 3, , 
2024/8/15, 13, 13, 34, 5, , 
2024/8/16, 18, 14, 28, 5, , 
2024/8/17, 22, 6, 29, 2, , 
2024/8/18, 14, 16, 34, 6, , 
2024/8/19, 29, 50, 57, 7, , 
2024/8/20, 103, 16, 31, 4, , 
2024/8/21, 28, 31, 40, 15, , 
2024/8/22, 44, 28, 44, 7, , 
2024/8/23, 45, 28, 39, 4, , 
2024/8/24, 52, 6, 31, 3, , 
2024/8/25, 12, 15, 33, 6, , 
2024/8/26, 20, 30, 39, 10, , 
2024/8/27, 39, 25, 35, 5, , 
2024/8/28, 32, 16, 38, 6, , 
2024/8/29, 26, 18, 31, 7, , 
2024/8/30, 25, 20, 39, 6, , 
2024/8/31, 33, 21, 38, 5, , 
2024/9/1, 28, 28, 40, 9, , 
2024/9/2, 40, 10, 20, 7, , 
2024/9/3, 17, 9, 24, 6, , 
2024/9/4, 9, 7, 28, 8, , 
2024/9/5, 9, 12, 22, 8, , 
2024/9/6, 20, 14, 37, 8, , 
2024/9/7, 22, 10, 32, 4, , 
2024/9/8, 18, 13, 37, 5, , 
2024/9/9, 16, 14, 35, 4, , 
2024/9/10, 20, 12, 30, 4, , 
2024/9/11, 16, 12, 30, 4, , 
2024/9/12, 12, 14, 31, 4, , 
2024/9/13, 14, 14, 33, 7, , 
2024/9/14, 20, 10, 34, 4, , 
2024/9/15, 17, 22, 32, 5, , 
2024/9/16, 20, 19, 31, 5, , 1
2024/9/17, 24, 27, 32, 8, , 1
2024/9/18, 35, 18, 34, 8, , 1
2024/9/19, 18, 14, 30, 7, , 1
2024/9/20, 17, 11, 25, 7, 1, 2
2024/9/21, 18, 12, 29, 5, 1, 
2024/9/22, 26, 19, 38, 9, 1, 1
2024/9/23, 37, 21, 36, 11, 2, 1
2024/9/24, 37, 21, 28, 13, , 1
2024/9/25, 30, 14, 22, 10, , 1
2024/9/26, 14, 9, 29, 7, , 1
2024/9/27, 11, 11, 27, 5, , 1
2024/9/28, 18, 13, 29, 6, , 
2024/9/29, 15, 24, 31, 18, , 
2024/9/30, 29, 34, 29, 19, , 
2024/4/1, 12, 8, 31, 9, , 
2024/4/2, 24, 10, 34, 9, , 
2024/4/3, 23, 14, 33, 8, , 
2024/4/4, 32, 16, 36, 8, , 
2024/4/5, 39, 30, 40, 5, , 
2024/4/6, 46, 50, 36, 6, , 
2024/4/7, 61, 35, 35, 7, , 
2024/4/8, 43, 7, 35, 3, , 
2024/4/9, 15, 11, 38, 3, , 
2024/4/10, 18, 12, 37, 7, , 
2024/4/11, 21, 23, 41, 15, , 
2024/4/12, 41, 24, 45, 13, , 
2024/4/13, 49, 24, 45, 8, , 
2024/4/14, 47, 22, 31, 5, , 
2024/4/15, 39, 10, 39, 2, , 
2024/4/16, 16, 9, 45, 2, , 
2024/4/17, 14, 8, 39, 2, , 
2024/4/18, 16, 13, 42, 8, , 
2024/4/19, 26, 20, 39, 4, , 
2024/4/20, 37, 14, 37, 1, , 
2024/4/21, 29, 13, 38, 1, , 
2024/4/22, 25, 7, 38, 1, , 
2024/4/23, 17, 10, 37, 3, , 
2024/4/24, 22, 11, 34, 7, , 
2024/4/25, 20, 16, 8, 12, , 
2024/4/26, 47, , , , , 
2024/4/30, 12, 6, 37, 2, , 
2024/5/1, 14, 5, 36, 4, , 
2024/5/2, 13, 13, 39, 8, , 
2024/5/3, 28, 13, 35, 4, , 
2024/5/4, 25, 10, 30, 2, , 
2024/5/5, 20, 7, 36, 3, , 
2024/5/6, 13, 8, 40, 2, , 
2024/5/7, 19, 9, 39, 2, , 
2024/5/8, 23, 13, 46, 5, , 
2024/5/9, 28, 13, 43, 4, , 
2024/5/10, 30, 14, 45, 3, , 
2024/5/11, 33, 12, 43, 1, , 
2024/5/12, 29, 13, 42, 3, , 
2024/5/13, 28, 6, 31, 2, , 
2024/5/14, 12, 4, 32, 2, , 
2024/5/15, 9, 8, 37, 3, , 
2024/5/16, 17, 12, 33, 5, , 
2024/5/17, 24, 6, 38, 1, , 
2024/5/18, 15, 9, 33, 1, , 
2024/5/19, 20, 6, 34, 3, , 
2024/5/20, 14, 11, 35, 3, , 
2024/5/21, 23, 10, 37, 3, , 
2024/5/22, 22, 8, 36, 2, , 
2024/5/23, 16, 11, 43, 4, , 
2024/5/24, 28, 14, 41, 3, , 
2024/5/25, 32, 16, 39, 4, , 
2024/5/26, 34, 9, 30, 3, , 
2024/5/27, 16, 11, 36, 6, , 
2024/5/28, 17, 16, 37, 5, , 
2024/5/29, 24, 12, 35, 3, , 
2024/5/30, 23, 14, 39, 2, , 
2024/5/31, 18, 11, 36, 2, , 
2024/6/1, 19, 7, 36, 2, , 
2024/6/2, 17, 11, 35, 4, , 
2024/6/3, 24, 13, 41, 6, , 
2024/6/4, 31, 21, 47, 7, , 
2024/6/5, 37, 18, 48, 4, , 
2024/6/6, 34, 22, 46, 5, , 
2024/6/7, 35, 21, 47, 4, , 
2024/6/8, 37, 10, 32, 1, , 
2024/6/9, 20, 9, 31, 3, , 
2024/6/10, 22, 9, 27, 3, , 
2024/6/11, 18, 8, 34, 3, , 
2024/6/12, 16, 12, 42, 5, , 
2024/6/13, 26, 15, 45, 8, , 
2024/6/14, 34, 10, 33, 2, , 
2024/6/15, 17, 13, 40, 3, , 
2024/6/16, 22, 15, 36, 4, , 
2024/6/17, 28, 21, 39, 4, , 
2024/6/18, 32, 12, 41, 5, , 
2024/6/19, 25, 10, 33, 4, , 
2024/6/20, 22, 8, 34, 5, , 
2024/6/21, 15, 11, 32, 3, , 
2024/6/22, 23, 5, 25, 1, , 
2024/6/23, 11, 12, 33, 6, , 
2024/6/24, 19, 15, 43, 4, , 
2024/6/25, 26, 14, 35, 5, , 
2024/6/26, 28, 16, 41, 5, , 
2024/6/27, 24, 18, 41, 5, , 
2024/6/28, 27, 7, 31, 2, , 
2024/6/29, 18, 8, 38, 3, , 
2024/6/30, 21, 9, 30, 3, , 
2024/1/1, 38, 16, 7, 13, , 
2024/1/2, 34, 14, 4, 12, , 
2024/1/3, 33, 14, 11, 11, , 
2024/1/4, 32, 6, 26, 6, , 
2024/1/5, 13, 2, 27, 2, , 
2024/1/6, 5, 2, 26, 3, , 
2024/1/7, 7, 3, 25, 6, , 
2024/1/8, 8, 9, 16, 12, , 
2024/1/9, 33, 14, 10, 11, , 
2024/1/10, 34, 7, 20, 8, , 
2024/1/11, 22, 14, 13, 15, , 
2024/1/12, 48, 19, 8, 13, , 
2024/1/13, 52, 27, 3, 10, , 
2024/1/14, 79, 23, 2, 13, , 
2024/1/15, 60, 18, 2, 12, , 
2024/1/16, 49, 12, 26, 11, , 
2024/1/17, 25, 4, 28, 5, , 
2024/1/18, 10, 6, 23, 8, , 
2024/1/19, 17, 10, 22, 10, , 
2024/1/20, 31, 15, 17, 11, , 
2024/1/21, 37, 16, 10, 12, , 
2024/1/22, 47, 13, 13, 12, , 
2024/1/23, 39, 14, 9, 13, , 
2024/1/24, 39, 16, 8, 12, , 
2024/1/25, 47, 31, 3, 13, , 
2024/1/26, 73, 21, 5, 8, , 
2024/1/27, 56, 18, 8, 8, , 
2024/1/28, 47, 21, 10, 12, , 
2024/1/29, 51, 27, 10, 18, , 
2024/1/30, 61, 21, 19, 12, , 
2024/1/31, 45, 29, 20, 9, , 
2024/2/1, 61, 14, 23, 11, , 
2024/2/2, 32, 14, 8, 8, , 
2024/2/3, 45, 25, 7, 10, , 
2024/2/4, 71, 21, 6, 11, , 
2024/2/5, 57, 28, 10, 12, , 
2024/2/6, 62, 26, 23, 10, , 
2024/2/7, 59, 36, 15, 16, , 
2024/2/8, 31, 10, 14, 7, , 
2024/2/9, 16, 4, 29, 5, , 
2024/2/10, 8, 8, 23, 10, , 
2024/2/11, 24, 10, 28, 9, , 
2024/2/12, 22, 20, 20, 16, , 
2024/2/13, 41, 22, 11, 14, , 
2024/2/14, 53, 20, 18, 14, , 
2024/2/15, 50, 7, 30, 4, , 
2024/2/16, 12, 9, 32, 6, , 
2024/2/17, 16, 10, 16, 5, , 
2024/2/18, 35, 1, 29, 4, , 
2024/2/19, 1, 11, 28, 9, , 
2024/2/20, 22, 29, 16, 18, , 
2024/2/21, 61, 21, 34, 9, , 
2024/2/22, 43, 6, 28, 6, , 
2024/2/23, 9, 5, 32, 7, , 
2024/2/24, 13, 6, 22, 6, , 
2024/2/25, 17, 4, 28, 6, , 
2024/2/26, 9, 3, 30, 3, , 
2024/2/27, 12, 6, 33, 3, , 
2024/2/28, 11, 6, 30, 5, , 
2024/2/29, 22, 6, 29, 8, , 
2024/3/1, 16, 5, 34, 6, , 
2024/3/2, 9, 4, 32, 2, , 
2024/3/3, 11, 11, 20, 12, , 
2024/3/4, 32, 11, 27, 8, , 
2024/3/5, 36, , , , , 
2024/3/9, 6, 6, 23, 7, , 
2024/3/10, 16, 7, 31, 6, , 
2024/3/11, 18, 7, 29, 10, , 
2024/3/12, 17, 15, 29, 12, , 
2024/3/13, 38, 21, 32, 12, , 
2024/3/14, 50, 22, 30, 10, , 
2024/3/15, 47, 14, 34, 7, , 
2024/3/16, 40, 14, 30, 8, , 
2024/3/17, 39, 25, 23, 12, , 
2024/3/18, 46, 29, 37, 8, , 
2024/3/19, 58, 22, 32, 8, , 
2024/3/20, 51, 18, 32, 11, , 
2024/3/21, 38, 42, 33, 16, , 
2024/3/22, 70, 17, 32, 3, , 
2024/3/23, 31, 9, 34, 3, , 
2024/3/24, 18, 8, 24, 6, , 
2024/3/25, 18, 4, 30, 5, , 
2024/3/26, 11, 8, 29, 11, , 
2024/3/27, 22, 5, 32, 4, , 
2024/3/28, 13, 4, 31, 3, , 
2024/3/29, 11, 3, 31, 4, , 
2024/3/30, 12, 4, 34, 3, , 
2024/3/31, 10, 4, 34, 6, , 
2023/11/7, 28, 13, 21, 13, , 
2023/11/8, 31, 17, 15, 12, , 
2023/11/9, 29, 11, 22, 13, , 
2023/11/10, 29, 12, 21, 15, , 
2023/11/11, 26, 10, 18, 10, , 
2023/11/12, 23, 8, 20, 8, , 
2023/11/13, 30, 17, 11, 11, , 
2023/11/14, 33, 18, 15, 11, , 
2023/11/15, 27, 13, 20, 12, , 
2023/11/16, 37, 19, 15, 9, , 
2023/11/17, 18, 9, 25, 7, , 
2023/11/18, 46, 19, 13, 12, , 
2023/11/19, 49, 19, 13, 11, , 
2023/11/20, 32, 16, 24, 6, , 
2023/11/21, 14, 7, 25, 3, , 
2023/11/22, 15, 8, 26, 2, , 
2023/11/23, 25, 12, 24, 4, , 
2023/11/24, 20, 10, 21, 4, , 
2023/11/25, 17, 8, 23, 3, , 
2023/11/26, 37, 13, 15, 10, , 
2023/11/27, 51, 31, 7, 10, , 
2023/11/28, 26, 10, 19, 10, , 
2023/11/29, 32, 16, 13, 14, , 
2023/11/30, 31, 22, 18, 16, , 
2023/12/1, 15, 5, 21, 10, , 
2023/12/2, 14, 6, 23, 4, , 
2023/12/3, 23, 7, 15, 7, , 
2023/12/4, 22, 10, 18, 9, , 
2023/12/5, 17, 9, 19, 11, , 
2023/12/6, 33, 11, 17, 11, , 
2023/12/7, 38, 15, 9, 9, , 
2023/12/8, 24, 10, 25, 5, , 
2023/12/9, 30, 9, 10, 11, , 
2023/12/10, 40, 13, 4, 13, , 
2023/12/11, 33, 12, 12, 15, , 
2023/12/12, 32, 16, 15, 13, , 
2023/12/13, 16, 9, 23, 7, , 
2023/12/14, 10, 5, 23, 3, , 
2023/12/15, 10, 4, 27, 4, , 
2023/12/16, 20, 6, 22, 7, , 
2023/12/17, 46, 15, 9, 12, , 
2023/12/18, 51, 21, 4, 12, , 
2023/12/19, 56, 21, 20, 11, , 
2023/12/20, 23, 10, 29, 3, , 
2023/12/21, 20, 7, 25, 4, , 
2023/12/22, 14, 5, 27, 3, , 
2023/12/23, 13, 5, 28, 3, , 
2023/12/24, 29, 7, 18, 8, , 
2023/12/25, 40, 12, 4, 8, , 
2023/12/26, 45, 15, 1, 8, , 
2023/12/27, 35, 9, 2, 6, , 
2023/12/28, 57, 22, , 11, , 
2023/12/29, 78, 35, 1, 12, , 
2023/12/30, 64, 23, 9, 9, , 
2023/12/31, 38, 15, 18, 8, , 
2025/11/1, , 14, 26, 5, , 
2025/11/2, , 14, 26, 5, , 
2025/11/3, , 19, 27, 9, , 
2025/10/31, , 17, 25, 7, , 
2025/8/21, , 15, 35, 3, , 
2025/4/3, , 15, 37, 7, , 
2025/4/29, , 10, 37, 5, , 
2024/12/31, , 10, 10, 7, , 
2024/7/28, , 28, 44, 11, , 
2024/4/29, , 8, 41, 6, , 
2024/3/6, , 8, 33, 6, , 
2024/3/8, , 4, 28, 6, , 
2023/10/1, , 33, 40, 11, , 
2023/10/2, , 29, 33, 6, , 
2023/10/3, , 26, 30, 5, , 
2023/10/4, , 24, 35, 8, , 
2023/10/5, , 45, 33, 12, , 
2023/10/6, , 53, 33, 13, , 
2023/10/7, , 42, 33, 8, , 
2023/10/8, , 31, 34, 6, , 
2023/10/9, , 36, 32, 10, , 
2023/10/10, , 49, 38, 11, , 
2023/10/11, , 40, 33, 12, , 
2023/10/12, , 28, 30, 6, , 
2023/10/13, , 34, 30, 7, , 
2023/10/14, , 35, 24, 5, , 
2023/10/15, , 10, 29, 4, , 
2023/10/16, , 13, 30, 5, , 
2023/10/17, , 16, 26, 5, , 
2023/10/18, , 16, 28, 5, , 
2023/10/19, , 10, 26, 6, , 
2023/10/20, , 5, 31, 3, , 
2023/10/21, , 6, 31, 5, , 
2023/10/22, , 9, 29, 3, , 
2023/10/23, , 8, 24, 7, , 
2023/10/24, , 8, 28, 6, , 
2023/10/25, , 9, 17, 8, , 
2023/10/26, , 10, 27, 7, , 
2023/10/27, , 11, 24, 9, , 
2023/10/28, , 6, 26, 6, , 
2023/10/29, , 7, 27, 4, , 
2023/10/30, , 8, 26, 7, , 
2023/10/31, , 11, 19, 10, , 
2023/11/1, , 11, 24, 7, , 
2023/11/2, , 5, 29, 5, , 
2023/11/3, , 5, 26, 8, , 
2023/11/4, , 8, 31, 5, , 
2023/11/5, , 7, 29, 3, , 
2023/11/6, , 8, 25, 9, , 
2023/7/1, , 9, 24, 2, , 
2023/7/2, , 8, 25, 4, , 
2023/7/3, , 5, 35, 5, , 
2023/7/4, , 14, 32, 4, , 
2023/7/5, , 14, 28, 4, , 
2023/7/6, , 18, 30, 5, , 
2023/7/7, , 16, 46, 4, , 
2023/7/8, , 19, 41, 4, , 
2023/7/9, , 22, 40, 3, , 
2023/7/10, , 19, 40, 4, , 
2023/7/11, , 52, 28, 3, , 
2023/7/12, , 15, 30, 3, , 
2023/7/13, , 13, 38, 5, , 
2023/7/14, , 28, 38, 2, , 
2023/7/15, , 19, 35, 2, , 
2023/7/16, , 13, 33, 3, , 
2023/7/17, , 23, 42, 5, , 
2023/7/18, , 32, 35, 3, , 
2023/7/19, , 24, 43, 3, , 
2023/7/20, , 19, 30, 2, , 
2023/7/21, , 13, 42, 2, , 
2023/7/22, , 12, 38, 3, , 
2023/7/23, , 23, 32, 3, , 
2023/7/24, , 16, 32, 2, , 
2023/7/25, , 12, 30, 3, , 
2023/7/26, , 12, 40, 4, , 
2023/7/27, , 21, 59, 6, , 
2023/7/28, , 16, 41, 3, , 
2023/7/29, , 16, 31, 2, , 
2023/7/30, , 7, 40, 4, , 
2023/7/31, , 11, 27, 3, , 
2023/8/1, , 12, 40, 5, , 
2023/8/2, , 18, 34, 2, , 
2023/8/3, , 11, 32, 2, , 
2023/8/4, , 12, 36, 2, , 
2023/8/5, , 9, 33, 1, , 
2023/8/6, , 10, 38, 4, , 
2023/8/7, , 14, 41, 9, , 
2023/8/8, , 26, 39, 5, , 
2023/8/9, , 33, 41, 4, , 
2023/8/10, , 31, 49, 5, , 
2023/8/11, , 24, 49, 4, , 
2023/8/12, , 31, 41, 2, , 
2023/8/13, , 18, 37, 2, , 
2023/8/14, , 18, 39, 2, , 
2023/8/15, , 17, 39, 3, , 
2023/8/16, , 22, 41, 4, , 
2023/8/17, , 25, 49, 5, , 
2023/8/18, , 28, 43, 4, , 
2023/8/19, , 26, 47, 3, , 
2023/8/20, , 23, 44, 3, , 
2023/8/21, , 23, 46, 6, , 
2023/8/22, , 40, 45, 5, , 
2023/8/23, , 43, 47, 5, , 
2023/8/24, , 36, 37, 5, , 
2023/8/25, , 35, 30, 2, , 
2023/8/26, , 21, 33, 1, , 
2023/8/27, , 15, 30, 2, , 
2023/8/28, , 9, 36, 2, , 
2023/8/29, , 12, 31, 3, , 
2023/8/30, , 9, 28, 4, , 
2023/8/31, , 14, 38, 5, , 
2023/9/1, , 26, 26, 3, , 
2023/9/2, , 11, 32, 4, , 
2023/9/3, , 11, 37, 4, , 
2023/9/4, , 38, 39, 5, , 
2023/9/5, , 48, 38, 4, , 
2023/9/6, , 18, 43, 5, , 
2023/9/7, , 21, 41, 5, , 
2023/9/8, , 25, 37, 3, , 
2023/9/9, , 20, 34, 3, , 
2023/9/10, , 17, 33, 6, , 
2023/9/11, , 18, 34, 5, , 
2023/9/12, , 15, 30, 4, , 
2023/9/13, , 10, 34, 5, , 
2023/9/14, , 13, 23, 4, , 
2023/9/15, , 14, 35, 3, , 
2023/9/16, , 13, 29, 2, , 
2023/9/17, , 30, 27, 7, , 
2023/9/18, , 9, 33, 4, , 
2023/9/19, , 13, 36, 7, , 
2023/9/20, , 14, 29, 5, , 
2023/9/21, , 11, 29, 5, , 
2023/9/22, , 11, 33, 4, , 
2023/9/23, , 9, 35, 5, , 
2023/9/24, , 10, 38, 8, , 
2023/9/25, , 21, 37, 8, , 
2023/9/26, , 25, 28, 10, , 
2023/9/27, , 31, 42, 13, , 
2023/9/28, , 39, 39, 15, , 
2023/9/29, , 51, 38, 12, , 
2023/9/30, , 36, 40, 11, , 
2023/4/1, , 21, 35, 2, , 
2023/4/2, , 5, 34, 3, , 
2023/4/3, , 8, 34, 4, , 
2023/4/4, , 9, 35, 6, , 
2023/4/5, , 11, 37, 5, , 
2023/4/6, , 13, 39, 5, , 
2023/4/7, , 13, 43, 6, , 
2023/4/8, , 15, 42, 5, , 
2023/4/9, , 13, 42, 9, , 
2023/4/10, , 28, 38, 6, , 
2023/4/11, , 16, 33, 7, , 
2023/4/12, , 21, 36, 4, , 
2023/4/13, , 8, 32, 6, , 
2023/4/14, , 11, 34, 2, , 
2023/4/15, , 13, 37, 2, , 
2023/4/16, , 6, 41, 3, , 
2023/4/17, , 10, 39, 4, , 
2023/4/18, , 14, 42, 4, , 
2023/4/19, , 15, 41, 10, , 
2023/4/20, , 22, 41, 6, , 
2023/4/21, , 30, 33, 4, , 
2023/4/22, , 14, 34, 5, , 
2023/4/23, , 8, 33, 3, , 
2023/4/24, , 6, 26, 5, , 
2023/4/25, , 12, 27, 6, , 
2023/4/26, , 12, 35, 6, , 
2023/4/27, , 26, 35, 4, , 
2023/4/28, , 22, 28, 3, , 
2023/4/29, , 18, 32, 1, , 
2023/4/30, , 11, 35, 2, , 
2023/5/1, , 8, 41, 7, , 
2023/5/2, , 11, 42, 7, , 
2023/5/3, , 28, 42, 5, , 
2023/5/4, , 16, 40, 7, , 
2023/5/5, , 21, 43, 3, , 
2023/5/6, , 19, 37, 2, , 
2023/5/7, , 11, 36, 4, , 
2023/5/8, , 14, 32, 5, , 
2023/5/9, , 15, 36, 3, , 
2023/5/10, , 12, 36, 3, , 
2023/5/11, , 11, 34, 3, , 
2023/5/12, , 10, 35, 2, , 
2023/5/13, , 8, 44, 2, , 
2023/5/14, , 9, 44, 2, , 
2023/5/15, , 15, 36, 2, , 
2023/5/16, , 15, 37, 2, , 
2023/5/17, , 16, 38, 3, , 
2023/5/18, , 15, 39, 3, , 
2023/5/19, , 14, 41, 2, , 
2023/5/20, , 16, 43, 3, , 
2023/5/21, , 16, 39, 4, , 
2023/5/22, , 18, 34, 6, , 
2023/5/23, , 15, 38, 5, , 
2023/5/24, , 14, 37, 3, , 
2023/5/25, , 12, 37, 4, , 
2023/5/26, , 13, 39, 3, , 
2023/5/27, , 29, 40, 3, , 
2023/5/28, , 24, 43, 6, , 
2023/5/29, , 24, 42, 5, , 
2023/5/30, , 24, 45, 5, , 
2023/5/31, , 17, 39, 5, , 
2023/6/1, , 22, 52, 5, , 
2023/6/2, , 13, 44, 4, , 
2023/6/3, , 14, 54, 3, , 
2023/6/4, , 9, 47, 4, , 
2023/6/5, , 13, 46, 4, , 
2023/6/6, , 14, 36, 3, , 
2023/6/7, , 11, 30, 4, , 
2023/6/8, , 12, 33, 3, , 
2023/6/9, , 11, 35, 4, , 
2023/6/10, , 8, 36, 3, , 
2023/6/11, , 9, 41, 5, , 
2023/6/12, , 10, 42, 5, , 
2023/6/13, , 13, 40, 2, , 
2023/6/14, , 13, 46, 4, , 
2023/6/15, , 13, 47, 8, , 
2023/6/16, , 15, 51, 5, , 
2023/6/17, , 26, 45, 3, , 
2023/6/18, , 13, 42, 5, , 
2023/6/19, , 14, 38, 6, , 
2023/6/20, , 25, 31, 5, , 
2023/6/21, , 15, 37, 4, , 
2023/6/22, , 12, , , , 
2023/6/26, , 18, 34, 3, , 
2023/6/27, , 15, 37, 3, , 
2023/6/28, , 18, 37, 3, , 
2023/6/29, , 20, 35, 2, , 
2023/6/30, , 10, 25, 2, , 
2023/1/2, , 21, 19, 12, , 
2023/1/3, , 11, 14, 15, , 
2023/1/4, , 17, 6, 8, , 
2023/1/5, , 17, 8, 6, , 
2023/1/6, , 9, 7, 7, , 
2023/1/7, , 8, 7, 7, , 
2023/1/8, , 11, 26, 9, , 
2023/1/9, , 8, 13, 18, , 
2023/1/10, , 19, 22, 10, , 
2023/1/11, , 17, 16, 15, , 
2023/1/12, , 15, 18, 11, , 
2023/1/13, , 15, 9, 13, , 
2023/1/14, , 18, 27, 8, , 
2023/1/15, , 14, 29, 11, , 
2023/1/16, , 5, 30, 8, , 
2023/1/17, , 3, 27, 8, , 
2023/1/18, , 7, 24, 6, , 
2023/1/19, , 3, 27, 5, , 
2023/1/20, , 3, 28, 4, , 
2023/1/21, , 5, 28, 2, , 
2023/1/22, , 4, 26, 4, , 
2023/1/23, , 5, 16, 9, , 
2023/1/24, , 9, 20, 7, , 
2023/1/25, , 10, 29, 5, , 
2023/1/26, , 6, 24, 5, , 
2023/1/27, , 5, 25, 4, , 
2023/1/28, , 5, 23, 6, , 
2023/1/29, , 7, 25, 8, , 
2023/1/30, , 13, 27, 8, , 
2023/1/31, , 8, 27, 10, , 
2023/2/1, , 9, 23, 15, , 
2023/2/2, , 16, 19, 18, , 
2023/2/3, , 31, 28, 9, , 
2023/2/4, , 25, 28, 3, , 
2023/2/5, , 7, 23, 11, , 
2023/2/6, , 10, 17, 13, , 
2023/2/7, , 15, 15, 15, , 
2023/2/8, , 11, 21, 15, , 
2023/2/9, , 14, 20, 18, , 
2023/2/10, , 21, 26, 11, , 
2023/2/11, , 16, 27, 12, , 
2023/2/12, , 17, 21, 16, , 
2023/2/13, , 19, 18, 17, , 
2023/2/14, , 24, 21, 19, , 
2023/2/15, , 23, 21, 20, , 
2023/2/16, , 33, 24, 22, , 
2023/2/17, , 39, 26, 18, , 
2023/2/18, , 31, 27, 17, , 
2023/2/19, , 33, 22, 18, , 
2023/2/20, , 42, 20, 16, , 
2023/2/21, , 36, 23, 13, , 
2023/2/22, , 48, 25, 10, , 
2023/2/23, , 19, 29, 14, , 
2023/2/24, , 7, 26, 10, , 
2023/2/25, , 12, 33, 3, , 
2023/2/26, , 8, 29, 4, , 
2023/2/27, , 6, 31, 4, , 
2023/2/28, , 7, 32, 6, , 
2023/3/1, , 17, 28, 7, , 
2023/3/2, , 15, 31, 6, , 
2023/3/3, , 12, 34, 8, , 
2023/3/4, , 15, 31, 8, , 
2023/3/5, , 21, 33, 8, , 
2023/3/6, , 16, 28, 11, , 
2023/3/7, , 16, 24, 9, , 
2023/3/8, , 13, 33, 5, , 
2023/3/9, , 6, 31, 7, , 
2023/3/10, , 15, 24, 5, , 
2023/3/11, , 11, 24, 4, , 
2023/3/12, , 9, 36, 6, , 
2023/3/13, , 14, 35, 4, , 
2023/3/14, , 10, 35, 10, , 
2023/3/15, , 20, 36, 6, , 
2023/3/16, , 20, 34, 5, , 
2023/3/17, , 15, 35, 5, , 
2023/3/18, , 14, 33, 4, , 
2023/3/19, , 5, 32, 11, , 
2023/3/20, , 14, 33, 12, , 
2023/3/21, , 26, 36, 9, , 
2023/3/22, , 26, 37, 9, , 
2023/3/23, , 22, 27, 8, , 
2023/3/24, , 19, 35, 5, , 
2023/3/25, , 14, 37, 3, , 
2023/3/26, , 13, 37, 4, , 
2023/3/27, , 11, 37, 7, , 
2023/3/28, , 17, 38, 7, , 
2023/3/29, , 23, 35, 10, , 
2023/3/30, , 24, 32, 5, , 
2023/3/31, , 18, 36, 3, , 
2022/10/1, , 13, 31, 13, , 
2022/10/2, , 19, 25, 17, , 
2022/10/3, , 34, 34, 17, , 
2022/10/4, , 38, 32, 10, , 
2022/10/5, , 30, 34, 8, , 
2022/10/6, , 29, 31, 8, , 
2022/10/7, , 24, 29, 7, , 
2022/10/8, , 30, 29, 6, , 
2022/10/9, , 29, 23, 9, , 
2022/10/10, , 26, 22, 9, , 
2022/10/11, , 23, 28, 6, , 
2022/10/12, , 16, 24, 10, , 
2022/10/13, , 26, 22, 12, , 
2022/10/14, , 26, 33, 8, , 
2022/10/15, , 23, 33, 5, , 
2022/10/16, , 22, 27, 7, , 
2022/10/17, , 20, 26, 7, , 
2022/10/18, , 39, 16, 9, , 
2022/10/19, , 46, 13, 7, , 
2022/10/20, , 28, 12, 12, , 
2022/10/21, , 24, 26, 6, , 
2022/10/22, , 7, 25, 7, , 
2022/10/23, , 13, 19, 13, , 
2022/10/24, , 15, 10, 12, , 
2022/10/25, , 20, 8, 14, , 
2022/10/26, , 39, 21, 10, , 
2022/10/27, , 37, 27, 12, , 
2022/10/28, , 31, 33, 7, , 
2022/10/29, , 28, 21, 9, , 
2022/10/30, , 30, 16, 11, , 
2022/10/31, , 31, 21, 8, , 
2022/11/1, , 15, 18, 10, , 
2022/11/2, , 16, 20, 12, , 
2022/11/3, , 20, 25, 7, , 
2022/11/4, , 11, 25, 10, , 
2022/11/5, , 10, 17, 10, , 
2022/11/6, , 13, 15, 13, , 
2022/11/7, , 19, 12, 19, , 
2022/11/8, , 32, 17, 13, , 
2022/11/9, , 27, 19, 13, , 
2022/11/10, , 15, 15, 12, , 
2022/11/11, , 21, 17, 9, , 
2022/11/12, , 9, 15, 9, , 
2022/11/13, , 10, 7, 11, , 
2022/11/14, , 20, 12, 15, , 
2022/11/15, , 21, 19, 13, , 
2022/11/16, , 10, 24, 9, , 
2022/11/17, , 13, 20, 9, , 
2022/11/18, , 7, 29, 4, , 
2022/11/19, , 5, 22, 6, , 
2022/11/20, , 4, 23, 9, , 
2022/11/21, , 9, 20, 12, , 
2022/11/22, , 5, 13, 12, , 
2022/11/23, , 10, 7, 14, , 
2022/11/24, , 21, 22, 9, , 
2022/11/25, , 10, 23, 7, , 
2022/11/26, , 7, , , , 
2022/11/29, , 4, 17, 12, , 
2022/11/30, , 9, 11, 11, , 
2022/12/1, , 13, 12, 13, , 
2022/12/2, , 14, 6, 8, , 
2022/12/3, , 17, 12, 6, , 
2022/12/4, , 14, 8, 8, , 
2022/12/5, , 10, 8, 8, , 
2022/12/6, , 19, 7, 9, , 
2022/12/7, , 13, 8, 6, , 
2022/12/8, , 11, 2, 14, , 
2022/12/10, , 6, 15, 8, , 
2022/12/11, , 9, 7, 10, , 
2022/12/12, , 7, 9, 11, , 
2022/12/13, , 8, 11, 14, , 
2022/12/14, , 10, 13, 14, , 
2022/12/15, , 11, 9, 14, , 
2022/12/16, , 14, 14, 12, , 
2022/12/17, , 11, 12, 7, , 
2022/12/18, , 10, 9, 9, , 
2022/12/19, , 13, 8, 10, , 
2022/12/20, , 12, 7, 15, , 
2022/12/21, , 18, 4, 21, , 
2022/12/22, , 23, 6, 17, , 
2022/12/23, , 18, 12, 10, , 
2022/12/24, , 11, 7, 6, , 
2022/12/25, , 11, 6, 10, , 
2022/12/26, , 15, 3, 11, , 
2022/12/27, , 21, 4, 9, , 
2022/12/28, , 18, 3, 15, , 
2022/12/29, , 25, 21, 12, , 
2022/12/30, , 15, 15, 7, , 
2022/12/31, , 14, 11, 5, , 
2023/1/1, , 15, 18, 8, , 
2022/7/1, , 13, 35, 3, , 
2022/7/2, , 22, 26, 5, , 
2022/7/3, , 27, , , , 
2022/7/10, , 14, 53, 7, , 
2022/7/11, , 22, 60, 10, , 
2022/7/12, , 25, 55, 12, , 
2022/7/13, , 32, 52, 13, , 
2022/7/14, , 34, 57, 11, , 
2022/7/15, , 37, 59, 11, , 
2022/7/16, , 40, 54, 4, , 
2022/7/17, , 29, 46, 5, , 
2022/7/18, , 26, 44, 5, , 
2022/7/19, , 23, 40, 5, , 
2022/7/20, , 28, 44, 5, , 
2022/7/21, , 27, 43, 6, , 
2022/7/22, , 33, 41, 3, , 
2022/7/23, , 17, 45, 4, , 
2022/7/24, , 25, 30, 4, , 
2022/7/25, , 29, 30, 3, , 
2022/7/26, , 18, 36, 4, , 
2022/7/27, , 14, 39, 4, , 
2022/7/28, , 21, 33, 5, , 
2022/7/29, , 27, 32, 3, , 
2022/7/30, , 15, 38, 4, , 
2022/7/31, , 15, 38, 6, , 
2022/8/1, , 22, 48, 7, , 
2022/8/2, , 27, 27, 7, , 
2022/8/3, , 38, , , , 
2022/8/6, , 19, 45, 4, , 
2022/8/7, , 22, 44, 6, , 
2022/8/8, , 23, 46, 6, , 
2022/8/9, , 26, 46, 7, , 
2022/8/10, , 22, 45, 6, , 
2022/8/11, , 23, 53, 8, , 
2022/8/12, , 33, 38, 6, , 
2022/8/13, , 45, 45, 3, , 
2022/8/14, , 27, 43, 3, , 
2022/8/15, , 20, 43, 7, , 
2022/8/16, , 28, 33, 4, , 
2022/8/17, , 19, 31, 2, , 
2022/8/18, , 17, , , , 
2022/8/22, , 13, 27, 6, , 
2022/8/23, , 11, 31, 8, , 
2022/8/24, , 29, 40, 8, , 
2022/8/25, , 18, 29, 5, , 
2022/8/26, , 13, 39, 6, , 
2022/8/27, , 11, 43, 5, , 
2022/8/28, , 15, 32, 7, , 
2022/8/29, , 17, 41, 9, , 
2022/8/30, , 24, 42, 8, , 
2022/8/31, , 25, 43, 6, , 
2022/9/1, , 22, 41, 6, , 
2022/9/2, , 24, 39, 3, , 
2022/9/3, , 15, 37, 3, , 
2022/9/4, , 16, 37, 5, , 
2022/9/5, , 22, 31, 9, , 
2022/9/7, , 23, 31, 9, , 
2022/9/8, , 29, , , , 
2022/9/10, , 14, 33, 4, , 
2022/9/11, , 17, 29, 7, , 
2022/9/12, , 19, 17, 6, , 
2022/9/13, , 14, 29, 9, , 
2022/9/14, , 16, 31, 12, , 
2022/9/15, , 16, 32, 5, , 
2022/9/16, , 12, 35, 4, , 
2022/9/17, , 12, 34, 5, , 
2022/9/18, , 16, 32, 9, , 
2022/9/19, , 22, 37, 9, , 
2022/9/20, , 23, 35, 8, , 
2022/9/21, , 22, 39, 8, , 
2022/9/22, , 27, 34, 6, , 
2022/9/23, , 25, 32, 3, , 
2022/9/24, , 10, 30, 3, , 
2022/9/25, , 6, 31, 5, , 
2022/9/26, , 10, 30, 5, , 
2022/9/27, , 13, 27, 6, , 
2022/9/28, , 14, 25, 7, , 
2022/9/29, , 11, 28, 4, , 
2022/9/30, , 10, 27, 8, , 
2022/4/1, , 7, 39, 4, , 
2022/4/2, , 7, 39, 4, , 
2022/4/3, , 6, 36, 9, , 
2022/4/4, , 13, 39, 15, , 
2022/4/5, , 16, 33, 8, , 
2022/4/6, , 15, 33, 12, , 
2022/4/7, , 14, 29, 12, , 
2022/4/8, , 17, 36, 5, , 
2022/4/9, , 7, 33, 5, , 
2022/4/10, , 11, 36, 6, , 
2022/4/11, , 16, 34, 7, , 
2022/4/12, , 20, 21, 12, , 
2022/4/13, , 14, 7, 18, , 
2022/4/14, , 10, , , , 
2022/4/17, , 10, 37, 5, , 
2022/4/18, , 14, 28, 7, , 
2022/4/19, , 8, 35, 5, , 
2022/4/20, , 3, 34, 5, , 
2022/4/21, , 4, 30, 11, , 
2022/4/22, , 12, 33, 4, , 
2022/4/23, , 5, 31, 4, , 
2022/4/24, , 3, 38, 8, , 
2022/4/25, , 11, 35, 10, , 
2022/4/26, , 14, 35, 10, , 
2022/4/27, , 12, 25, 8, , 
2022/4/28, , 10, 34, 10, , 
2022/4/29, , 13, 35, 4, , 
2022/4/30, , 22, 41, 5, , 
2022/5/1, , 13, 37, 4, , 
2022/5/2, , 15, 27, 8, , 
2022/5/3, , 12, 35, 7, , 
2022/5/4, , 16, 34, 5, , 
2022/5/5, , 13, 33, 4, , 
2022/5/6, , 11, 36, 4, , 
2022/5/7, , 11, 37, 5, , 
2022/5/8, , 13, 42, 9, , 
2022/5/9, , 18, 44, 9, , 
2022/5/10, , 19, 43, 8, , 
2022/5/11, , 23, 39, 6, , 
2022/5/12, , 23, 44, 13, , 
2022/5/13, , 24, 38, 8, , 
2022/5/14, , 29, 38, 5, , 
2022/5/15, , 16, 37, 8, , 
2022/5/16, , 22, 31, 10, , 
2022/5/17, , 22, 38, 7, , 
2022/5/18, , 23, 37, 5, , 
2022/5/19, , 30, 39, 6, , 
2022/5/20, , 24, 40, 7, , 
2022/5/21, , 23, 33, 8, , 
2022/5/22, , 28, 36, 6, , 
2022/5/23, , 18, 29, 4, , 
2022/5/24, , 10, 31, 3, , 
2022/5/25, , 8, 31, 4, , 
2022/5/26, , 13, 29, 5, , 
2022/5/27, , 12, 33, 4, , 
2022/5/28, , 13, 35, 4, , 
2022/5/29, , 13, 39, 7, , 
2022/5/30, , 22, 39, 7, , 
2022/5/31, , 21, 37, 5, , 
2022/6/1, , 22, 40, 7, , 
2022/6/2, , 28, 37, 6, , 
2022/6/3, , 27, 39, 6, , 
2022/6/4, , 21, 39, 4, , 
2022/6/5, , 10, 36, 8, , 
2022/6/6, , 14, 32, 6, , 
2022/6/7, , 12, 29, 7, , 
2022/6/8, , 16, 14, 3, , 
2022/6/9, , 7, 37, 14, , 
2022/6/10, , 14, 46, 6, , 
2022/6/11, , 26, 35, 10, , 
2022/6/12, , 18, 46, 7, , 
2022/6/13, , 20, 42, 8, , 
2022/6/14, , 26, 42, 11, , 
2022/6/15, , 39, 48, 11, , 
2022/6/16, , 49, 44, 11, , 
2022/6/17, , 49, 43, 7, , 
2022/6/18, , 55, 39, 3, , 
2022/6/19, , 32, 36, 4, , 
2022/6/20, , 32, 39, 5, , 
2022/6/21, , 24, 33, 6, , 
2022/6/22, , 22, 33, 7, , 
2022/6/23, , 22, 35, 7, , 
2022/6/24, , 11, 39, 5, , 
2022/6/25, , 19, 25, 4, , 
2022/6/26, , 27, 29, 3, , 
2022/6/27, , 15, 36, 8, , 
2022/6/28, , 13, 45, 8, , 
2022/6/29, , 30, 27, 4, , 
2022/6/30, , 16, 38, 6, , 
2022/1/3, , 16, 27, 9, , 
2022/1/4, , 12, 26, 6, , 
2022/1/5, , 7, 28, 4, , 
2022/1/6, , 8, 27, 7, , 
2022/1/7, , 9, 23, 10, , 
2022/1/8, , 8, 19, 8, , 
2022/1/9, , 8, 22, 5, , 
2022/1/10, , 7, 28, 7, , 
2022/1/11, , 8, 23, 12, , 
2022/1/12, , 11, 13, 18, , 
2022/1/13, , 18, 6, 19, , 
2022/1/14, , 21, 14, 15, , 
2022/1/15, , 23, 17, 15, , 
2022/1/16, , 14, 15, 20, , 
2022/1/17, , 15, 11, 22, , 
2022/1/18, , 26, 1, 20, , 
2022/1/19, , 15, , , , 
2022/1/22, , 13, 20, 11, , 
2022/1/23, , 15, 14, 17, , 
2022/1/24, , 17, 10, 22, , 
2022/1/25, , 24, 13, 22, , 
2022/1/26, , 28, 15, 20, , 
2022/1/27, , 26, 17, 19, , 
2022/1/28, , 21, 19, 18, , 
2022/1/29, , 26, 18, 16, , 
2022/1/30, , 23, 34, 6, , 
2022/1/31, , 11, 29, 6, , 
2022/2/1, , 11, 23, 17, , 
2022/2/2, , 18, 14, 17, , 
2022/2/3, , 25, 22, 14, , 
2022/2/4, , 19, 30, 6, , 
2022/2/5, , 9, 28, 6, , 
2022/2/6, , 9, 29, 6, , 
2022/2/7, , 9, 23, 15, , 
2022/2/8, , 9, 19, 16, , 
2022/2/9, , 34, 11, 18, , 
2022/2/10, , 50, 23, 14, , 
2022/2/11, , 42, 19, 14, , 
2022/2/12, , 31, 22, 9, , 
2022/2/13, , 39, 29, 9, , 
2022/2/14, , 15, 28, 11, , 
2022/2/15, , 15, 23, 14, , 
2022/2/16, , 36, 22, 12, , 
2022/2/17, , 17, 28, 12, , 
2022/2/18, , 32, 29, 5, , 
2022/2/19, , 14, 29, 6, , 
2022/2/20, , 4, 31, 9, , 
2022/2/21, , 8, 27, 12, , 
2022/2/22, , 21, 28, 22, , 
2022/2/23, , 24, 27, 18, , 
2022/2/24, , 29, 25, 13, , 
2022/2/25, , 14, 27, 9, , 
2022/2/26, , 15, 30, 11, , 
2022/2/27, , 19, 24, 21, , 
2022/2/28, , 29, 29, 16, , 
2022/3/1, , 40, 26, 15, , 
2022/3/2, , 22, 25, 13, , 
2022/3/3, , 12, 30, 7, , 
2022/3/4, , 9, 33, 6, , 
2022/3/5, , 10, 30, 7, , 
2022/3/6, , 11, 25, 9, , 
2022/3/7, , 14, 24, 12, , 
2022/3/8, , 16, 28, 11, , 
2022/3/9, , 17, 28, 10, , 
2022/3/10, , 16, 21, 12, , 
2022/3/11, , 15, 32, 8, , 
2022/3/12, , 11, 35, 7, , 
2022/3/13, , 10, 32, 9, , 
2022/3/14, , 12, 30, 8, , 
2022/3/15, , 28, 21, 13, , 
2022/3/16, , 34, 27, 7, , 
2022/3/17, , 15, 22, 10, , 
2022/3/18, , 13, 30, 10, , 
2022/3/19, , 23, 20, 8, , 
2022/3/20, , 27, 32, 7, , 
2022/3/21, , 15, 34, 7, , 
2022/3/22, , 18, 35, 10, , 
2022/3/23, , 19, 25, 15, , 
2022/3/24, , 21, 37, 15, , 
2022/3/25, , 21, 37, 9, , 
2022/3/26, , 16, 37, 8, , 
2022/3/27, , 18, 36, 12, , 
2022/3/28, , 39, 35, 14, , 
2022/3/29, , 34, 35, 8, , 
2022/3/30, , 34, 38, 5, , 
2022/3/31, , 12, 34, 5, , 
2021/10/1, , 21, 32, 5, , 
2021/10/2, , 19, 22, 4, , 
2021/10/3, , 28, 26, 5, , 
2021/10/4, , 9, 23, 9, , 
2021/10/5, , 11, 31, 5, , 
2021/10/6, , 12, 28, 7, , 
2021/10/7, , 14, 29, 10, , 
2021/10/8, , 15, 29, 6, , 
2021/10/9, , 12, 32, 5, , 
2021/10/10, , 11, 30, 7, , 
2021/10/11, , 15, 30, 5, , 
2021/10/12, , 14, 30, 5, , 
2021/10/13, , 13, 24, 4, , 
2021/10/14, , 67, 26, 9, , 
2021/10/15, , 24, 32, 8, , 
2021/10/16, , 15, 27, 7, , 
2021/10/17, , 15, 26, 12, , 
2021/10/18, , 18, 25, 9, , 
2021/10/19, , 23, 23, 8, , 
2021/10/20, , 21, 25, 7, , 
2021/10/21, , 15, 26, 5, , 
2021/10/22, , 12, 29, 7, , 
2021/10/23, , 15, 24, 9, , 
2021/10/24, , 20, 21, 14, , 
2021/10/25, , 23, 25, 11, , 
2021/10/26, , 20, 21, 13, , 
2021/10/27, , 24, 27, 10, , 
2021/10/28, , 27, 16, 10, , 
2021/10/29, , 17, 14, 7, , 
2021/10/30, , 11, 14, 6, , 
2021/10/31, , 9, 25, 7, , 
2021/11/1, , 8, 26, 9, , 
2021/11/2, , 9, 25, 6, , 
2021/11/3, , 8, 24, 7, , 
2021/11/4, , 8, 25, 5, , 
2021/11/5, , 8, 26, 4, , 
2021/11/6, , 9, 30, 3, , 
2021/11/7, , 9, 28, 4, , 
2021/11/8, , 12, 26, 10, , 
2021/11/9, , 15, 20, 9, , 
2021/11/10, , 15, 18, 11, , 
2021/11/11, , 17, 18, 9, , 
2021/11/12, , 14, 26, 6, , 
2021/11/13, , 12, 29, 3, , 
2021/11/14, , 11, 23, 4, , 
2021/11/15, , 9, 24, 6, , 
2021/11/16, , 13, 24, 5, , 
2021/11/17, , 10, 20, 13, , 
2021/11/18, , 19, 13, 15, , 
2021/11/19, , 26, 8, 12, , 
2021/11/20, , 25, 19, 8, , 
2021/11/21, , 23, 17, 9, , 
2021/11/22, , 9, 9, 13, , 
2021/11/23, , 8, 20, 9, , 
2021/11/24, , 7, 23, 8, , 
2021/11/25, , 6, 23, 6, , 
2021/11/26, , 7, 27, 5, , 
2021/11/27, , 6, 26, 5, , 
2021/11/28, , 6, 20, 8, , 
2021/11/29, , 7, 23, 10, , 
2021/11/30, , 7, 7, 12, , 
2021/12/1, , 12, 24, 7, , 
2021/12/2, , 8, 25, 7, , 
2021/12/3, , 9, 22, 10, , 
2021/12/4, , 15, 27, 4, , 
2021/12/5, , 10, 25, 5, , 
2021/12/6, , 7, 11, 12, , 
2021/12/7, , 10, 29, 5, , 
2021/12/8, , 6, 21, 12, , 
2021/12/9, , 8, 31, 6, , 
2021/12/10, , 7, 29, 4, , 
2021/12/11, , 7, 23, 8, , 
2021/12/12, , 8, 11, 10, , 
2021/12/13, , 14, 11, 8, , 
2021/12/14, , 8, 9, 9, , 
2021/12/15, , 11, 7, 11, , 
2021/12/16, , 11, 5, 11, , 
2021/12/17, , 11, 6, 10, , 
2021/12/18, , 11, 7, 8, , 
2021/12/19, , 10, 4, 9, , 
2021/12/20, , 9, , 10, , 
2021/12/21, , 18, 1, 7, , 
2021/12/22, , 14, 4, 7, , 
2021/12/23, , 14, 3, 1, , 
2021/12/24, , 14, 4, 7, , 
2021/12/25, , 11, 3, 9, , 
2021/12/26, , 13, 22, 12, , 
2021/12/27, , 9, 23, 8, , 
2021/12/28, , 9, 15, 9, , 
2021/12/29, , 12, 7, 14, , 
2021/12/30, , 15, 3, 10, , 
2021/12/31, , 15, 2, 8, , 
2022/1/1, , 14, , , , 
2021/7/1, , 16, 55, 4, , 
2021/7/2, , 16, 41, 4, , 
2021/7/3, , 14, 36, 3, , 
2021/7/4, , 11, 40, 6, , 
2021/7/5, , 16, 22, 5, , 
2021/7/6, , 16, 34, 4, , 
2021/7/7, , 13, 28, 3, , 
2021/7/8, , 11, 40, 5, , 
2021/7/9, , 15, 44, 3, , 
2021/7/10, , 13, 34, 2, , 
2021/7/11, , 14, 26, 2, , 
2021/7/12, , 15, 24, 2, , 
2021/7/13, , 9, 27, 2, , 
2021/7/14, , 10, 32, 4, , 
2021/7/15, , 13, 37, 4, , 
2021/7/16, , 13, 41, 3, , 
2021/7/17, , 13, 42, 2, , 
2021/7/18, , 14, 47, 7, , 
2021/7/19, , 22, 56, 7, , 
2021/7/20, , 24, 51, 5, , 
2021/7/21, , 16, 46, 4, , 
2021/7/22, , 16, 45, 7, , 
2021/7/23, , 23, 34, 3, , 
2021/7/24, , 12, 31, 3, , 
2021/7/25, , 11, 37, 4, , 
2021/7/26, , 13, 42, 5, , 
2021/7/27, , 16, 40, 4, , 
2021/7/28, , 16, 37, 4, , 
2021/7/29, , 15, 31, 4, , 
2021/7/30, , 17, 23, 3, , 
2021/7/31, , 11, 29, 2, , 
2021/8/1, , 8, 38, 4, , 
2021/8/2, , 11, 38, 5, , 
2021/8/3, , 13, 32, 4, , 
2021/8/4, , 9, 42, 6, , 
2021/8/5, , 12, 34, 4, , 
2021/8/6, , 14, 29, 3, , 
2021/8/7, , 12, 31, 2, , 
2021/8/8, , 10, 33, 3, , 
2021/8/9, , 12, 34, 5, , 
2021/8/10, , 14, 39, 5, , 
2021/8/11, , 26, 38, 8, , 
2021/8/12, , 39, 44, 6, , 
2021/8/13, , 24, 41, 5, , 
2021/8/14, , 38, 31, 4, , 
2021/8/15, , 16, 33, 2, , 
2021/8/16, , 14, 34, 3, , 
2021/8/17, , 11, 34, 3, , 
2021/8/18, , 10, 36, 4, , 
2021/8/19, , 10, 39, 5, , 
2021/8/20, , 15, 42, 4, , 
2021/8/21, , 13, 33, 3, , 
2021/8/22, , 12, 28, 4, , 
2021/8/23, , 11, 34, 4, , 
2021/8/24, , 16, 41, 6, , 
2021/8/25, , 14, 41, 6, , 
2021/8/26, , 16, 41, 6, , 
2021/8/27, , 19, 38, 3, , 
2021/8/28, , 15, 37, 4, , 
2021/8/29, , 13, 32, 6, , 
2021/8/30, , 17, 35, 6, , 
2021/8/31, , 14, 24, 5, , 
2021/9/1, , 12, 40, 7, , 
2021/9/2, , 9, 37, 9, , 
2021/9/3, , 10, 47, 7, , 
2021/9/4, , 11, 43, 6, , 
2021/9/5, , 12, 33, 8, , 
2021/9/6, , 21, 30, 4, , 
2021/9/7, , 15, 36, 7, , 
2021/9/8, , 13, 27, 8, , 
2021/9/9, , 13, 29, 7, , 
2021/9/10, , 11, 34, 5, , 
2021/9/11, , 12, 36, 5, , 
2021/9/12, , 12, 23, 7, , 
2021/9/13, , 18, 16, 9, , 
2021/9/14, , 19, 29, 8, , 
2021/9/15, , 10, 28, 5, , 
2021/9/16, , 9, 34, 8, , 
2021/9/17, , 11, 24, 4, , 
2021/9/18, , 11, 31, 3, , 
2021/9/19, , 9, 26, 4, , 
2021/9/20, , 9, 27, 5, , 
2021/9/21, , 8, 26, 8, , 
2021/9/22, , 11, 32, 8, , 
2021/9/23, , 13, 22, 9, , 
2021/9/24, , 13, 25, 8, , 
2021/9/25, , 13, 36, 8, , 
2021/9/26, , 9, 29, 9, , 
2021/9/27, , 11, 28, 8, , 
2021/9/28, , 13, 29, 5, , 
2021/9/29, , 9, 27, 8, , 
2021/9/30, , 15, 26, 10, , 
2021/4/1, , 20, 40, 6, , 
2021/4/2, , 20, 28, 3, , 
2021/4/3, , 37, 37, 3, , 
2021/4/4, , 15, 37, 5, , 
2021/4/5, , 12, 38, 3, , 
2021/4/6, , 20, 37, 5, , 
2021/4/7, , 15, 33, 7, , 
2021/4/8, , 15, 25, 7, , 
2021/4/9, , 12, 32, 5, , 
2021/4/10, , 11, 32, 3, , 
2021/4/11, , 8, 37, 5, , 
2021/4/12, , 8, 34, 8, , 
2021/4/13, , 10, 35, 7, , 
2021/4/14, , 18, 34, 6, , 
2021/4/15, , 12, 40, 5, , 
2021/4/16, , 11, 38, 3, , 
2021/4/17, , 11, 39, 3, , 
2021/4/18, , 10, 39, 10, , 
2021/4/19, , 16, 40, 9, , 
2021/4/20, , 16, 39, 5, , 
2021/4/21, , 12, 36, 5, , 
2021/4/22, , 8, 43, 4, , 
2021/4/23, , 10, 39, 4, , 
2021/4/24, , 9, 39, 3, , 
2021/4/25, , 9, 35, 8, , 
2021/4/26, , 9, 31, 7, , 
2021/4/27, , 10, 37, 8, , 
2021/4/28, , 11, 31, 6, , 
2021/4/29, , 8, 33, 5, , 
2021/4/30, , 7, 42, 2, , 
2021/5/1, , 8, 42, 3, , 
2021/5/2, , 12, 36, 6, , 
2021/5/3, , 12, 41, 9, , 
2021/5/4, , 12, 31, 5, , 
2021/5/5, , 10, 36, 7, , 
2021/5/6, , 13, 33, 7, , 
2021/5/7, , 14, 43, 4, , 
2021/5/8, , 14, 34, 4, , 
2021/5/9, , 11, 36, 5, , 
2021/5/10, , 8, 36, 5, , 
2021/5/11, , 8, 33, 6, , 
2021/5/12, , 10, 29, 6, , 
2021/5/13, , 9, 35, 4, , 
2021/5/14, , 8, 22, 5, , 
2021/5/15, , 10, 28, 2, , 
2021/5/16, , 7, 35, 4, , 
2021/5/17, , 11, 33, 5, , 
2021/5/18, , 12, 35, 3, , 
2021/5/19, , 8, 40, 6, , 
2021/5/20, , 11, 37, 5, , 
2021/5/21, , 20, 34, 3, , 
2021/5/22, , 12, 28, 3, , 
2021/5/23, , 9, 32, 6, , 
2021/5/24, , 9, 36, 3, , 
2021/5/25, , 11, 34, 7, , 
2021/5/26, , 15, 42, 8, , 
2021/5/27, , 11, 42, 5, , 
2021/5/28, , 16, 40, 4, , 
2021/5/29, , 19, 38, 3, , 
2021/5/30, , 16, 37, 4, , 
2021/5/31, , 12, 29, 6, , 
2021/6/1, , 13, 44, 5, , 
2021/6/2, , 11, 38, 3, , 
2021/6/3, , 12, 25, 4, , 
2021/6/4, , 12, 35, 3, , 
2021/6/5, , 8, 37, 2, , 
2021/6/6, , 10, 42, 5, , 
2021/6/7, , 11, 48, 10, , 
2021/6/8, , 13, 45, 5, , 
2021/6/9, , 15, 49, 5, , 
2021/6/10, , 13, 40, 5, , 
2021/6/11, , 17, 49, 5, , 
2021/6/12, , 11, 45, 5, , 
2021/6/13, , 14, 50, 7, , 
2021/6/14, , 23, 45, 6, , 
2021/6/15, , 19, 40, 8, , 
2021/6/16, , 23, 39, 5, , 
2021/6/17, , 13, 41, 5, , 
2021/6/18, , 12, 32, 3, , 
2021/6/19, , 16, 33, 3, , 
2021/6/20, , 12, 37, 5, , 
2021/6/21, , 8, 30, 4, , 
2021/6/22, , 11, 34, 3, , 
2021/6/23, , 10, 36, 4, , 
2021/6/24, , 9, 45, 5, , 
2021/6/25, , 12, 38, 3, , 
2021/6/26, , 14, 42, 3, , 
2021/6/27, , 11, 36, 4, , 
2021/6/28, , 9, 34, 3, , 
2021/6/29, , 11, 43, 4, , 
2021/6/30, , 12, 44, 5, , 
2021/1/4, , 9, 16, 9, , 
2021/1/5, , 8, 16, 10, , 
2021/1/6, , 11, 6, 10, , 
2021/1/7, , 15, 11, 14, , 
2021/1/8, , 15, 18, 7, , 
2021/1/9, , 13, 20, 5, , 
2021/1/10, , 7, 23, 7, , 
2021/1/11, , 7, 24, 7, , 
2021/1/12, , 7, 24, 6, , 
2021/1/13, , 6, 25, 5, , 
2021/1/14, , 7, 26, 4, , 
2021/1/15, , 7, 27, 4, , 
2021/1/16, , 7, 24, 4, , 
2021/1/17, , 9, 19, 11, , 
2021/1/18, , 11, 9, 10, , 
2021/1/19, , 15, 8, 9, , 
2021/1/20, , 13, 25, 9, , 
2021/1/21, , 16, 25, 6, , 
2021/1/22, , 7, 25, , , 
2021/1/23, , 7, 28, , , 
2021/1/24, , 6, 19, 9, , 
2021/1/25, , 8, 17, 8, , 
2021/1/26, , 10, 14, 7, , 
2021/1/27, , 10, 8, 9, , 
2021/1/28, , 17, 15, 6, , 
2021/1/29, , 10, 28, 3, , 
2021/1/30, , 7, 25, 4, , 
2021/1/31, , 9, 21, 7, , 
2021/2/1, , 19, 18, 6, , 
2021/2/2, , 14, 15, 8, , 
2021/2/3, , 13, 16, 6, , 
2021/2/4, , 23, 18, 6, , 
2021/2/5, , 22, 24, 4, , 
2021/2/6, , 17, 27, 3, , 
2021/2/7, , 8, 23, 6, , 
2021/2/8, , 8, 24, 9, , 
2021/2/9, , 11, 25, 7, , 
2021/2/10, , 9, 14, 10, , 
2021/2/11, , 25, 27, 6, , 
2021/2/12, , 10, 25, 3, , 
2021/2/13, , 9, 24, 3, , 
2021/2/14, , 9, 23, 4, , 
2021/2/15, , 9, 21, 6, , 
2021/2/16, , 14, 15, 7, , 
2021/2/17, , 23, 15, 6, , 
2021/2/18, , 20, 17, 7, , 
2021/2/19, , 43, 30, 4, , 
2021/2/20, , 30, 31, 3, , 
2021/2/21, , 25, 24, 4, , 
2021/2/22, , 16, 25, 6, , 
2021/2/23, , 11, 21, 6, , 
2021/2/24, , 34, 21, 7, , 
2021/2/25, , 29, 21, 7, , 
2021/2/26, , 37, 28, 4, , 
2021/2/27, , 24, 24, 3, , 
2021/2/28, , 14, 22, 5, , 
2021/3/1, , 25, 22, 6, , 
2021/3/2, , 33, 19, 9, , 
2021/3/3, , 34, 24, 7, , 
2021/3/4, , 39, 23, 6, , 
2021/3/5, , 44, 26, 3, , 
2021/3/6, , 23, 28, 3, , 
2021/3/7, , 21, 23, 3, , 
2021/3/8, , 12, 30, 3, , 
2021/3/9, , 12, 31, 9, , 
2021/3/10, , 19, 21, 7, , 
2021/3/11, , 24, 27, 4, , 
2021/3/12, , 10, 30, 5, , 
2021/3/13, , 13, 32, 2, , 
2021/3/14, , 12, 34, 3, , 
2021/3/15, , 11, 34, 3, , 
2021/3/16, , 10, 33, , , 
2021/3/17, , 10, 33, 4, , 
2021/3/18, , 6, 28, 4, , 
2021/3/19, , 8, 33, 3, , 
2021/3/20, , 9, 35, 3, , 
2021/3/21, , 9, 29, 4, , 
2021/3/22, , 11, 33, 12, , 
2021/3/23, , 17, 38, 17, , 
2021/3/24, , 22, 40, 10, , 
2021/3/25, , 21, 35, 8, , 
2021/3/26, , 23, 36, 5, , 
2021/3/27, , 14, 36, 4, , 
2021/3/28, , 15, 40, 8, , 
2021/3/29, , 18, 38, 9, , 
2021/3/30, , 27, 39, 9, , 
2021/3/31, , 28, 39, 5, , 
2020/10/1, , 24, 22, 8, , 
2020/10/2, , 11, 26, 4, , 
2020/10/3, , 7, 21, 5, , 
2020/10/4, , 11, 21, 11, , 
2020/10/5, , 9, 19, 11, , 
2020/10/6, , 14, 21, 7, , 
2020/10/7, , 13, 20, 10, , 
2020/10/8, , 12, 23, 11, , 
2020/10/9, , 19, 25, 3, , 
2020/10/10, , 10, 30, 1, , 
2020/10/11, , 8, 29, 2, , 
2020/10/12, , 8, 27, 5, , 
2020/10/13, , 12, 24, 5, , 
2020/10/14, , 7, 26, 4, , 
2020/10/15, , 9, 26, 7, , 
2020/10/16, , 10, 23, 10, , 
2020/10/17, , 19, 26, 11, , 
2020/10/18, , 16, 33, 9, , 
2020/10/19, , 19, 34, 5, , 
2020/10/20, , 15, 31, 8, , 
2020/10/21, , 15, 16, 10, , 
2020/10/22, , 26, 25, 10, , 
2020/10/23, , 15, 24, 8, , 
2020/10/24, , 10, 24, 6, , 
2020/10/25, , 8, 23, 7, , 
2020/10/26, , 7, 21, 10, , 
2020/10/27, , 9, 12, 14, , 
2020/10/28, , 14, 18, 11, , 
2020/10/29, , 14, 13, 15, , 
2020/10/30, , 21, 19, 11, , 
2020/10/31, , 30, 16, 11, , 
2020/11/1, , 24, 22, 7, , 
2020/11/2, , 20, 25, 5, , 
2020/11/3, , 7, 23, 8, , 
2020/11/4, , 9, 7, 11, , 
2020/11/5, , 14, 21, 7, , 
2020/11/6, , 13, 22, 5, , 
2020/11/7, , 12, 18, 5, , 
2020/11/8, , 7, 6, 11, , 
2020/11/9, , 12, 16, 11, , 
2020/11/10, , 13, 9, 7, , 
2020/11/11, , 11, 9, 8, , 
2020/11/12, , 13, 8, 9, , 
2020/11/13, , 13, 10, 6, , 
2020/11/14, , 18, 6, 7, , 
2020/11/15, , 13, 24, 6, , 
2020/11/16, , 8, 11, 13, , 
2020/11/17, , 16, 10, 13, , 
2020/11/18, , 21, 27, 6, , 
2020/11/19, , 12, 28, 4, , 
2020/11/20, , 11, 19, 9, , 
2020/11/21, , 14, 15, 9, , 
2020/11/22, , 21, 6, 16, , 
2020/11/23, , 24, 13, 12, , 
2020/11/24, , 31, 13, 11, , 
2020/11/25, , 24, 6, 15, , 
2020/11/26, , 20, 15, 16, , 
2020/11/27, , 12, 17, 9, , 
2020/11/28, , 10, 17, 9, , 
2020/11/29, , 14, 5, 12, , 
2020/11/30, , 17, 21, 8, , 
2020/12/1, , 13, 26, 4, , 
2020/12/2, , 7, 22, 10, , 
2020/12/3, , 10, 22, 9, , 
2020/12/4, , 8, 18, 8, , 
2020/12/5, , 8, 22, 5, , 
2020/12/6, , 8, 11, 8, , 
2020/12/7, , 8, 23, 5, , 
2020/12/8, , 6, 19, 8, , 
2020/12/9, , 5, 15, 12, , 
2020/12/10, , 9, 5, 14, , 
2020/12/11, , 13, 20, 6, , 
2020/12/12, , 8, 15, 7, , 
2020/12/13, , 10, 6, 10, , 
2020/12/14, , 13, 12, 13, , 
2020/12/15, , 14, 6, 13, , 
2020/12/16, , 15, 6, 13, , 
2020/12/17, , 20, 5, 8, , 
2020/12/18, , 12, 4, 5, , 
2020/12/19, , 9, 12, 8, , 
2020/12/20, , 10, 3, 10, , 
2020/12/21, , 12, 1, 8, , 
2020/12/22, , 13, 1, 7, , 
2020/12/23, , 11, 21, 6, , 
2020/12/24, , 7, 27, 2, , 
2020/12/25, , 6, 27, 3, , 
2020/12/26, , 6, 22, 6, , 
2020/12/27, , 10, 25, 5, , 
2020/12/28, , 8, 18, 10, , 
2020/12/29, , 8, 21, 8, , 
2020/12/30, , 7, 21, 9, , 
2020/12/31, , 8, 26, 3, , 
2021/1/1, , 7, 21, 3, , 
2021/1/2, , 9, , , , 
2020/7/1, , 16, 27, 4, , 
2020/7/2, , 10, 31, 3, , 
2020/7/3, , 13, 36, 3, , 
2020/7/4, , 11, 31, 3, , 
2020/7/5, , 11, 22, 3, , 
2020/7/6, , 14, 37, 4, , 
2020/7/7, , 14, 39, 6, , 
2020/7/8, , 24, 36, 6, , 
2020/7/9, , 26, 35, 4, , 
2020/7/10, , 15, 33, 3, , 
2020/7/11, , 10, 28, 4, , 
2020/7/12, , 14, 40, 4, , 
2020/7/13, , 11, 37, 4, , 
2020/7/14, , 16, 30, 3, , 
2020/7/15, , 12, 27, 3, , 
2020/7/16, , 12, 28, 4, , 
2020/7/17, , 11, 33, 5, , 
2020/7/18, , 11, 39, 4, , 
2020/7/19, , 17, 35, 4, , 
2020/7/20, , 14, 32, 5, , 
2020/7/21, , 20, 37, 5, , 
2020/7/22, , 17, 42, 6, , 
2020/7/23, , 19, 41, 4, , 
2020/7/24, , 18, 37, 4, , 
2020/7/25, , 15, 42, 4, , 
2020/7/26, , 14, 42, 4, , 
2020/7/27, , 18, 36, 4, , 
2020/7/28, , 19, 37, 4, , 
2020/7/29, , 15, 39, 5, , 
2020/7/30, , 22, 49, 7, , 
2020/7/31, , 22, 31, 3, , 
2020/8/1, , 17, 21, 2, , 
2020/8/2, , 8, 28, 3, , 
2020/8/3, , 12, 25, 3, , 
2020/8/4, , 10, 35, 6, , 
2020/8/5, , 13, 36, 5, , 
2020/8/6, , 19, 39, 5, , 
2020/8/7, , 20, 42, 4, , 
2020/8/8, , 22, 40, 3, , 
2020/8/9, , 18, 35, 5, , 
2020/8/10, , 20, 34, 4, , 
2020/8/11, , 16, 33, 5, , 
2020/8/12, , 10, 44, 5, , 
2020/8/13, , 15, 40, 3, , 
2020/8/14, , 13, 41, 2, , 
2020/8/15, , 18, 32, 3, , 
2020/8/16, , 10, 31, 4, , 
2020/8/17, , 12, 21, 5, , 
2020/8/18, , 11, 36, 5, , 
2020/8/19, , 16, 38, 4, , 
2020/8/20, , 16, 40, 4, , 
2020/8/21, , 14, 30, 2, , 
2020/8/22, , 10, 32, 2, , 
2020/8/23, , 10, 29, 4, , 
2020/8/24, , 13, 40, 9, , 
2020/8/25, , 26, 43, 5, , 
2020/8/26, , 19, 35, 5, , 
2020/8/27, , 16, 21, 3, , 
2020/8/28, , 15, 26, 2, , 
2020/8/29, , 12, 28, 2, , 
2020/8/30, , 13, 33, 6, , 
2020/8/31, , 14, 32, 7, , 
2020/9/1, , 20, 37, 4, , 
2020/9/2, , 14, 43, 6, , 
2020/9/3, , 15, 39, 5, , 
2020/9/4, , 24, 39, 3, , 
2020/9/5, , 22, 30, 2, , 
2020/9/6, , 14, 28, 2, , 
2020/9/7, , 16, 35, 4, , 
2020/9/8, , 13, 36, 5, , 
2020/9/9, , 28, 41, 11, , 
2020/9/10, , 19, 36, 12, , 
2020/9/11, , 19, 35, 7, , 
2020/9/12, , 18, 38, 5, , 
2020/9/13, , 20, 34, 9, , 
2020/9/14, , 18, 31, 8, , 
2020/9/15, , 16, 36, 12, , 
2020/9/16, , 26, 27, 7, , 
2020/9/17, , 29, 24, 7, , 
2020/9/18, , 17, 24, 6, , 
2020/9/19, , 10, 26, 6, , 
2020/9/20, , 8, 30, 8, , 
2020/9/21, , 9, 33, 11, , 
2020/9/22, , 11, 25, 12, , 
2020/9/23, , 19, 27, 9, , 
2020/9/24, , 11, 26, 3, , 
2020/9/25, , 10, 25, 3, , 
2020/9/26, , 10, 29, 2, , 
2020/9/27, , 8, 30, 4, , 
2020/9/28, , 11, 28, 12, , 
2020/9/29, , 15, 32, 14, , 
2020/9/30, , 25, 28, 13, , 
2020/4/1, , 10, 23, 7, , 
2020/4/2, , 6, 31, 5, , 
2020/4/3, , 10, 27, 5, , 
2020/4/4, , 10, 27, 4, , 
2020/4/5, , 11, 26, 5, , 
2020/4/6, , 10, 25, 5, , 
2020/4/7, , 10, 30, 6, , 
2020/4/8, , 10, 29, 3, , 
2020/4/9, , 10, 25, 3, , 
2020/4/10, , 11, 25, 1, , 
2020/4/11, , 8, 32, 1, , 
2020/4/12, , 12, 30, 1, , 
2020/4/13, , 11, 27, , , 
2020/4/14, , 9, 25, , , 
2020/4/15, , 12, 27, 3, , 
2020/4/16, , 11, 22, 5, , 
2020/4/17, , 11, 25, 4, , 
2020/4/18, , 12, 20, 2, , 
2020/4/19, , 8, 24, 3, , 
2020/4/20, , 7, 19, 5, , 
2020/4/21, , 7, 25, 3, , 
2020/4/22, , 7, 27, 4, , 
2020/4/23, , 7, 26, 4, , 
2020/4/24, , 9, 31, 3, , 
2020/4/25, , 13, 23, 2, , 
2020/4/26, , 9, 27, 4, , 
2020/4/27, , 8, 26, 4, , 
2020/4/28, , 8, 24, 5, , 
2020/4/29, , 7, 25, 4, , 
2020/4/30, , 8, 18, 2, , 
2020/5/1, , 7, 16, 3, , 
2020/5/2, , 8, 22, 2, , 
2020/5/3, , 8, 25, 4, , 
2020/5/4, , 12, 27, 5, , 
2020/5/5, , 9, 29, 6, , 
2020/5/6, , 15, 28, 5, , 
2020/5/7, , 16, 29, 4, , 
2020/5/8, , 12, 26, 3, , 
2020/5/9, , 13, 20, 2, , 
2020/5/10, , 11, 23, 5, , 
2020/5/11, , 7, 21, 5, , 
2020/5/12, , 9, 24, 5, , 
2020/5/13, , 9, 18, 5, , 
2020/5/14, , 9, 22, 3, , 
2020/5/15, , 7, 26, 2, , 
2020/5/16, , 9, 31, 2, , 
2020/5/17, , 9, 30, 4, , 
2020/5/18, , 10, 28, 4, , 
2020/5/19, , 11, 29, 6, , 
2020/5/20, , 11, 32, 6, , 
2020/5/21, , 14, 35, 10, , 
2020/5/22, , 21, 21, 7, , 
2020/5/23, , 14, 25, 8, , 
2020/5/24, , 10, 17, 4, , 
2020/5/25, , 16, 29, 4, , 
2020/5/26, , 17, 32, 5, , 
2020/5/27, , 18, 32, 5, , 
2020/5/28, , 12, 31, 6, , 
2020/5/29, , 16, 33, 3, , 
2020/5/30, , 15, 28, 3, , 
2020/5/31, , 12, 32, 5, , 
2020/6/1, , 11, 33, 6, , 
2020/6/2, , 18, 27, 5, , 
2020/6/3, , 15, 28, 4, , 
2020/6/4, , 10, 24, 4, , 
2020/6/5, , 8, 26, 4, , 
2020/6/6, , 16, 22, 2, , 
2020/6/7, , 7, 23, 3, , 
2020/6/8, , 8, 26, 4, , 
2020/6/9, , 8, 26, 5, , 
2020/6/10, , 10, 30, 8, , 
2020/6/11, , 19, 29, 5, , 
2020/6/12, , 8, 35, 4, , 
2020/6/13, , 8, 36, 4, , 
2020/6/14, , 11, 32, 5, , 
2020/6/15, , 11, 27, 5, , 
2020/6/16, , 8, 32, 4, , 
2020/6/17, , 7, 38, 5, , 
2020/6/18, , 9, 34, 5, , 
2020/6/19, , 12, 36, 3, , 
2020/6/20, , 13, 36, 3, , 
2020/6/21, , 15, 32, 4, , 
2020/6/22, , 12, 40, 6, , 
2020/6/23, , 19, 38, 4, , 
2020/6/24, , 15, 36, 5, , 
2020/6/25, , 21, 35, 6, , 
2020/6/26, , 17, 36, 5, , 
2020/6/27, , 13, 36, 4, , 
2020/6/28, , 10, 29, 4, , 
2020/6/29, , 10, 35, 4, , 
2020/6/30, , 13, 39, 5, , 
2020/1/1, , 10, 4, 12, , 
2020/1/2, , 12, 3, 13, , 
2020/1/3, , 11, 14, 11, , 
2020/1/4, , 14, 10, 10, , 
2020/1/5, , 6, 6, 7, , 
2020/1/6, , 7, 4, 11, , 
2020/1/7, , 10, 3, 11, , 
2020/1/8, , 9, 2, 12, , 
2020/1/9, , 11, 18, 12, , 
2020/1/10, , 11, 17, 15, , 
2020/1/11, , 10, 7, 11, , 
2020/1/12, , 9, 2, 11, , 
2020/1/13, , 11, 2, 11, , 
2020/1/14, , 10, 3, 13, , 
2020/1/15, , 11, 9, 15, , 
2020/1/16, , 15, 16, 16, , 
2020/1/17, , 13, 13, 13, , 
2020/1/18, , 15, 18, 6, , 
2020/1/19, , 5, 16, 9, , 
2020/1/20, , 8, 11, 14, , 
2020/1/21, , 9, 7, 15, , 
2020/1/22, , 7, 13, 15, , 
2020/1/23, , 10, 7, 16, , 
2020/1/24, , 22, 8, 13, , 
2020/1/25, , 34, 15, 13, , 
2020/1/26, , 13, 16, 17, , 
2020/1/27, , 12, 14, 15, , 
2020/1/28, , 9, 11, 16, , 
2020/1/29, , 10, 16, 15, , 
2020/1/30, , 9, 13, 16, , 
2020/1/31, , 9, 10, 13, , 
2020/2/1, , 10, 10, 12, , 
2020/2/2, , 10, 7, 16, , 
2020/2/3, , 20, 22, 9, , 
2020/2/4, , 15, 20, 15, , 
2020/2/5, , 11, 13, 16, , 
2020/2/6, , 14, 14, 19, , 
2020/2/7, , 14, 11, 13, , 
2020/2/8, , 14, 11, 13, , 
2020/2/9, , 19, 11, 15, , 
2020/2/10, , 12, 13, 14, , 
2020/2/11, , 9, 14, 16, , 
2020/2/12, , 9, 11, 13, , 
2020/2/13, , 10, 20, 11, , 
2020/2/14, , 9, , , , 
2020/2/17, , 11, 20, 10, , 
2020/2/18, , 9, 22, 2, , 
2020/2/19, , 13, 16, 13, , 
2020/2/20, , 18, 19, 13, , 
2020/2/21, , 15, 17, 13, , 
2020/2/22, , 20, 19, 12, , 
2020/2/23, , 18, 19, 17, , 
2020/2/24, , 26, 20, 12, , 
2020/2/25, , 18, 24, 8, , 
2020/2/26, , 7, 18, 12, , 
2020/2/27, , 19, 18, 10, , 
2020/2/28, , 43, 22, 9, , 
2020/2/29, , 28, 23, 5, , 
2020/3/1, , 7, 22, 6, , 
2020/3/2, , 6, 22, 7, , 
2020/3/3, , 7, 15, 11, , 
2020/3/4, , 8, 24, 7, , 
2020/3/5, , 7, 24, 7, , 
2020/3/6, , 5, 23, 4, , 
2020/3/7, , 6, 21, 8, , 
2020/3/8, , 9, 23, 6, , 
2020/3/9, , 7, 20, 11, , 
2020/3/10, , 13, 22, 15, , 
2020/3/11, , 15, 20, 11, , 
2020/3/12, , 21, 22, 6, , 
2020/3/13, , 7, 26, 6, , 
2020/3/14, , 10, 20, 5, , 
2020/3/15, , 11, 18, 7, , 
2020/3/16, , 6, 10, 10, , 
2020/3/17, , 6, 14, 8, , 
2020/3/18, , 10, 24, , , 
2020/3/19, , 11, 25, 9, , 
2020/3/20, , 11, 29, 7, , 
2020/3/21, , 11, 25, 4, , 
2020/3/22, , 11, 19, 7, , 
2020/3/23, , 14, 24, 9, , 
2020/3/24, , 17, 21, 5, , 
2020/3/25, , 10, 30, 6, , 
2020/3/26, , 11, 28, 8, , 
2020/3/27, , 9, 29, 6, , 
2020/3/28, , 11, 30, 4, , 
2020/3/29, , 14, 23, 4, , 
2020/3/30, , 7, 20, 6, , 
2020/3/31, , 7, 16, 9, , 
2019/10/1, , 19, 20, 10, , 
2019/10/2, , 10, 20, 11, , 
2019/10/3, , 8, 18, 14, , 
2019/10/4, , 15, 22, 11, , 
2019/10/5, , 10, 20, 7, , 
2019/10/6, , 8, 22, 8, , 
2019/10/7, , 17, 21, 18, , 
2019/10/8, , 17, 18, 14, , 
2019/10/9, , 11, 21, 18, , 
2019/10/10, , 13, 20, 16, , 
2019/10/11, , 26, 22, 9, , 
2019/10/12, , 13, 23, 7, , 
2019/10/13, , 12, 17, 15, , 
2019/10/14, , 14, 33, 15, , 
2019/10/15, , 10, 16, 22, , 
2019/10/16, , 12, 11, 22, , 
2019/10/17, , 16, 8, 19, , 
2019/10/18, , 15, 19, 16, , 
2019/10/19, , 12, 20, 11, , 
2019/10/20, , 6, 17, 15, , 
2019/10/21, , 6, 10, 14, , 
2019/10/22, , 8, 12, 16, , 
2019/10/23, , 9, 19, 15, , 
2019/10/24, , 5, 12, 22, , 
2019/10/25, , 10, 16, 10, , 
2019/10/26, , 8, 20, 10, , 
2019/10/27, , 8, 12, 15, , 
2019/10/28, , 12, 11, 20, , 
2019/10/29, , 25, 11, 23, , 
2019/10/30, , 17, 18, 14, , 
2019/10/31, , 12, 12, 11, , 
2019/11/1, , 10, 17, 6, , 
2019/11/2, , 6, 21, 7, , 
2019/11/3, , 5, 20, 8, , 
2019/11/4, , 6, 17, 11, , 
2019/11/5, , 8, 15, 8, , 
2019/11/6, , 6, 15, 14, , 
2019/11/7, , 9, 17, 12, , 
2019/11/8, , 6, 18, 10, , 
2019/11/9, , 6, 20, 5, , 
2019/11/10, , 5, 17, 9, , 
2019/11/11, , 6, 19, 12, , 
2019/11/12, , 8, 17, 16, , 
2019/11/13, , 6, 18, 14, , 
2019/11/14, , 6, 15, 15, , 
2019/11/15, , 6, 16, 12, , 
2019/11/16, , 6, 13, 13, , 
2019/11/17, , 7, 17, 9, , 
2019/11/18, , 5, 15, 18, , 
2019/11/19, , 9, 9, 15, , 
2019/11/20, , 11, 6, 17, , 
2019/11/21, , 15, 6, 16, , 
2019/11/22, , 12, 22, 12, , 
2019/11/23, , 5, 17, 10, , 
2019/11/24, , 5, 7, 19, , 
2019/11/25, , 12, 6, 18, , 
2019/11/26, , 11, 19, 16, , 
2019/11/27, , 7, 17, 13, , 
2019/11/28, , 7, 15, 17, , 
2019/11/29, , 8, 12, 11, , 
2019/11/30, , 8, 17, 11, , 
2019/12/1, , 6, 14, 11, , 
2019/12/2, , 7, 11, 14, , 
2019/12/3, , 11, 3, 18, , 
2019/12/4, , 10, 8, 19, , 
2019/12/5, , 8, 13, 14, , 
2019/12/6, , 11, 7, 12, , 
2019/12/7, , 12, 3, 10, , 
2019/12/8, , 9, 18, 8, , 
2019/12/9, , 5, 17, 14, , 
2019/12/10, , 10, 9, 19, , 
2019/12/11, , 11, 13, , , 
2019/12/12, , 8, 5, 16, , 
2019/12/13, , 11, 8, 15, , 
2019/12/14, , 6, 17, 15, , 
2019/12/15, , 8, 13, 13, , 
2019/12/16, , 10, 14, 17, , 
2019/12/17, , 20, 9, 17, , 
2019/12/18, , 11, 7, 12, , 
2019/12/19, , 16, 17, 13, , 
2019/12/20, , 5, 16, 11, , 
2019/12/21, , 11, 23, 7, , 
2019/12/22, , 7, 17, 16, , 
2019/12/23, , 9, 8, 14, , 
2019/12/24, , 10, 3, 13, , 
2019/12/25, , 10, 17, 10, , 
2019/12/26, , 8, 11, 16, , 
2019/12/27, , 12, 3, 9, , 
2019/12/28, , 10, 7, 8, , 
2019/12/29, , 8, , , , 
2019/7/23, , 18, 46, 10, , 
2019/7/24, , 25, 43, , , 
2019/7/25, , 16, 30, 9, , 
2019/7/26, , 15, 24, 6, , 
2019/7/27, , 6, 25, 6, , 
2019/7/28, , 6, 40, 13, , 
2019/7/29, , 9, 30, 7, , 
2019/7/30, , 10, 32, 8, , 
2019/7/31, , 11, 38, 7, , 
2019/8/1, , 14, 37, 10, , 
2019/8/2, , 11, 45, 8, , 
2019/8/3, , 13, 48, 7, , 
2019/8/4, , 14, 42, 8, , 
2019/8/5, , 18, 41, 10, , 
2019/8/6, , 17, 27, 11, , 
2019/8/7, , 16, 29, 10, , 
2019/8/8, , 10, 24, 9, , 
2019/8/9, , 19, 36, 7, , 
2019/8/10, , 12, 32, 6, , 
2019/8/11, , 10, 31, 6, , 
2019/8/12, , 12, 29, 7, , 
2019/8/13, , 10, 31, 9, , 
2019/8/14, , 12, 27, 6, , 
2019/8/15, , 7, 34, 8, , 
2019/8/16, , 9, 39, 7, , 
2019/8/17, , 14, 38, 5, , 
2019/8/18, , 15, 24, 6, , 
2019/8/19, , 12, 27, 8, , 
2019/8/20, , 7, 30, 12, , 
2019/8/21, , 11, 39, 13, , 
2019/8/22, , 10, 45, 13, , 
2019/8/23, , 13, 27, 9, , 
2019/8/24, , 13, 33, 6, , 
2019/8/25, , 11, 36, 10, , 
2019/8/26, , 14, 37, 8, , 
2019/8/27, , 8, 40, 13, , 
2019/8/28, , 13, 44, 15, , 
2019/8/29, , 15, 42, 12, , 
2019/8/30, , 15, 44, 10, , 
2019/8/31, , 13, 29, 6, , 
2019/9/1, , 10, 29, 6, , 
2019/9/2, , 11, 32, 12, , 
2019/9/3, , 12, 38, 11, , 
2019/9/4, , 19, 27, 6, , 
2019/9/5, , 20, 28, 7, , 
2019/9/6, , 11, 32, 7, , 
2019/9/7, , 10, 25, 6, , 
2019/9/8, , 7, 28, 10, , 
2019/9/9, , 13, 25, 6, , 
2019/9/10, , 10, 31, 8, , 
2019/9/11, , 16, 35, 12, , 
2019/9/12, , 13, 32, 19, , 
2019/9/13, , 20, 34, 10, , 
2019/9/14, , 10, 34, 9, , 
2019/9/15, , 11, 33, 14, , 
2019/9/16, , 14, 34, 20, , 
2019/9/17, , 25, 32, 14, , 
2019/9/18, , 12, 36, 14, , 
2019/9/19, , 18, 35, 9, , 
2019/9/20, , 15, 36, 7, , 
2019/9/21, , 11, 23, 8, , 
2019/9/22, , 8, 25, 13, , 
2019/9/23, , 9, 23, 13, , 
2019/9/24, , 11, 19, 11, , 
2019/9/25, , 10, 22, 17, , 
2019/9/26, , 16, 22, 21, , 
2019/9/27, , 22, 26, 12, , 
2019/9/28, , 14, 26, 14, , 
2019/9/29, , 14, 19, 17, , 
2019/9/30, , 15, 20, 16, , 
2024/4/28, , , 27, , , 
2023/6/25, , , 32, 3, , 
2022/11/27, , , 19, 9, , 
2022/11/28, , , 25, 7, , 
2022/12/9, , , 26, 6, , 
2022/7/9, , , 45, 5, , 
2022/8/5, , , 43, 4, , 
2022/8/21, , , 21, 3, , 
2022/9/6, , , 33, 8, , 
2022/9/9, , , 33, 5, , 
2022/4/16, , , 38, 4, , 
2022/1/2, , , 1, 11, , 
2022/1/21, , , 23, 13, , 
2021/1/3, , , 14, 11, , 
2019/12/31, , , 6, 7, , 
2020/2/16, , , 19, 10, , 
2019/7/22, , , 47, 11, , 